age,age_cat,sex,race,priors_count,c_charge_degree,juv_fel_count,juv_misd_count,juv_other_count,target,age_group
69,Greater than 45,Male,Other,0,F,0,0,0,0,3
34,25 - 45,Male,African-American,0,F,0,0,0,1,2
24,Less than 25,Male,African-American,4,F,0,0,1,1,0
23,Less than 25,Male,African-American,1,F,0,1,0,0,0
43,25 - 45,Male,Other,2,F,0,0,0,0,3
44,25 - 45,Male,Other,0,M,0,0,0,0,3
41,25 - 45,Male,Caucasian,14,F,0,0,0,1,2
43,25 - 45,Male,Other,3,F,0,0,0,0,3
39,25 - 45,Female,Caucasian,0,M,0,0,0,0,2
21,Less than 25,Male,Caucasian,1,F,0,0,0,1,0
27,25 - 45,Male,Caucasian,0,F,0,0,0,0,1
23,Less than 25,Male,African-American,3,M,0,0,0,1,0
37,25 - 45,Female,Caucasian,0,M,0,0,0,0,2
41,25 - 45,Male,African-American,0,F,0,0,0,0,2
47,Greater than 45,Female,Caucasian,1,F,0,0,0,1,3
31,25 - 45,Male,African-American,7,F,0,0,0,1,1
37,25 - 45,Male,Hispanic,0,M,0,0,0,0,2
25,25 - 45,Male,African-American,3,F,0,0,0,0,0
31,25 - 45,Male,Caucasian,6,F,0,0,0,1,1
31,25 - 45,Male,Caucasian,5,F,0,0,0,1,1
64,Greater than 45,Male,African-American,13,F,0,0,0,1,3
21,Less than 25,Male,African-American,1,F,0,0,0,1,0
27,25 - 45,Male,Caucasian,0,M,0,0,0,1,1
21,Less than 25,Female,Caucasian,0,F,0,0,0,0,0
24,Less than 25,Male,Hispanic,1,F,0,0,0,1,0
43,25 - 45,Male,Caucasian,1,M,0,0,0,0,3
32,25 - 45,Male,Other,0,M,0,0,0,0,2
27,25 - 45,Male,African-American,8,F,0,0,0,1,1
36,25 - 45,Female,Caucasian,3,F,0,0,0,0,2
26,25 - 45,Male,African-American,5,F,0,0,1,1,1
33,25 - 45,Male,African-American,0,F,0,0,0,1,2
30,25 - 45,Male,Caucasian,9,F,0,0,0,1,1
32,25 - 45,Male,African-American,4,F,0,0,0,1,2
55,Greater than 45,Male,Caucasian,0,F,0,0,0,0,3
49,Greater than 45,Male,Other,7,F,0,0,0,1,3
26,25 - 45,Male,Caucasian,6,M,0,0,2,0,1
33,25 - 45,Female,Caucasian,4,M,0,0,0,1,2
24,Less than 25,Male,Caucasian,1,M,0,0,0,1,0
34,25 - 45,Male,African-American,21,F,2,1,3,1,2
29,25 - 45,Male,Caucasian,0,M,0,0,0,0,1
21,Less than 25,Female,African-American,2,F,0,0,0,0,0
51,Greater than 45,Male,African-American,2,M,0,0,0,0,3
29,25 - 45,Male,Caucasian,2,M,0,0,0,1,1
51,Greater than 45,Female,African-American,7,F,0,0,0,0,3
29,25 - 45,Male,African-American,0,F,0,0,0,1,1
25,25 - 45,Male,Caucasian,9,M,0,0,0,1,0
35,25 - 45,Male,African-American,13,F,1,0,4,1,2
49,Greater than 45,Male,Caucasian,0,M,0,0,0,0,3
34,25 - 45,Male,African-American,4,M,0,0,0,1,2
29,25 - 45,Male,African-American,0,F,0,0,0,0,1
29,25 - 45,Male,Caucasian,1,F,0,0,0,1,1
28,25 - 45,Female,Other,0,F,0,0,0,0,1
48,Greater than 45,Male,Caucasian,20,F,0,0,0,1,3
63,Greater than 45,Female,Hispanic,1,F,0,0,0,0,3
31,25 - 45,Male,African-American,15,F,0,0,1,0,1
24,Less than 25,Male,African-American,2,F,0,0,0,1,0
30,25 - 45,Male,Hispanic,0,M,0,0,0,0,1
49,Greater than 45,Male,African-American,4,M,0,0,0,0,3
53,Greater than 45,Male,Caucasian,8,F,0,0,0,0,3
35,25 - 45,Male,African-American,5,F,0,0,0,0,2
63,Greater than 45,Male,African-American,10,M,0,0,0,1,3
27,25 - 45,Male,African-American,15,F,1,1,2,1,1
38,25 - 45,Male,Caucasian,4,M,0,0,0,1,2
22,Less than 25,Male,African-American,1,F,0,0,1,1,0
22,Less than 25,Male,African-American,2,F,0,1,2,1,0
29,25 - 45,Male,African-American,4,F,0,0,0,1,1
62,Greater than 45,Male,Hispanic,0,M,0,0,0,0,3
27,25 - 45,Male,African-American,6,F,0,1,0,1,1
33,25 - 45,Male,Other,0,M,0,0,0,0,2
56,Greater than 45,Female,African-American,0,M,0,0,0,0,3
45,Greater than 45,Male,Hispanic,6,F,0,0,0,1,3
22,Less than 25,Male,Hispanic,1,F,0,0,0,0,0
39,25 - 45,Male,African-American,1,M,0,0,0,0,2
29,25 - 45,Male,African-American,5,F,0,0,0,1,1
27,25 - 45,Male,Caucasian,1,F,0,0,1,1,1
40,25 - 45,Male,African-American,2,F,0,0,0,0,2
22,Less than 25,Male,African-American,1,M,0,0,0,1,0
22,Less than 25,Male,Caucasian,0,F,0,0,0,0,0
26,25 - 45,Female,African-American,1,F,0,0,0,1,1
27,25 - 45,Male,Caucasian,1,F,0,0,0,1,1
32,25 - 45,Male,African-American,0,F,0,0,0,0,2
41,25 - 45,Male,African-American,1,M,0,0,0,0,2
30,25 - 45,Male,African-American,8,M,0,0,0,1,1
50,Greater than 45,Male,Other,0,F,0,0,0,1,3
25,25 - 45,Male,African-American,14,F,1,6,1,1,0
20,Less than 25,Male,Other,0,F,0,0,0,1,0
22,Less than 25,Male,African-American,2,F,1,0,0,1,0
23,Less than 25,Male,African-American,2,M,0,0,1,1,0
35,25 - 45,Female,African-American,1,M,0,0,0,0,2
36,25 - 45,Male,African-American,9,F,0,0,0,1,2
26,25 - 45,Male,Caucasian,7,F,0,0,0,1,1
21,Less than 25,Male,Other,1,F,0,0,0,1,0
25,25 - 45,Male,Caucasian,9,F,0,0,0,1,0
71,Greater than 45,Male,African-American,12,M,0,0,0,0,3
20,Less than 25,Female,Caucasian,0,F,0,0,0,0,0
39,25 - 45,Male,Caucasian,2,F,0,0,0,1,2
66,Greater than 45,Male,Caucasian,3,F,0,0,0,0,3
54,Greater than 45,Female,Caucasian,0,M,0,0,0,0,3
44,25 - 45,Female,Hispanic,0,M,0,0,0,0,3
19,Less than 25,Male,African-American,1,M,0,0,0,1,0
24,Less than 25,Male,African-American,1,F,0,0,0,0,0
30,25 - 45,Male,African-American,1,F,0,0,0,0,1
39,25 - 45,Female,Caucasian,0,F,0,0,0,1,2
24,Less than 25,Male,Caucasian,8,F,0,1,2,1,0
30,25 - 45,Male,Caucasian,0,F,0,0,0,0,1
31,25 - 45,Male,Caucasian,0,M,0,0,0,0,1
39,25 - 45,Female,Caucasian,1,F,0,0,0,0,2
59,Greater than 45,Male,African-American,14,F,0,0,0,1,3
43,25 - 45,Male,Caucasian,1,F,0,0,0,0,3
21,Less than 25,Male,African-American,3,F,0,0,0,1,0
38,25 - 45,Male,Caucasian,5,M,0,0,0,1,2
34,25 - 45,Male,Caucasian,0,F,0,0,0,0,2
33,25 - 45,Male,African-American,5,F,0,0,0,1,2
37,25 - 45,Male,African-American,3,F,0,0,0,0,2
42,25 - 45,Male,Caucasian,1,F,0,0,0,1,2
41,25 - 45,Male,African-American,10,F,0,1,0,1,2
22,Less than 25,Male,African-American,0,F,0,0,0,1,0
33,25 - 45,Male,African-American,28,F,0,12,2,1,2
31,25 - 45,Male,African-American,1,M,0,0,0,0,1
30,25 - 45,Female,Other,1,F,0,0,0,0,1
31,25 - 45,Male,Caucasian,13,F,0,0,0,1,1
27,25 - 45,Male,African-American,3,F,0,0,0,1,1
56,Greater than 45,Male,African-American,8,F,0,0,0,0,3
52,Greater than 45,Male,Caucasian,3,M,0,0,0,0,3
33,25 - 45,Male,African-American,19,F,0,0,0,1,2
64,Greater than 45,Female,Caucasian,2,M,0,0,0,0,3
22,Less than 25,Male,Caucasian,4,F,0,0,0,1,0
42,25 - 45,Male,Caucasian,6,F,0,0,0,0,2
25,25 - 45,Female,Caucasian,2,F,0,0,0,0,0
30,25 - 45,Male,Caucasian,1,M,0,0,0,0,1
28,25 - 45,Male,Caucasian,2,F,0,0,0,0,1
37,25 - 45,Female,Other,2,M,0,0,0,0,2
28,25 - 45,Male,Caucasian,0,M,0,0,0,1,1
24,Less than 25,Female,African-American,0,M,0,0,0,0,0
29,25 - 45,Female,Caucasian,10,F,0,1,0,1,1
44,25 - 45,Male,Caucasian,2,M,0,0,0,1,3
30,25 - 45,Female,Hispanic,4,F,0,0,0,1,1
32,25 - 45,Male,African-American,3,F,0,0,0,1,2
31,25 - 45,Male,Caucasian,2,M,0,0,0,1,1
31,25 - 45,Male,African-American,1,M,0,0,0,0,1
59,Greater than 45,Male,Caucasian,1,F,0,0,0,1,3
45,Greater than 45,Female,Caucasian,4,F,0,0,0,0,3
20,Less than 25,Female,African-American,1,F,1,0,0,0,0
43,25 - 45,Female,Caucasian,0,M,0,0,0,0,3
38,25 - 45,Male,African-American,9,F,1,1,0,1,2
32,25 - 45,Male,African-American,11,F,0,0,0,1,2
33,25 - 45,Male,African-American,8,M,0,0,0,1,2
31,25 - 45,Female,African-American,0,F,0,0,0,1,1
33,25 - 45,Female,African-American,7,F,0,0,0,1,2
27,25 - 45,Male,African-American,2,F,0,0,0,1,1
20,Less than 25,Female,African-American,0,F,0,0,0,0,0
26,25 - 45,Female,Caucasian,0,M,0,0,0,0,1
61,Greater than 45,Female,African-American,1,F,0,0,0,1,3
52,Greater than 45,Male,Other,13,F,0,0,0,1,3
63,Greater than 45,Male,Hispanic,1,F,0,0,0,0,3
32,25 - 45,Female,African-American,4,F,0,0,0,1,2
29,25 - 45,Male,Hispanic,1,F,0,0,0,0,1
46,Greater than 45,Female,Other,1,F,0,0,0,0,3
26,25 - 45,Female,African-American,2,M,0,0,0,1,1
55,Greater than 45,Male,African-American,3,M,0,0,0,0,3
39,25 - 45,Male,Caucasian,1,M,1,0,0,0,2
30,25 - 45,Female,Caucasian,3,F,0,0,0,1,1
30,25 - 45,Male,African-American,1,F,0,0,0,0,1
48,Greater than 45,Male,Caucasian,2,M,0,0,0,0,3
22,Less than 25,Male,African-American,1,F,0,0,0,0,0
46,Greater than 45,Male,Caucasian,6,F,0,0,0,1,3
49,Greater than 45,Female,Caucasian,6,F,0,0,0,0,3
31,25 - 45,Male,Caucasian,0,F,0,0,0,0,1
25,25 - 45,Male,African-American,1,M,0,0,0,1,0
23,Less than 25,Male,Hispanic,0,F,0,0,0,0,0
32,25 - 45,Female,African-American,5,F,0,0,0,0,2
52,Greater than 45,Male,Hispanic,2,M,0,0,0,0,3
62,Greater than 45,Male,African-American,8,F,0,0,0,0,3
37,25 - 45,Female,Caucasian,6,F,0,0,0,0,2
55,Greater than 45,Male,Caucasian,1,F,0,0,0,0,3
31,25 - 45,Male,Hispanic,8,F,0,0,0,1,1
28,25 - 45,Male,African-American,6,M,0,0,0,1,1
54,Greater than 45,Male,Hispanic,2,F,0,0,0,0,3
58,Greater than 45,Male,Hispanic,0,F,0,0,0,0,3
78,Greater than 45,Male,Caucasian,1,M,0,0,0,1,3
56,Greater than 45,Male,Caucasian,0,F,0,0,0,0,3
24,Less than 25,Male,Other,0,F,0,0,0,0,0
38,25 - 45,Male,African-American,22,F,2,2,1,1,2
22,Less than 25,Male,African-American,1,F,0,0,0,1,0
47,Greater than 45,Male,African-American,23,M,0,0,0,1,3
23,Less than 25,Male,African-American,0,M,0,0,0,1,0
57,Greater than 45,Male,Hispanic,1,F,0,0,0,0,3
38,25 - 45,Female,Caucasian,2,F,0,0,0,1,2
66,Greater than 45,Male,African-American,3,F,0,0,0,0,3
45,Greater than 45,Male,Caucasian,8,M,0,0,0,1,3
52,Greater than 45,Female,Other,0,M,0,0,0,1,3
32,25 - 45,Male,African-American,13,F,0,0,0,1,2
37,25 - 45,Male,African-American,2,M,0,0,0,1,2
39,25 - 45,Male,Caucasian,0,F,0,0,0,1,2
26,25 - 45,Male,African-American,9,F,0,0,0,1,1
45,Greater than 45,Male,Caucasian,2,F,0,0,0,0,3
23,Less than 25,Male,African-American,0,F,0,0,0,1,0
34,25 - 45,Male,African-American,2,M,0,0,0,0,2
23,Less than 25,Female,African-American,1,M,0,0,0,0,0
36,25 - 45,Male,Other,2,M,0,0,0,1,2
50,Greater than 45,Male,Caucasian,1,F,0,0,0,0,3
37,25 - 45,Female,Caucasian,0,M,0,0,0,0,2
44,25 - 45,Male,Caucasian,4,M,0,0,0,0,3
35,25 - 45,Female,African-American,23,F,0,1,0,1,2
24,Less than 25,Male,Other,5,F,0,0,0,1,0
26,25 - 45,Male,African-American,2,F,0,0,0,1,1
27,25 - 45,Male,African-American,0,M,0,0,0,0,1
28,25 - 45,Female,African-American,0,F,0,0,0,0,1
43,25 - 45,Male,Caucasian,11,F,0,0,0,1,3
28,25 - 45,Female,Caucasian,7,F,0,0,0,1,1
38,25 - 45,Male,African-American,2,F,0,0,0,0,2
27,25 - 45,Male,Caucasian,2,M,0,0,0,0,1
28,25 - 45,Female,African-American,1,F,0,0,0,0,1
56,Greater than 45,Male,Caucasian,7,F,0,0,0,1,3
38,25 - 45,Male,African-American,15,F,0,0,0,0,2
28,25 - 45,Male,African-American,2,M,0,0,0,0,1
45,Greater than 45,Male,African-American,3,F,0,0,0,0,3
28,25 - 45,Male,Hispanic,0,M,0,0,0,0,1
61,Greater than 45,Male,Caucasian,1,F,0,0,0,0,3
51,Greater than 45,Female,Caucasian,0,M,0,0,0,1,3
51,Greater than 45,Male,Caucasian,0,M,0,0,0,0,3
36,25 - 45,Male,Other,1,M,0,0,0,1,2
48,Greater than 45,Male,African-American,0,F,0,0,0,0,3
37,25 - 45,Male,Caucasian,4,F,0,0,0,1,2
30,25 - 45,Female,African-American,2,F,0,0,0,0,1
41,25 - 45,Female,African-American,5,M,0,0,0,0,2
27,25 - 45,Male,African-American,11,F,0,0,0,1,1
37,25 - 45,Male,African-American,0,M,0,0,0,0,2
33,25 - 45,Male,Other,4,F,0,0,0,1,2
54,Greater than 45,Male,African-American,11,F,0,0,0,0,3
23,Less than 25,Male,African-American,2,F,0,0,0,0,0
26,25 - 45,Female,African-American,2,F,0,0,0,1,1
41,25 - 45,Male,African-American,0,M,0,0,0,0,2
52,Greater than 45,Male,Caucasian,0,F,0,0,0,0,3
43,25 - 45,Male,Caucasian,13,F,0,0,0,1,3
52,Greater than 45,Male,African-American,0,F,0,0,0,0,3
28,25 - 45,Male,Caucasian,1,F,0,0,0,0,1
30,25 - 45,Male,African-American,11,M,0,0,2,1,1
28,25 - 45,Male,Caucasian,1,F,0,0,0,0,1
22,Less than 25,Male,African-American,0,F,0,0,0,0,0
30,25 - 45,Male,African-American,4,F,0,0,0,0,1
25,25 - 45,Male,Hispanic,4,F,0,0,0,0,0
31,25 - 45,Male,Caucasian,0,F,0,0,0,1,1
37,25 - 45,Male,Caucasian,0,F,0,0,0,1,2
32,25 - 45,Male,African-American,14,F,0,1,0,0,2
26,25 - 45,Male,African-American,4,M,0,1,0,0,1
53,Greater than 45,Male,Caucasian,1,M,0,0,0,0,3
28,25 - 45,Male,African-American,25,F,0,0,0,1,1
44,25 - 45,Male,Caucasian,8,M,0,0,0,1,3
25,25 - 45,Male,African-American,0,F,0,0,0,0,0
22,Less than 25,Male,Caucasian,1,M,0,0,1,1,0
37,25 - 45,Female,Other,0,M,0,0,0,0,2
40,25 - 45,Female,Other,3,F,0,0,0,0,2
36,25 - 45,Male,Caucasian,8,F,0,0,0,1,2
30,25 - 45,Male,Caucasian,4,F,0,0,0,0,1
22,Less than 25,Male,African-American,3,M,0,0,0,1,0
24,Less than 25,Female,Caucasian,1,M,0,0,0,1,0
27,25 - 45,Male,African-American,3,M,0,0,0,1,1
31,25 - 45,Female,Hispanic,0,M,0,0,0,0,1
23,Less than 25,Male,Hispanic,1,F,0,0,1,1,0
23,Less than 25,Female,Caucasian,5,F,0,0,4,1,0
24,Less than 25,Male,Hispanic,0,M,0,0,0,0,0
29,25 - 45,Male,African-American,1,M,0,0,0,0,1
20,Less than 25,Male,African-American,1,F,0,0,0,1,0
30,25 - 45,Male,African-American,2,F,0,0,0,1,1
39,25 - 45,Male,Other,0,F,0,0,0,0,2
27,25 - 45,Male,African-American,4,F,0,0,0,0,1
31,25 - 45,Male,Caucasian,2,M,0,0,0,0,1
37,25 - 45,Female,African-American,2,F,0,0,0,0,2
20,Less than 25,Male,African-American,0,F,0,0,0,0,0
22,Less than 25,Male,Hispanic,0,F,0,0,1,0,0
52,Greater than 45,Female,African-American,0,F,0,0,0,0,3
23,Less than 25,Female,African-American,0,F,0,0,0,1,0
48,Greater than 45,Female,African-American,0,F,0,0,0,0,3
66,Greater than 45,Male,African-American,8,F,0,0,0,1,3
25,25 - 45,Male,Caucasian,0,F,0,0,0,0,0
27,25 - 45,Male,Caucasian,0,F,0,0,0,1,1
30,25 - 45,Male,African-American,11,F,0,0,0,1,1
22,Less than 25,Male,African-American,3,M,0,1,1,1,0
22,Less than 25,Female,Caucasian,1,F,0,0,0,0,0
35,25 - 45,Male,African-American,2,F,0,0,0,0,2
32,25 - 45,Male,Caucasian,2,F,0,0,0,0,2
41,25 - 45,Female,African-American,2,M,0,0,0,0,2
25,25 - 45,Female,Other,0,F,0,0,0,0,0
44,25 - 45,Male,African-American,24,M,0,0,0,0,3
52,Greater than 45,Male,African-American,3,F,0,0,0,1,3
43,25 - 45,Male,African-American,0,F,0,0,0,0,3
37,25 - 45,Male,Caucasian,3,F,0,0,0,0,2
28,25 - 45,Male,African-American,3,M,0,0,0,1,1
70,Greater than 45,Male,Caucasian,1,M,0,0,0,0,3
54,Greater than 45,Male,Caucasian,6,F,0,0,0,1,3
46,Greater than 45,Male,Caucasian,3,F,0,0,0,0,3
21,Less than 25,Male,African-American,0,M,0,0,0,1,0
26,25 - 45,Male,African-American,1,M,0,0,0,1,1
38,25 - 45,Male,Hispanic,3,F,0,0,0,1,2
34,25 - 45,Male,Caucasian,5,M,0,0,0,0,2
19,Less than 25,Male,African-American,1,F,0,0,0,1,0
34,25 - 45,Male,African-American,5,M,0,0,0,0,2
23,Less than 25,Male,Caucasian,0,F,0,0,0,1,0
34,25 - 45,Male,African-American,5,F,0,0,0,1,2
30,25 - 45,Male,African-American,2,F,0,0,0,0,1
39,25 - 45,Male,African-American,6,F,0,0,0,1,2
24,Less than 25,Male,Other,0,F,0,0,0,0,0
33,25 - 45,Male,Caucasian,1,M,0,0,0,1,2
58,Greater than 45,Male,Caucasian,2,F,0,0,0,0,3
21,Less than 25,Female,African-American,0,M,0,0,0,0,0
21,Less than 25,Male,African-American,1,F,0,0,0,0,0
23,Less than 25,Male,African-American,4,M,0,0,1,1,0
62,Greater than 45,Male,Caucasian,0,F,0,0,0,0,3
27,25 - 45,Male,African-American,4,M,1,0,1,1,1
37,25 - 45,Male,Caucasian,5,F,0,0,0,0,2
43,25 - 45,Male,Other,2,F,0,0,0,1,3
32,25 - 45,Female,African-American,5,F,0,0,0,0,2
23,Less than 25,Male,Hispanic,0,F,0,0,0,0,0
27,25 - 45,Male,African-American,0,M,0,0,0,0,1
44,25 - 45,Male,Caucasian,0,M,0,0,0,1,3
28,25 - 45,Male,Caucasian,3,M,0,0,0,1,1
42,25 - 45,Female,Caucasian,0,F,0,0,0,0,2
24,Less than 25,Male,Other,9,F,0,1,0,1,0
27,25 - 45,Male,African-American,0,F,0,0,0,0,1
20,Less than 25,Male,African-American,0,F,0,0,0,1,0
51,Greater than 45,Female,Caucasian,0,M,0,0,0,0,3
56,Greater than 45,Male,Caucasian,0,M,0,0,0,0,3
29,25 - 45,Male,African-American,7,F,0,0,0,0,1
20,Less than 25,Male,African-American,0,F,0,0,0,1,0
53,Greater than 45,Male,Caucasian,6,F,0,0,0,0,3
27,25 - 45,Male,Caucasian,8,F,0,0,0,0,1
24,Less than 25,Male,African-American,2,F,0,1,0,1,0
53,Greater than 45,Male,Caucasian,36,F,0,0,0,1,3
28,25 - 45,Male,Caucasian,2,M,0,0,0,1,1
45,Greater than 45,Male,African-American,1,F,0,0,0,0,3
21,Less than 25,Male,Hispanic,3,F,0,1,0,0,0
36,25 - 45,Female,African-American,0,F,0,0,0,0,2
25,25 - 45,Female,Caucasian,2,M,0,0,0,1,0
23,Less than 25,Female,Hispanic,1,M,0,0,0,0,0
28,25 - 45,Male,Caucasian,1,F,0,0,0,0,1
21,Less than 25,Female,African-American,0,F,0,0,0,1,0
36,25 - 45,Male,Caucasian,0,M,0,0,0,0,2
24,Less than 25,Male,African-American,0,F,0,0,0,0,0
28,25 - 45,Male,African-American,3,F,0,0,0,1,1
30,25 - 45,Male,Other,1,F,0,0,0,1,1
29,25 - 45,Male,African-American,0,F,0,0,0,0,1
30,25 - 45,Female,Caucasian,0,M,0,0,0,0,1
51,Greater than 45,Male,Hispanic,1,M,0,0,0,0,3
33,25 - 45,Male,Other,3,F,0,0,0,0,2
25,25 - 45,Female,African-American,2,F,0,0,0,0,0
32,25 - 45,Male,African-American,12,F,0,1,0,1,2
23,Less than 25,Male,African-American,1,F,0,0,1,0,0
47,Greater than 45,Male,African-American,3,F,0,0,0,0,3
32,25 - 45,Female,Hispanic,1,F,0,0,0,1,2
37,25 - 45,Male,Caucasian,0,F,0,0,0,0,2
19,Less than 25,Male,African-American,2,F,0,2,0,1,0
27,25 - 45,Male,Hispanic,0,M,0,0,0,0,1
39,25 - 45,Male,Other,0,M,0,0,0,0,2
21,Less than 25,Female,Caucasian,0,F,0,0,2,0,0
69,Greater than 45,Male,Caucasian,0,M,0,0,0,0,3
21,Less than 25,Male,Caucasian,2,F,0,0,0,0,0
26,25 - 45,Male,African-American,6,M,0,0,1,1,1
22,Less than 25,Male,Caucasian,0,F,0,0,0,0,0
23,Less than 25,Female,African-American,0,F,0,0,0,1,0
49,Greater than 45,Male,African-American,3,F,0,0,0,0,3
29,25 - 45,Male,African-American,2,M,0,0,1,0,1
60,Greater than 45,Female,Caucasian,0,M,0,0,0,0,3
26,25 - 45,Female,African-American,0,M,0,0,0,0,1
23,Less than 25,Male,African-American,3,F,2,0,0,1,0
34,25 - 45,Male,Hispanic,2,M,0,0,0,1,2
20,Less than 25,Female,Other,1,F,1,0,0,0,0
36,25 - 45,Male,Hispanic,1,F,0,0,0,0,2
30,25 - 45,Male,Caucasian,0,F,0,0,0,0,1
21,Less than 25,Male,African-American,1,F,0,1,0,0,0
22,Less than 25,Male,Caucasian,2,M,0,0,0,1,0
57,Greater than 45,Male,African-American,18,F,0,0,0,0,3
21,Less than 25,Male,African-American,4,F,0,0,0,1,0
21,Less than 25,Male,African-American,0,F,0,0,0,1,0
34,25 - 45,Male,Caucasian,1,M,0,0,0,0,2
50,Greater than 45,Female,Caucasian,1,M,0,0,0,1,3
40,25 - 45,Male,Caucasian,0,F,0,0,0,1,2
25,25 - 45,Male,African-American,7,F,0,0,0,1,0
53,Greater than 45,Female,Caucasian,1,M,0,0,0,0,3
24,Less than 25,Female,African-American,0,F,0,0,0,0,0
42,25 - 45,Male,African-American,1,F,0,0,0,0,2
28,25 - 45,Male,African-American,1,M,0,0,0,0,1
24,Less than 25,Male,Caucasian,1,M,0,0,0,0,0
26,25 - 45,Male,African-American,6,F,1,1,0,1,1
22,Less than 25,Male,African-American,4,F,0,0,0,1,0
21,Less than 25,Male,Caucasian,3,M,0,0,0,0,0
37,25 - 45,Male,African-American,23,F,0,0,0,1,2
35,25 - 45,Male,African-American,2,F,0,0,0,0,2
53,Greater than 45,Male,African-American,2,F,0,0,0,0,3
60,Greater than 45,Male,African-American,1,F,0,0,0,0,3
29,25 - 45,Male,African-American,7,F,0,0,0,0,1
48,Greater than 45,Male,Caucasian,23,F,1,0,0,1,3
52,Greater than 45,Female,Caucasian,0,M,0,0,0,0,3
27,25 - 45,Male,African-American,12,F,0,0,0,1,1
28,25 - 45,Male,African-American,5,F,0,0,0,0,1
33,25 - 45,Male,Caucasian,3,M,0,0,0,0,2
28,25 - 45,Female,Hispanic,0,F,0,0,0,0,1
47,Greater than 45,Male,Caucasian,5,F,0,0,0,1,3
36,25 - 45,Male,African-American,14,F,0,0,0,1,2
29,25 - 45,Male,African-American,2,F,1,0,0,0,1
22,Less than 25,Male,African-American,0,M,0,0,1,1,0
26,25 - 45,Male,African-American,6,F,0,0,2,0,1
25,25 - 45,Male,Caucasian,0,F,0,0,0,0,0
68,Greater than 45,Male,Caucasian,2,F,0,0,0,0,3
56,Greater than 45,Male,African-American,5,F,0,0,0,0,3
27,25 - 45,Male,African-American,9,F,0,0,0,1,1
52,Greater than 45,Male,Caucasian,4,F,0,0,0,1,3
32,25 - 45,Male,African-American,3,F,0,0,0,0,2
60,Greater than 45,Male,Other,4,F,0,0,0,0,3
23,Less than 25,Male,Hispanic,1,M,0,0,0,0,0
39,25 - 45,Female,Caucasian,0,M,0,0,0,0,2
56,Greater than 45,Male,Caucasian,0,M,0,0,0,0,3
22,Less than 25,Female,African-American,0,F,0,0,0,0,0
27,25 - 45,Female,African-American,1,F,0,0,0,1,1
53,Greater than 45,Male,African-American,11,F,0,0,0,0,3
25,25 - 45,Male,Caucasian,0,M,0,0,0,1,0
21,Less than 25,Male,Hispanic,0,M,0,0,0,0,0
22,Less than 25,Male,Caucasian,0,F,0,0,0,0,0
58,Greater than 45,Female,Caucasian,2,M,0,0,0,0,3
31,25 - 45,Male,African-American,7,M,0,0,0,1,1
22,Less than 25,Male,Caucasian,1,F,0,0,0,1,0
28,25 - 45,Male,African-American,8,F,0,0,0,1,1
42,25 - 45,Male,Other,1,F,0,0,0,0,2
20,Less than 25,Male,African-American,0,F,0,0,0,1,0
29,25 - 45,Male,Caucasian,0,M,0,0,0,1,1
29,25 - 45,Male,African-American,8,F,0,0,0,0,1
58,Greater than 45,Male,African-American,21,M,0,0,0,1,3
22,Less than 25,Male,African-American,3,F,0,0,0,0,0
48,Greater than 45,Male,Hispanic,1,M,0,0,0,1,3
37,25 - 45,Male,Caucasian,0,F,0,0,0,0,2
57,Greater than 45,Male,African-American,1,F,0,0,0,1,3
27,25 - 45,Male,Caucasian,3,M,0,0,0,0,1
26,25 - 45,Male,African-American,3,F,0,0,0,0,1
24,Less than 25,Male,Caucasian,3,F,0,1,1,1,0
33,25 - 45,Male,Caucasian,0,F,0,0,0,0,2
29,25 - 45,Male,African-American,2,F,0,0,0,0,1
24,Less than 25,Female,African-American,3,F,0,0,0,1,0
19,Less than 25,Male,Caucasian,1,F,0,0,1,1,0
36,25 - 45,Male,Caucasian,2,M,0,0,0,0,2
24,Less than 25,Female,Caucasian,0,F,0,0,0,0,0
34,25 - 45,Male,Caucasian,0,M,0,0,0,0,2
25,25 - 45,Male,Hispanic,2,F,0,0,0,1,0
20,Less than 25,Male,African-American,1,F,1,0,1,1,0
28,25 - 45,Male,Hispanic,2,M,0,0,0,1,1
24,Less than 25,Male,African-American,1,M,0,0,0,1,0
61,Greater than 45,Male,Caucasian,4,F,0,0,0,0,3
50,Greater than 45,Female,African-American,3,F,0,0,0,0,3
30,25 - 45,Male,African-American,1,M,0,0,0,0,1
38,25 - 45,Male,African-American,5,F,0,0,0,0,2
24,Less than 25,Male,Caucasian,0,M,0,0,0,0,0
45,Greater than 45,Male,African-American,16,F,0,0,0,0,3
46,Greater than 45,Female,African-American,2,F,0,0,0,1,3
41,25 - 45,Male,Caucasian,0,M,0,0,0,1,2
20,Less than 25,Male,Other,0,F,0,0,1,1,0
27,25 - 45,Male,African-American,13,M,0,0,0,1,1
51,Greater than 45,Female,African-American,16,F,0,0,0,0,3
26,25 - 45,Male,African-American,1,M,0,0,0,1,1
29,25 - 45,Male,African-American,3,F,0,0,0,1,1
52,Greater than 45,Male,Caucasian,6,F,0,0,0,1,3
28,25 - 45,Male,Caucasian,1,F,0,0,0,1,1
34,25 - 45,Female,Native American,4,F,0,0,0,1,2
55,Greater than 45,Male,African-American,5,F,0,0,0,1,3
26,25 - 45,Male,African-American,10,F,1,1,0,1,1
28,25 - 45,Male,African-American,5,F,0,0,0,0,1
63,Greater than 45,Male,Caucasian,2,F,0,0,0,0,3
42,25 - 45,Male,African-American,0,F,0,0,0,0,2
23,Less than 25,Male,African-American,6,F,1,2,2,0,0
54,Greater than 45,Male,African-American,28,F,0,0,0,1,3
35,25 - 45,Male,African-American,8,F,0,0,1,1,2
24,Less than 25,Female,African-American,6,F,1,0,0,1,0
54,Greater than 45,Male,African-American,2,M,0,0,0,0,3
58,Greater than 45,Male,African-American,12,M,0,0,0,1,3
23,Less than 25,Male,Caucasian,1,M,0,0,1,1,0
35,25 - 45,Male,African-American,1,M,0,0,0,0,2
20,Less than 25,Male,African-American,1,F,0,0,0,1,0
51,Greater than 45,Male,Caucasian,0,F,0,0,0,0,3
24,Less than 25,Male,Hispanic,0,F,0,0,0,0,0
37,25 - 45,Male,Caucasian,3,F,0,0,0,0,2
47,Greater than 45,Male,Caucasian,3,F,0,0,0,0,3
34,25 - 45,Male,Caucasian,4,F,0,0,0,1,2
56,Greater than 45,Male,Caucasian,0,F,0,0,0,0,3
34,25 - 45,Male,Hispanic,4,F,0,0,0,1,2
59,Greater than 45,Male,Caucasian,1,F,0,0,0,1,3
35,25 - 45,Male,Asian,0,F,0,0,0,0,2
58,Greater than 45,Male,Hispanic,1,F,0,0,0,0,3
29,25 - 45,Male,Hispanic,2,M,0,0,0,0,1
24,Less than 25,Female,Caucasian,6,F,0,0,1,1,0
21,Less than 25,Male,Caucasian,2,M,0,0,4,1,0
26,25 - 45,Male,African-American,2,M,0,0,0,0,1
50,Greater than 45,Male,Asian,5,F,0,0,0,1,3
26,25 - 45,Male,African-American,1,F,0,0,0,0,1
30,25 - 45,Female,Caucasian,0,M,0,0,0,0,1
29,25 - 45,Male,Caucasian,6,F,0,0,0,1,1
29,25 - 45,Male,Caucasian,0,M,0,0,0,1,1
54,Greater than 45,Male,African-American,0,M,0,0,0,0,3
29,25 - 45,Male,African-American,4,F,0,0,0,1,1
59,Greater than 45,Female,Caucasian,0,M,0,0,0,0,3
38,25 - 45,Male,African-American,0,F,0,0,0,0,2
22,Less than 25,Female,Hispanic,2,F,0,0,0,1,0
29,25 - 45,Male,African-American,4,F,0,0,0,1,1
27,25 - 45,Male,Caucasian,1,M,0,0,0,1,1
26,25 - 45,Male,Hispanic,7,F,0,0,0,1,1
52,Greater than 45,Male,Hispanic,20,F,0,0,0,0,3
66,Greater than 45,Male,African-American,33,F,0,0,0,1,3
27,25 - 45,Male,Caucasian,2,F,0,0,0,0,1
51,Greater than 45,Male,Caucasian,1,M,0,0,0,0,3
35,25 - 45,Male,Caucasian,1,F,0,0,0,0,2
26,25 - 45,Male,African-American,1,F,0,0,0,0,1
52,Greater than 45,Male,Caucasian,4,M,0,0,0,0,3
35,25 - 45,Female,African-American,12,M,0,0,0,0,2
48,Greater than 45,Male,Other,12,F,0,0,0,0,3
26,25 - 45,Female,African-American,0,M,0,0,0,0,1
48,Greater than 45,Female,Caucasian,0,M,0,0,0,0,3
30,25 - 45,Male,Hispanic,7,M,0,0,0,0,1
28,25 - 45,Male,Other,2,M,0,0,0,0,1
33,25 - 45,Male,African-American,2,M,0,0,0,0,2
34,25 - 45,Female,African-American,6,F,0,0,0,0,2
25,25 - 45,Male,Other,0,M,0,0,0,0,0
59,Greater than 45,Male,African-American,10,F,0,0,0,1,3
29,25 - 45,Male,African-American,5,F,0,0,0,1,1
24,Less than 25,Male,Caucasian,0,F,0,0,0,0,0
48,Greater than 45,Male,Caucasian,1,F,0,0,0,1,3
55,Greater than 45,Male,African-American,0,M,0,0,0,1,3
52,Greater than 45,Male,African-American,4,M,0,0,0,0,3
20,Less than 25,Male,African-American,0,F,0,0,0,1,0
25,25 - 45,Male,Caucasian,4,F,0,0,0,1,0
24,Less than 25,Male,Caucasian,0,F,0,0,0,0,0
23,Less than 25,Male,Caucasian,0,M,0,0,0,0,0
27,25 - 45,Male,Caucasian,6,F,0,1,3,0,1
25,25 - 45,Male,African-American,1,M,0,1,0,1,0
31,25 - 45,Male,African-American,0,F,0,0,0,0,1
25,25 - 45,Male,African-American,6,F,0,1,0,1,0
32,25 - 45,Male,Caucasian,1,F,0,0,0,1,2
21,Less than 25,Male,Caucasian,0,F,0,0,0,1,0
37,25 - 45,Male,Other,1,F,0,0,0,0,2
25,25 - 45,Male,Caucasian,0,F,0,0,0,0,0
32,25 - 45,Male,Hispanic,20,F,1,1,0,0,2
35,25 - 45,Male,African-American,0,F,0,0,0,0,2
42,25 - 45,Male,African-American,14,F,0,0,0,1,2
24,Less than 25,Male,Caucasian,9,M,0,0,1,1,0
22,Less than 25,Male,Caucasian,6,F,1,0,4,1,0
21,Less than 25,Male,Hispanic,0,F,0,0,0,1,0
47,Greater than 45,Male,Caucasian,1,M,0,0,0,0,3
27,25 - 45,Male,African-American,5,F,0,0,0,1,1
43,25 - 45,Male,Hispanic,2,M,0,0,0,1,3
46,Greater than 45,Male,Caucasian,2,F,0,0,0,1,3
44,25 - 45,Male,African-American,1,M,0,0,0,0,3
27,25 - 45,Male,African-American,0,F,0,0,0,0,1
23,Less than 25,Male,Caucasian,2,F,0,0,0,0,0
50,Greater than 45,Female,Hispanic,1,F,0,0,0,0,3
42,25 - 45,Male,African-American,8,F,0,0,0,0,2
58,Greater than 45,Male,African-American,6,F,0,0,0,0,3
26,25 - 45,Male,African-American,3,F,0,0,1,0,1
48,Greater than 45,Female,Other,0,F,0,0,0,0,3
39,25 - 45,Male,African-American,3,F,0,0,0,1,2
21,Less than 25,Male,African-American,3,F,0,2,0,1,0
63,Greater than 45,Male,Caucasian,1,M,0,0,0,0,3
22,Less than 25,Male,African-American,3,F,0,1,0,1,0
50,Greater than 45,Male,African-American,3,M,0,0,0,0,3
38,25 - 45,Male,African-American,0,F,0,0,0,0,2
41,25 - 45,Male,Caucasian,1,F,0,0,0,0,2
28,25 - 45,Male,African-American,16,F,8,0,1,1,1
30,25 - 45,Female,African-American,0,M,0,0,0,0,1
23,Less than 25,Male,African-American,1,F,0,0,0,0,0
25,25 - 45,Male,Caucasian,2,F,0,0,0,1,0
40,25 - 45,Male,Caucasian,5,F,0,0,0,0,2
24,Less than 25,Male,Hispanic,8,F,0,0,0,0,0
27,25 - 45,Male,African-American,5,M,0,0,0,1,1
44,25 - 45,Male,Caucasian,11,M,0,0,0,0,3
35,25 - 45,Female,African-American,6,F,0,0,0,1,2
42,25 - 45,Male,Caucasian,0,M,0,0,0,0,2
38,25 - 45,Male,African-American,15,F,0,0,0,0,2
26,25 - 45,Male,Hispanic,4,F,0,0,0,0,1
25,25 - 45,Female,African-American,0,M,0,0,0,0,0
24,Less than 25,Male,Caucasian,1,F,0,0,0,0,0
64,Greater than 45,Male,Hispanic,1,F,0,0,0,0,3
49,Greater than 45,Female,Caucasian,2,M,0,0,0,1,3
50,Greater than 45,Male,Caucasian,5,F,0,0,0,1,3
28,25 - 45,Male,Caucasian,8,F,0,0,0,1,1
66,Greater than 45,Male,Caucasian,0,M,0,0,0,1,3
46,Greater than 45,Female,Caucasian,0,M,0,0,0,0,3
30,25 - 45,Male,African-American,5,F,0,0,1,1,1
22,Less than 25,Female,Caucasian,0,M,0,0,0,0,0
23,Less than 25,Male,Caucasian,1,M,0,0,0,0,0
30,25 - 45,Male,Other,0,M,0,0,0,1,1
24,Less than 25,Male,African-American,10,F,1,0,0,1,0
31,25 - 45,Male,Hispanic,0,M,0,0,0,0,1
31,25 - 45,Male,Other,1,F,0,0,0,0,1
21,Less than 25,Male,African-American,4,F,4,0,0,1,0
28,25 - 45,Male,African-American,4,F,0,0,0,0,1
25,25 - 45,Male,African-American,0,M,0,0,0,0,0
21,Less than 25,Female,Caucasian,0,F,0,0,0,0,0
27,25 - 45,Male,African-American,0,M,0,0,0,0,1
20,Less than 25,Male,Hispanic,0,M,0,0,0,1,0
32,25 - 45,Male,Hispanic,1,F,0,0,0,0,2
24,Less than 25,Female,Caucasian,0,F,0,0,1,0,0
20,Less than 25,Male,African-American,1,F,1,0,0,0,0
31,25 - 45,Male,African-American,3,M,0,0,0,1,1
27,25 - 45,Male,African-American,3,M,0,0,0,1,1
59,Greater than 45,Male,African-American,17,F,0,0,0,1,3
40,25 - 45,Male,African-American,0,F,0,0,0,0,2
22,Less than 25,Male,African-American,11,F,0,0,0,1,0
38,25 - 45,Female,African-American,1,F,0,0,0,0,2
36,25 - 45,Male,Hispanic,1,M,0,0,0,1,2
30,25 - 45,Male,African-American,1,M,0,0,0,0,1
27,25 - 45,Male,Caucasian,6,F,0,0,0,1,1
43,25 - 45,Male,African-American,1,M,0,0,0,0,3
59,Greater than 45,Female,Caucasian,0,M,0,0,0,0,3
37,25 - 45,Male,Caucasian,2,M,0,0,0,0,2
28,25 - 45,Male,African-American,5,M,0,0,0,1,1
38,25 - 45,Male,Caucasian,0,F,0,0,0,0,2
22,Less than 25,Male,African-American,0,F,0,0,1,1,0
43,25 - 45,Male,Hispanic,1,M,0,0,0,0,3
25,25 - 45,Male,African-American,4,F,0,0,0,1,0
51,Greater than 45,Male,Caucasian,0,M,0,0,0,0,3
30,25 - 45,Male,Hispanic,6,F,0,0,0,1,1
29,25 - 45,Male,Caucasian,2,M,0,0,0,1,1
28,25 - 45,Male,African-American,10,F,0,0,0,0,1
26,25 - 45,Male,African-American,6,M,0,0,0,0,1
55,Greater than 45,Male,African-American,9,M,0,0,0,1,3
23,Less than 25,Female,Caucasian,3,F,0,0,0,0,0
22,Less than 25,Female,African-American,0,M,0,0,0,0,0
19,Less than 25,Female,Caucasian,2,F,0,0,0,1,0
31,25 - 45,Male,African-American,1,M,0,0,0,0,1
29,25 - 45,Male,African-American,0,M,0,0,0,0,1
61,Greater than 45,Male,African-American,15,F,0,0,0,1,3
24,Less than 25,Male,African-American,4,F,0,0,0,1,0
31,25 - 45,Male,Hispanic,0,M,0,0,0,0,1
20,Less than 25,Male,African-American,4,F,0,1,1,1,0
26,25 - 45,Male,Caucasian,3,F,0,0,0,1,1
27,25 - 45,Male,Caucasian,5,M,0,0,0,0,1
25,25 - 45,Male,Caucasian,1,F,0,0,0,0,0
23,Less than 25,Male,Caucasian,3,F,0,2,0,1,0
38,25 - 45,Male,African-American,0,F,0,0,0,0,2
27,25 - 45,Male,African-American,18,F,0,2,1,1,1
35,25 - 45,Female,Caucasian,0,F,0,0,0,1,2
22,Less than 25,Male,Other,0,F,0,0,0,0,0
58,Greater than 45,Female,African-American,4,F,0,0,0,1,3
57,Greater than 45,Female,Caucasian,0,M,0,0,0,1,3
21,Less than 25,Male,African-American,0,F,0,0,1,0,0
22,Less than 25,Female,African-American,0,F,0,0,0,0,0
30,25 - 45,Male,African-American,0,F,0,0,0,0,1
24,Less than 25,Male,Caucasian,1,F,0,0,0,1,0
22,Less than 25,Male,Caucasian,2,F,0,0,0,1,0
29,25 - 45,Male,Caucasian,3,F,0,0,0,1,1
30,25 - 45,Male,African-American,8,F,0,0,0,1,1
31,25 - 45,Female,African-American,10,F,0,0,0,0,1
45,Greater than 45,Female,Caucasian,1,F,0,0,0,0,3
23,Less than 25,Male,African-American,4,F,0,0,0,0,0
39,25 - 45,Male,Caucasian,2,F,0,0,0,1,2
31,25 - 45,Male,African-American,0,F,0,0,0,1,1
22,Less than 25,Male,African-American,1,F,0,0,0,1,0
27,25 - 45,Female,African-American,9,F,0,0,0,1,1
27,25 - 45,Male,African-American,13,F,0,0,0,1,1
38,25 - 45,Male,Caucasian,1,F,0,0,0,1,2
31,25 - 45,Male,African-American,23,F,0,0,0,1,1
47,Greater than 45,Male,African-American,20,F,0,0,0,0,3
22,Less than 25,Male,African-American,3,F,0,1,0,0,0
35,25 - 45,Male,African-American,1,M,0,0,1,1,2
23,Less than 25,Male,Hispanic,2,M,0,0,0,1,0
65,Greater than 45,Male,African-American,2,M,0,0,0,1,3
35,25 - 45,Male,African-American,0,M,0,0,0,0,2
33,25 - 45,Female,African-American,0,F,0,0,0,0,2
53,Greater than 45,Male,Caucasian,1,M,0,0,0,0,3
52,Greater than 45,Male,Hispanic,0,F,0,0,0,0,3
21,Less than 25,Male,African-American,0,F,0,0,0,0,0
37,25 - 45,Male,African-American,11,F,0,0,0,0,2
30,25 - 45,Male,Other,4,M,0,0,0,1,1
33,25 - 45,Male,Caucasian,5,F,0,0,0,0,2
31,25 - 45,Male,African-American,2,M,0,0,0,0,1
54,Greater than 45,Male,Other,0,F,0,0,0,0,3
31,25 - 45,Female,African-American,0,M,0,0,0,0,1
59,Greater than 45,Female,Caucasian,2,F,0,0,0,0,3
27,25 - 45,Male,African-American,0,M,0,0,0,0,1
36,25 - 45,Male,African-American,0,M,0,0,0,1,2
46,Greater than 45,Male,African-American,17,F,0,0,0,1,3
22,Less than 25,Male,African-American,3,F,0,0,1,0,0
28,25 - 45,Female,Caucasian,0,M,0,0,0,0,1
34,25 - 45,Female,Caucasian,15,F,0,0,1,1,2
29,25 - 45,Male,Hispanic,7,F,0,0,0,1,1
23,Less than 25,Male,African-American,2,M,0,0,1,1,0
27,25 - 45,Male,African-American,3,F,0,0,0,0,1
21,Less than 25,Male,Asian,0,F,0,0,1,1,0
48,Greater than 45,Male,Caucasian,3,F,0,0,0,1,3
30,25 - 45,Male,African-American,15,F,0,0,0,1,1
32,25 - 45,Female,African-American,2,F,0,0,0,0,2
31,25 - 45,Male,African-American,5,F,0,0,0,0,1
36,25 - 45,Male,African-American,4,M,0,1,0,0,2
36,25 - 45,Male,African-American,1,M,0,0,0,0,2
44,25 - 45,Male,African-American,14,F,0,0,0,1,3
53,Greater than 45,Male,Caucasian,2,F,0,0,0,0,3
33,25 - 45,Male,African-American,3,M,0,0,0,1,2
21,Less than 25,Male,African-American,2,F,1,0,0,0,0
33,25 - 45,Male,African-American,4,F,0,0,0,1,2
47,Greater than 45,Male,Caucasian,2,F,0,0,0,1,3
57,Greater than 45,Male,African-American,20,F,0,0,0,1,3
28,25 - 45,Male,African-American,2,M,0,0,0,0,1
24,Less than 25,Male,African-American,1,M,0,0,0,0,0
44,25 - 45,Male,African-American,1,F,0,0,0,0,3
46,Greater than 45,Male,African-American,0,F,0,0,0,0,3
37,25 - 45,Male,African-American,6,F,0,0,0,0,2
26,25 - 45,Male,African-American,10,M,0,0,0,1,1
27,25 - 45,Male,African-American,10,F,0,1,0,1,1
40,25 - 45,Male,Caucasian,1,F,0,0,0,0,2
60,Greater than 45,Female,Caucasian,9,F,0,0,0,1,3
53,Greater than 45,Male,Caucasian,1,F,0,0,0,0,3
26,25 - 45,Male,African-American,8,F,0,1,0,0,1
28,25 - 45,Male,African-American,0,F,0,0,0,0,1
23,Less than 25,Male,Hispanic,0,M,0,0,0,0,0
46,Greater than 45,Female,Caucasian,2,F,0,0,0,0,3
23,Less than 25,Male,African-American,0,F,0,0,0,1,0
37,25 - 45,Male,African-American,5,F,0,0,0,1,2
44,25 - 45,Male,African-American,1,M,0,0,1,0,3
50,Greater than 45,Male,African-American,18,F,0,0,0,1,3
45,Greater than 45,Male,African-American,0,M,0,0,0,0,3
22,Less than 25,Male,African-American,1,F,0,0,0,0,0
26,25 - 45,Male,Caucasian,1,F,0,0,0,1,1
62,Greater than 45,Male,Caucasian,0,F,0,0,0,0,3
34,25 - 45,Male,Caucasian,0,M,0,0,0,1,2
24,Less than 25,Male,Hispanic,1,F,0,0,0,0,0
21,Less than 25,Male,Caucasian,0,M,0,0,0,0,0
25,25 - 45,Male,Caucasian,0,F,0,0,0,1,0
68,Greater than 45,Male,Caucasian,0,M,0,0,0,0,3
41,25 - 45,Male,Caucasian,2,M,0,0,0,0,2
21,Less than 25,Male,Caucasian,1,F,0,0,0,0,0
37,25 - 45,Female,Hispanic,1,F,0,0,0,0,2
22,Less than 25,Male,African-American,0,F,0,0,0,0,0
38,25 - 45,Male,Caucasian,11,F,0,0,0,1,2
42,25 - 45,Male,Caucasian,1,F,0,0,0,0,2
22,Less than 25,Male,Caucasian,1,F,0,1,1,1,0
45,Greater than 45,Male,African-American,0,F,0,0,0,1,3
36,25 - 45,Female,African-American,4,F,0,0,0,1,2
48,Greater than 45,Male,African-American,2,F,0,0,0,0,3
45,Greater than 45,Female,Caucasian,1,F,0,0,0,0,3
23,Less than 25,Male,African-American,6,F,0,0,1,1,0
24,Less than 25,Male,African-American,0,F,0,0,0,0,0
29,25 - 45,Male,African-American,0,F,0,0,0,0,1
24,Less than 25,Male,African-American,0,F,0,0,0,0,0
50,Greater than 45,Male,African-American,11,F,0,0,0,0,3
34,25 - 45,Male,African-American,10,F,0,1,0,1,2
23,Less than 25,Male,African-American,0,F,0,0,0,0,0
22,Less than 25,Female,Caucasian,0,M,0,0,0,0,0
36,25 - 45,Male,Other,0,F,0,0,0,0,2
30,25 - 45,Male,Caucasian,22,F,0,0,0,1,1
21,Less than 25,Male,African-American,0,F,0,0,0,1,0
53,Greater than 45,Female,Caucasian,0,F,0,0,0,0,3
24,Less than 25,Male,Caucasian,1,F,0,0,0,0,0
25,25 - 45,Male,African-American,7,M,0,1,1,1,0
25,25 - 45,Female,African-American,1,M,0,0,0,0,0
71,Greater than 45,Male,African-American,8,F,0,0,0,0,3
39,25 - 45,Male,African-American,10,M,0,4,0,0,2
37,25 - 45,Female,African-American,0,F,0,0,0,0,2
20,Less than 25,Male,African-American,0,F,0,0,2,1,0
29,25 - 45,Female,African-American,3,F,0,0,0,0,1
22,Less than 25,Male,African-American,2,F,0,0,0,1,0
26,25 - 45,Male,African-American,4,F,0,0,0,1,1
35,25 - 45,Male,Hispanic,5,F,0,0,0,0,2
47,Greater than 45,Female,African-American,19,F,0,0,0,1,3
21,Less than 25,Male,Other,1,F,0,0,0,1,0
23,Less than 25,Female,Other,0,M,0,0,0,0,0
20,Less than 25,Female,Caucasian,1,F,0,0,0,1,0
23,Less than 25,Female,African-American,0,F,0,0,0,0,0
27,25 - 45,Male,Native American,3,M,0,0,0,0,1
55,Greater than 45,Male,Caucasian,18,F,0,0,0,1,3
53,Greater than 45,Female,African-American,0,F,0,0,0,0,3
23,Less than 25,Female,African-American,0,F,0,0,0,0,0
26,25 - 45,Male,African-American,5,F,0,0,1,1,1
25,25 - 45,Male,African-American,6,F,0,0,0,0,0
23,Less than 25,Male,Other,2,M,0,0,0,0,0
27,25 - 45,Male,African-American,4,F,0,0,0,1,1
26,25 - 45,Male,African-American,2,M,0,0,0,0,1
29,25 - 45,Male,African-American,1,M,0,0,0,0,1
27,25 - 45,Male,Other,1,F,0,0,0,1,1
28,25 - 45,Male,Hispanic,0,F,0,0,0,0,1
31,25 - 45,Male,African-American,0,M,0,0,0,0,1
41,25 - 45,Male,African-American,8,F,0,0,0,1,2
25,25 - 45,Male,Caucasian,0,M,0,0,0,0,0
47,Greater than 45,Male,Caucasian,0,M,0,0,0,0,3
37,25 - 45,Male,African-American,4,F,0,0,0,0,2
35,25 - 45,Female,African-American,4,F,0,0,0,0,2
24,Less than 25,Male,Caucasian,1,M,0,0,0,1,0
21,Less than 25,Male,Caucasian,2,F,0,2,1,1,0
22,Less than 25,Male,Caucasian,0,F,0,0,0,1,0
57,Greater than 45,Male,African-American,11,F,0,0,0,0,3
48,Greater than 45,Male,Caucasian,0,F,0,0,0,0,3
36,25 - 45,Male,Other,0,F,0,0,0,0,2
37,25 - 45,Female,African-American,3,F,0,0,0,0,2
31,25 - 45,Male,Caucasian,0,M,0,0,0,0,1
22,Less than 25,Male,African-American,1,F,0,1,0,1,0
31,25 - 45,Male,Caucasian,2,M,0,0,0,0,1
24,Less than 25,Male,African-American,0,F,0,0,0,1,0
32,25 - 45,Male,African-American,22,F,0,0,1,1,2
23,Less than 25,Female,Other,0,M,0,0,0,0,0
63,Greater than 45,Male,African-American,0,M,0,0,0,0,3
30,25 - 45,Male,Other,0,F,0,0,0,0,1
26,25 - 45,Male,Caucasian,2,F,0,0,0,1,1
48,Greater than 45,Male,Caucasian,2,M,0,0,0,0,3
20,Less than 25,Male,Caucasian,0,F,0,0,2,0,0
24,Less than 25,Female,African-American,1,M,0,0,0,1,0
36,25 - 45,Female,African-American,1,M,0,0,0,0,2
83,Greater than 45,Male,Hispanic,0,M,0,0,0,0,3
28,25 - 45,Male,Caucasian,2,F,0,0,0,0,1
36,25 - 45,Male,African-American,3,F,0,0,0,1,2
33,25 - 45,Female,African-American,0,M,0,0,0,0,2
39,25 - 45,Male,African-American,0,F,0,0,0,0,2
29,25 - 45,Male,Other,3,M,0,0,0,0,1
30,25 - 45,Male,African-American,17,F,0,0,0,1,1
19,Less than 25,Female,Caucasian,1,M,1,1,0,1,0
24,Less than 25,Male,African-American,1,F,0,0,0,1,0
36,25 - 45,Male,Hispanic,11,F,0,0,0,0,2
29,25 - 45,Female,Caucasian,1,F,0,0,0,0,1
35,25 - 45,Male,African-American,7,F,0,0,0,0,2
24,Less than 25,Male,African-American,0,F,0,0,1,0,0
26,25 - 45,Male,Caucasian,0,M,0,0,0,0,1
26,25 - 45,Male,Caucasian,8,F,0,0,0,0,1
52,Greater than 45,Male,African-American,7,M,0,0,0,0,3
28,25 - 45,Male,African-American,14,F,0,0,0,1,1
32,25 - 45,Male,African-American,0,M,0,0,0,0,2
32,25 - 45,Female,Caucasian,1,M,0,0,0,1,2
33,25 - 45,Male,African-American,5,M,0,0,0,1,2
29,25 - 45,Male,African-American,16,F,0,1,0,0,1
34,25 - 45,Male,Caucasian,1,M,0,0,0,1,2
37,25 - 45,Female,Other,0,M,0,0,0,1,2
43,25 - 45,Male,Caucasian,0,M,0,0,0,0,3
47,Greater than 45,Male,Caucasian,2,F,0,0,0,0,3
25,25 - 45,Male,African-American,3,M,0,0,0,1,0
23,Less than 25,Female,African-American,1,F,0,0,0,0,0
39,25 - 45,Male,Caucasian,2,M,0,0,0,0,2
35,25 - 45,Male,African-American,13,F,0,0,0,1,2
33,25 - 45,Male,Other,0,F,0,0,0,0,2
21,Less than 25,Male,Other,0,F,0,0,0,1,0
43,25 - 45,Male,African-American,20,F,1,0,0,0,3
25,25 - 45,Male,African-American,3,F,0,1,1,1,0
48,Greater than 45,Male,African-American,25,F,1,0,0,1,3
22,Less than 25,Male,African-American,1,M,0,0,1,1,0
52,Greater than 45,Male,African-American,9,M,1,0,0,1,3
26,25 - 45,Male,Caucasian,5,F,0,0,0,1,1
67,Greater than 45,Male,African-American,4,M,0,0,0,1,3
34,25 - 45,Male,African-American,4,M,0,0,0,0,2
56,Greater than 45,Male,Caucasian,4,M,0,0,0,0,3
28,25 - 45,Male,African-American,1,F,0,0,0,1,1
29,25 - 45,Male,African-American,2,M,0,0,0,0,1
24,Less than 25,Female,African-American,0,M,0,0,0,1,0
37,25 - 45,Male,African-American,6,F,0,0,0,1,2
43,25 - 45,Male,Other,3,F,0,0,0,0,3
51,Greater than 45,Male,Caucasian,0,F,0,0,0,0,3
20,Less than 25,Male,African-American,1,M,0,0,1,1,0
26,25 - 45,Male,Caucasian,4,M,0,0,0,1,1
39,25 - 45,Female,Caucasian,1,M,0,0,0,1,2
21,Less than 25,Male,African-American,1,F,0,0,1,0,0
21,Less than 25,Male,African-American,1,F,0,1,1,1,0
24,Less than 25,Male,Caucasian,3,F,0,2,0,1,0
26,25 - 45,Male,African-American,4,M,0,1,0,1,1
48,Greater than 45,Male,Caucasian,1,F,0,0,0,0,3
24,Less than 25,Male,African-American,5,F,0,1,0,1,0
26,25 - 45,Male,Caucasian,0,F,0,0,0,0,1
46,Greater than 45,Male,Caucasian,0,F,0,0,0,0,3
30,25 - 45,Female,Hispanic,1,M,0,0,0,0,1
24,Less than 25,Male,African-American,7,M,0,1,1,0,0
21,Less than 25,Female,Caucasian,0,M,0,0,0,0,0
24,Less than 25,Male,African-American,1,F,0,0,0,1,0
30,25 - 45,Male,African-American,1,F,0,0,0,0,1
36,25 - 45,Male,African-American,9,M,0,0,0,0,2
30,25 - 45,Male,African-American,5,F,0,0,0,1,1
22,Less than 25,Female,Caucasian,1,F,0,0,0,0,0
25,25 - 45,Male,African-American,0,F,0,0,0,1,0
31,25 - 45,Male,African-American,25,M,0,3,0,1,1
24,Less than 25,Male,African-American,0,F,0,0,0,0,0
39,25 - 45,Male,African-American,13,F,0,0,0,1,2
46,Greater than 45,Male,Other,0,F,0,0,0,0,3
48,Greater than 45,Male,African-American,5,M,0,0,0,1,3
30,25 - 45,Female,African-American,4,F,0,0,0,0,1
40,25 - 45,Male,Caucasian,0,F,0,0,0,0,2
52,Greater than 45,Female,African-American,0,F,0,0,0,0,3
23,Less than 25,Male,African-American,3,F,1,0,1,0,0
26,25 - 45,Female,African-American,1,M,0,0,0,0,1
22,Less than 25,Male,Caucasian,1,F,0,1,0,1,0
42,25 - 45,Male,Caucasian,3,F,0,0,0,0,2
23,Less than 25,Male,African-American,6,F,0,3,1,1,0
33,25 - 45,Male,Other,4,F,0,0,0,1,2
28,25 - 45,Male,African-American,1,F,0,0,0,0,1
37,25 - 45,Female,Caucasian,4,M,0,0,0,0,2
50,Greater than 45,Male,Caucasian,1,F,0,0,0,0,3
38,25 - 45,Male,Native American,25,M,0,0,1,1,2
32,25 - 45,Male,African-American,1,F,0,0,0,0,2
24,Less than 25,Male,Hispanic,3,F,0,0,0,1,0
51,Greater than 45,Male,African-American,3,F,0,0,0,0,3
19,Less than 25,Male,Caucasian,1,M,0,0,0,1,0
32,25 - 45,Male,African-American,4,F,0,0,0,0,2
31,25 - 45,Female,Caucasian,1,F,0,0,0,1,1
29,25 - 45,Female,African-American,1,F,0,0,0,0,1
43,25 - 45,Male,Hispanic,0,M,0,0,0,0,3
26,25 - 45,Male,African-American,9,F,0,0,0,1,1
27,25 - 45,Male,Caucasian,0,F,0,0,0,1,1
52,Greater than 45,Male,Caucasian,1,F,0,0,0,1,3
27,25 - 45,Male,Hispanic,1,M,0,0,0,0,1
57,Greater than 45,Female,Hispanic,1,M,0,0,0,0,3
28,25 - 45,Male,African-American,3,M,0,0,0,1,1
32,25 - 45,Male,African-American,3,F,0,0,0,1,2
27,25 - 45,Male,African-American,5,M,0,0,0,1,1
45,Greater than 45,Male,Hispanic,0,M,0,0,0,1,3
42,25 - 45,Female,Caucasian,0,M,0,0,0,0,2
33,25 - 45,Male,African-American,0,F,0,0,0,1,2
26,25 - 45,Male,Caucasian,4,M,0,0,0,0,1
28,25 - 45,Female,Caucasian,3,M,0,0,1,0,1
53,Greater than 45,Female,Caucasian,0,M,0,0,0,0,3
24,Less than 25,Male,Caucasian,0,F,0,0,0,0,0
28,25 - 45,Male,Hispanic,1,F,0,0,0,0,1
28,25 - 45,Male,Hispanic,1,F,0,0,0,0,1
39,25 - 45,Male,African-American,6,M,0,0,1,1,2
22,Less than 25,Male,African-American,1,F,0,0,0,1,0
46,Greater than 45,Male,African-American,2,F,0,0,0,1,3
25,25 - 45,Male,African-American,0,M,0,0,0,0,0
52,Greater than 45,Male,Caucasian,1,F,0,0,0,0,3
28,25 - 45,Male,African-American,4,M,0,0,0,1,1
57,Greater than 45,Female,Caucasian,1,F,0,0,0,1,3
49,Greater than 45,Male,African-American,3,F,0,0,0,1,3
21,Less than 25,Male,African-American,2,F,0,0,0,1,0
32,25 - 45,Male,African-American,19,F,0,0,0,1,2
63,Greater than 45,Male,African-American,3,M,0,0,0,0,3
29,25 - 45,Male,Caucasian,2,F,0,0,0,0,1
46,Greater than 45,Male,African-American,0,M,0,0,0,0,3
23,Less than 25,Male,African-American,5,F,0,0,0,1,0
28,25 - 45,Male,African-American,10,M,0,0,0,1,1
27,25 - 45,Male,African-American,1,F,0,0,0,0,1
69,Greater than 45,Female,Hispanic,0,M,0,0,0,0,3
47,Greater than 45,Male,Hispanic,0,M,0,0,0,0,3
45,Greater than 45,Male,Hispanic,1,F,0,0,0,0,3
33,25 - 45,Female,Caucasian,1,M,0,0,0,0,2
27,25 - 45,Female,Hispanic,0,M,0,0,0,1,1
47,Greater than 45,Male,Caucasian,4,F,0,0,0,1,3
32,25 - 45,Male,African-American,14,F,0,0,0,1,2
24,Less than 25,Male,African-American,2,F,0,0,0,0,0
26,25 - 45,Male,African-American,5,F,0,0,0,1,1
47,Greater than 45,Male,Hispanic,0,M,0,0,0,0,3
25,25 - 45,Male,Caucasian,1,F,0,0,0,0,0
21,Less than 25,Male,African-American,1,F,0,0,0,0,0
25,25 - 45,Male,African-American,2,M,0,0,0,1,0
22,Less than 25,Male,African-American,6,F,1,1,0,1,0
26,25 - 45,Female,Caucasian,0,F,0,0,0,0,1
20,Less than 25,Male,Caucasian,0,F,0,0,0,0,0
30,25 - 45,Male,African-American,1,M,0,0,0,1,1
45,Greater than 45,Male,African-American,0,F,0,0,0,1,3
33,25 - 45,Male,African-American,7,F,0,0,0,1,2
35,25 - 45,Male,Caucasian,2,F,0,0,0,0,2
41,25 - 45,Male,Caucasian,5,F,0,0,0,0,2
23,Less than 25,Male,Caucasian,0,M,0,0,0,0,0
21,Less than 25,Female,Caucasian,0,M,0,1,0,1,0
54,Greater than 45,Male,African-American,0,F,0,0,0,0,3
27,25 - 45,Male,African-American,10,F,0,0,0,1,1
22,Less than 25,Male,Caucasian,0,M,0,0,0,0,0
21,Less than 25,Female,Hispanic,0,M,0,0,0,1,0
23,Less than 25,Male,African-American,2,F,0,0,0,1,0
30,25 - 45,Male,Hispanic,1,M,0,0,0,0,1
36,25 - 45,Male,African-American,5,M,0,0,0,1,2
24,Less than 25,Female,Hispanic,2,F,0,0,0,1,0
29,25 - 45,Male,African-American,10,F,0,0,1,1,1
54,Greater than 45,Male,African-American,4,M,0,0,0,1,3
22,Less than 25,Male,Caucasian,2,M,0,0,0,1,0
38,25 - 45,Male,Caucasian,2,F,0,0,0,0,2
26,25 - 45,Male,African-American,0,M,0,0,0,1,1
20,Less than 25,Female,African-American,0,F,0,0,0,0,0
56,Greater than 45,Male,Hispanic,0,M,0,0,0,0,3
52,Greater than 45,Male,African-American,6,M,0,0,0,1,3
29,25 - 45,Male,African-American,0,F,0,0,0,0,1
23,Less than 25,Female,African-American,6,M,0,0,0,0,0
35,25 - 45,Male,African-American,1,M,0,0,0,0,2
32,25 - 45,Male,Caucasian,8,F,0,0,0,1,2
21,Less than 25,Male,African-American,1,M,0,0,0,1,0
25,25 - 45,Male,Hispanic,0,F,0,0,0,0,0
32,25 - 45,Male,African-American,5,M,0,1,0,1,2
30,25 - 45,Male,African-American,4,M,0,0,0,1,1
30,25 - 45,Female,African-American,3,F,0,0,0,0,1
23,Less than 25,Male,African-American,2,F,0,0,0,1,0
32,25 - 45,Male,Caucasian,8,F,1,0,0,0,2
52,Greater than 45,Male,Caucasian,1,F,0,0,0,0,3
29,25 - 45,Male,African-American,6,F,0,0,0,1,1
42,25 - 45,Male,Caucasian,0,M,0,0,0,0,2
21,Less than 25,Male,African-American,0,F,0,0,1,1,0
36,25 - 45,Female,Caucasian,4,F,0,0,0,1,2
22,Less than 25,Female,African-American,0,M,0,0,0,0,0
45,Greater than 45,Male,Hispanic,2,F,0,0,0,0,3
29,25 - 45,Male,African-American,0,M,0,0,0,0,1
54,Greater than 45,Male,African-American,2,M,0,0,0,0,3
30,25 - 45,Male,African-American,6,F,0,0,0,1,1
51,Greater than 45,Male,African-American,17,M,0,0,0,0,3
45,Greater than 45,Male,Hispanic,20,F,0,0,0,1,3
27,25 - 45,Male,African-American,3,F,0,0,0,1,1
24,Less than 25,Male,Hispanic,1,F,0,0,0,1,0
24,Less than 25,Male,Caucasian,2,F,0,0,0,0,0
23,Less than 25,Male,African-American,2,M,0,0,0,0,0
42,25 - 45,Female,Other,2,M,0,0,0,0,2
36,25 - 45,Male,African-American,5,F,0,0,0,0,2
38,25 - 45,Female,African-American,8,M,0,1,0,1,2
69,Greater than 45,Male,Hispanic,0,M,0,0,0,0,3
21,Less than 25,Male,Hispanic,1,F,0,0,1,1,0
59,Greater than 45,Male,Hispanic,1,M,0,0,0,0,3
39,25 - 45,Male,African-American,1,F,0,0,0,0,2
29,25 - 45,Male,African-American,2,F,0,0,0,0,1
22,Less than 25,Male,Hispanic,1,M,0,0,0,1,0
28,25 - 45,Male,African-American,1,F,0,0,0,0,1
44,25 - 45,Male,Caucasian,6,F,0,0,0,0,3
25,25 - 45,Male,African-American,2,F,0,0,0,0,0
31,25 - 45,Male,African-American,0,F,0,0,0,0,1
35,25 - 45,Male,African-American,17,M,0,1,0,1,2
27,25 - 45,Male,African-American,11,M,0,0,0,1,1
33,25 - 45,Male,African-American,1,F,0,0,0,0,2
28,25 - 45,Male,African-American,6,F,0,0,0,1,1
20,Less than 25,Male,African-American,1,F,1,0,1,1,0
60,Greater than 45,Male,Caucasian,1,F,0,0,0,0,3
53,Greater than 45,Male,Hispanic,0,M,0,0,0,0,3
51,Greater than 45,Male,Hispanic,0,F,0,0,0,1,3
25,25 - 45,Male,Hispanic,1,F,0,0,0,0,0
27,25 - 45,Male,African-American,5,F,2,1,0,1,1
54,Greater than 45,Female,African-American,0,F,0,0,0,0,3
26,25 - 45,Female,African-American,3,M,0,0,1,0,1
24,Less than 25,Male,Caucasian,3,M,1,2,0,0,0
55,Greater than 45,Male,Hispanic,1,F,0,0,0,1,3
26,25 - 45,Male,Hispanic,0,F,0,0,0,0,1
75,Greater than 45,Female,African-American,5,F,0,0,0,0,3
36,25 - 45,Male,African-American,16,F,0,0,0,1,2
56,Greater than 45,Male,African-American,8,F,0,0,0,0,3
34,25 - 45,Male,Other,0,F,0,0,0,1,2
25,25 - 45,Female,African-American,5,M,0,0,0,1,0
46,Greater than 45,Male,Caucasian,0,F,0,0,0,0,3
27,25 - 45,Male,African-American,1,F,0,0,0,0,1
24,Less than 25,Male,African-American,1,M,0,0,0,0,0
28,25 - 45,Male,African-American,3,M,0,0,0,1,1
42,25 - 45,Male,African-American,13,M,1,0,1,1,2
59,Greater than 45,Male,African-American,2,M,0,0,0,0,3
39,25 - 45,Male,Caucasian,1,F,0,0,0,0,2
46,Greater than 45,Male,Caucasian,5,M,0,0,0,0,3
25,25 - 45,Male,Other,1,F,0,0,0,0,0
55,Greater than 45,Male,Caucasian,2,F,0,0,0,0,3
35,25 - 45,Male,African-American,1,M,0,0,0,1,2
43,25 - 45,Male,African-American,0,M,0,0,0,1,3
53,Greater than 45,Female,Caucasian,0,M,0,0,0,0,3
21,Less than 25,Female,African-American,0,M,0,0,0,0,0
55,Greater than 45,Male,African-American,17,F,0,0,0,1,3
27,25 - 45,Male,African-American,1,F,0,0,0,1,1
40,25 - 45,Male,African-American,0,F,0,0,0,0,2
37,25 - 45,Female,Caucasian,0,M,0,0,0,0,2
32,25 - 45,Male,Caucasian,2,M,0,0,0,1,2
32,25 - 45,Male,African-American,2,M,0,0,0,0,2
36,25 - 45,Male,African-American,4,M,0,0,0,1,2
22,Less than 25,Male,Hispanic,0,M,0,0,0,0,0
31,25 - 45,Female,African-American,0,F,0,0,0,0,1
26,25 - 45,Female,African-American,4,F,0,0,0,1,1
50,Greater than 45,Female,Caucasian,30,M,0,0,0,1,3
47,Greater than 45,Male,African-American,4,F,0,0,0,0,3
36,25 - 45,Male,African-American,2,F,0,0,0,0,2
38,25 - 45,Female,Caucasian,0,F,0,0,0,0,2
35,25 - 45,Male,Other,0,F,0,0,0,0,2
53,Greater than 45,Male,Caucasian,0,F,0,0,0,0,3
53,Greater than 45,Male,African-American,2,F,0,0,0,0,3
57,Greater than 45,Male,African-American,19,F,0,0,0,0,3
22,Less than 25,Male,African-American,5,F,0,0,0,1,0
21,Less than 25,Male,African-American,0,F,0,0,0,1,0
26,25 - 45,Male,African-American,0,F,0,0,0,1,1
24,Less than 25,Female,African-American,1,F,0,0,0,0,0
27,25 - 45,Male,African-American,2,F,0,0,0,0,1
49,Greater than 45,Female,Caucasian,4,F,0,0,0,0,3
47,Greater than 45,Male,Caucasian,1,F,0,0,0,1,3
30,25 - 45,Male,African-American,8,F,0,0,0,1,1
44,25 - 45,Male,Caucasian,3,F,0,0,0,0,3
34,25 - 45,Male,African-American,1,F,0,0,0,0,2
45,Greater than 45,Male,African-American,10,F,0,0,0,1,3
38,25 - 45,Male,Hispanic,0,F,0,0,0,0,2
50,Greater than 45,Male,Caucasian,2,M,0,0,0,0,3
29,25 - 45,Male,Caucasian,1,M,0,0,0,0,1
26,25 - 45,Male,Caucasian,0,F,0,0,0,0,1
44,25 - 45,Male,Hispanic,2,M,0,0,0,0,3
22,Less than 25,Female,African-American,1,F,0,0,0,1,0
47,Greater than 45,Male,Hispanic,0,M,0,0,0,0,3
49,Greater than 45,Male,Caucasian,0,F,0,0,0,0,3
49,Greater than 45,Male,African-American,1,F,0,0,0,1,3
59,Greater than 45,Male,Caucasian,2,F,0,0,0,0,3
32,25 - 45,Male,Caucasian,6,M,0,0,0,0,2
24,Less than 25,Male,African-American,1,M,0,0,2,1,0
40,25 - 45,Male,Hispanic,0,M,0,0,0,0,2
32,25 - 45,Male,African-American,0,F,0,0,0,0,2
54,Greater than 45,Female,Hispanic,0,M,0,0,0,0,3
27,25 - 45,Male,African-American,9,F,0,0,1,1,1
40,25 - 45,Female,Hispanic,1,M,0,0,0,0,2
25,25 - 45,Male,Caucasian,2,M,0,0,0,0,0
34,25 - 45,Male,African-American,1,M,0,0,0,0,2
62,Greater than 45,Female,Caucasian,2,F,0,0,0,1,3
20,Less than 25,Male,Caucasian,0,M,0,0,0,1,0
37,25 - 45,Male,African-American,18,M,2,0,0,0,2
30,25 - 45,Female,Caucasian,5,F,0,0,0,1,1
23,Less than 25,Male,African-American,1,F,0,0,0,1,0
20,Less than 25,Female,African-American,0,F,0,0,0,0,0
29,25 - 45,Male,Caucasian,7,M,0,0,0,1,1
24,Less than 25,Male,African-American,1,F,0,0,0,0,0
54,Greater than 45,Female,Caucasian,1,M,0,0,0,0,3
66,Greater than 45,Male,African-American,3,F,0,0,0,0,3
50,Greater than 45,Male,Caucasian,8,F,0,0,0,0,3
50,Greater than 45,Male,African-American,7,F,0,0,0,0,3
40,25 - 45,Male,Caucasian,3,F,0,0,0,0,2
30,25 - 45,Female,African-American,4,M,0,0,0,1,1
24,Less than 25,Female,Caucasian,2,F,0,0,0,0,0
24,Less than 25,Male,Hispanic,0,F,0,0,0,1,0
23,Less than 25,Female,African-American,3,F,0,0,0,1,0
24,Less than 25,Male,African-American,4,M,0,0,0,1,0
54,Greater than 45,Male,Caucasian,3,M,0,0,0,1,3
25,25 - 45,Male,Caucasian,4,M,0,0,2,0,0
46,Greater than 45,Male,Caucasian,1,M,0,0,0,0,3
35,25 - 45,Female,Hispanic,10,F,0,0,0,0,2
25,25 - 45,Male,Other,1,F,0,0,0,0,0
22,Less than 25,Female,Caucasian,0,M,0,0,0,0,0
32,25 - 45,Female,Caucasian,1,F,0,0,0,0,2
25,25 - 45,Male,African-American,0,M,0,0,0,1,0
22,Less than 25,Male,African-American,3,F,0,0,0,1,0
33,25 - 45,Male,African-American,16,F,0,0,0,1,2
49,Greater than 45,Female,Caucasian,0,M,0,0,0,1,3
30,25 - 45,Male,African-American,10,F,0,0,0,0,1
33,25 - 45,Male,African-American,4,M,0,0,0,1,2
24,Less than 25,Male,African-American,0,F,0,0,0,0,0
33,25 - 45,Male,African-American,12,M,0,0,1,1,2
37,25 - 45,Male,Caucasian,0,M,0,0,0,0,2
40,25 - 45,Female,Caucasian,0,M,0,0,0,0,2
27,25 - 45,Male,Caucasian,1,F,0,0,0,0,1
43,25 - 45,Male,African-American,9,F,0,0,0,1,3
26,25 - 45,Male,Caucasian,11,F,0,0,0,0,1
35,25 - 45,Male,African-American,5,F,0,0,0,1,2
25,25 - 45,Male,African-American,11,F,0,1,0,1,0
61,Greater than 45,Male,African-American,1,F,0,0,0,1,3
53,Greater than 45,Male,Caucasian,1,F,0,0,0,1,3
27,25 - 45,Female,Hispanic,0,F,0,0,0,0,1
52,Greater than 45,Female,African-American,1,F,0,0,0,0,3
26,25 - 45,Male,Caucasian,7,M,0,0,0,1,1
39,25 - 45,Male,African-American,1,M,0,0,0,1,2
47,Greater than 45,Male,African-American,5,F,0,0,0,0,3
50,Greater than 45,Male,Caucasian,1,F,0,0,0,0,3
52,Greater than 45,Female,Caucasian,6,M,0,0,0,0,3
41,25 - 45,Female,Caucasian,0,M,0,0,0,0,2
37,25 - 45,Male,Caucasian,0,M,0,0,0,0,2
24,Less than 25,Female,African-American,0,F,0,0,0,0,0
34,25 - 45,Female,African-American,14,F,0,0,0,0,2
24,Less than 25,Male,African-American,5,F,0,0,0,1,0
20,Less than 25,Male,Other,0,M,0,0,0,1,0
25,25 - 45,Male,Caucasian,1,M,0,0,0,1,0
31,25 - 45,Male,Caucasian,3,M,0,0,0,0,1
62,Greater than 45,Female,Caucasian,0,M,0,0,0,0,3
23,Less than 25,Male,Caucasian,0,F,0,0,0,1,0
60,Greater than 45,Female,Caucasian,0,F,0,0,0,0,3
35,25 - 45,Male,Caucasian,0,M,0,0,0,0,2
24,Less than 25,Female,African-American,0,F,0,0,0,0,0
56,Greater than 45,Female,Caucasian,1,F,0,0,0,1,3
30,25 - 45,Male,Caucasian,0,M,0,0,0,0,1
41,25 - 45,Male,Caucasian,17,M,0,0,0,1,2
35,25 - 45,Male,Caucasian,4,F,0,0,0,1,2
28,25 - 45,Female,Caucasian,0,M,0,0,0,0,1
23,Less than 25,Male,African-American,1,M,0,1,0,0,0
56,Greater than 45,Male,African-American,0,F,0,0,0,0,3
23,Less than 25,Male,African-American,2,F,0,0,0,1,0
20,Less than 25,Male,Hispanic,0,F,0,0,0,1,0
37,25 - 45,Male,Hispanic,4,F,0,1,0,0,2
23,Less than 25,Male,Caucasian,1,M,0,1,0,0,0
21,Less than 25,Male,African-American,0,F,0,0,0,1,0
21,Less than 25,Female,African-American,3,F,1,2,2,0,0
35,25 - 45,Female,African-American,2,F,0,0,0,0,2
33,25 - 45,Male,Caucasian,3,M,0,0,0,0,2
21,Less than 25,Male,Hispanic,0,F,0,0,0,0,0
41,25 - 45,Male,African-American,9,M,2,1,0,0,2
24,Less than 25,Male,African-American,0,F,0,0,0,0,0
20,Less than 25,Male,Hispanic,2,F,0,0,0,1,0
28,25 - 45,Male,African-American,9,F,0,0,0,1,1
25,25 - 45,Male,Native American,7,F,0,0,0,0,0
49,Greater than 45,Male,African-American,3,F,0,0,0,0,3
22,Less than 25,Female,Hispanic,0,F,0,0,0,0,0
21,Less than 25,Male,African-American,0,F,0,0,0,1,0
27,25 - 45,Female,African-American,3,F,0,0,0,1,1
32,25 - 45,Male,African-American,4,F,0,0,0,1,2
50,Greater than 45,Male,African-American,4,M,0,0,0,0,3
23,Less than 25,Female,African-American,0,M,0,0,0,0,0
34,25 - 45,Male,Caucasian,0,M,0,0,0,0,2
35,25 - 45,Male,African-American,1,M,0,0,0,0,2
25,25 - 45,Male,African-American,4,F,0,0,1,1,0
33,25 - 45,Female,Caucasian,2,F,0,0,0,1,2
25,25 - 45,Male,Other,1,M,0,0,0,1,0
30,25 - 45,Male,Hispanic,0,M,0,0,0,0,1
42,25 - 45,Male,Native American,0,M,0,0,0,0,2
29,25 - 45,Female,Caucasian,11,F,0,0,0,1,1
32,25 - 45,Female,African-American,6,F,0,0,0,1,2
24,Less than 25,Male,Other,5,F,0,0,0,0,0
52,Greater than 45,Male,African-American,3,F,0,0,0,0,3
26,25 - 45,Female,Caucasian,3,M,0,0,0,0,1
31,25 - 45,Male,Caucasian,2,F,0,0,0,1,1
38,25 - 45,Male,Hispanic,0,F,0,0,0,0,2
47,Greater than 45,Male,Caucasian,2,M,0,0,0,0,3
25,25 - 45,Male,African-American,5,F,0,0,0,0,0
30,25 - 45,Female,Caucasian,0,F,0,0,0,0,1
20,Less than 25,Male,African-American,0,M,0,0,0,1,0
29,25 - 45,Female,African-American,2,F,0,0,0,0,1
24,Less than 25,Male,Asian,0,F,0,0,0,0,0
31,25 - 45,Male,Caucasian,0,F,0,0,0,0,1
54,Greater than 45,Female,Caucasian,12,F,0,0,0,0,3
37,25 - 45,Female,Caucasian,1,M,0,0,0,0,2
43,25 - 45,Male,Hispanic,0,M,0,0,0,1,3
49,Greater than 45,Male,Caucasian,8,F,0,0,0,1,3
33,25 - 45,Female,African-American,1,F,0,0,0,0,2
20,Less than 25,Male,African-American,1,F,0,0,0,0,0
42,25 - 45,Male,African-American,0,M,0,0,0,0,2
44,25 - 45,Male,Caucasian,0,F,0,0,0,1,3
28,25 - 45,Male,African-American,5,F,0,0,0,1,1
32,25 - 45,Male,African-American,4,F,0,0,0,1,2
28,25 - 45,Male,African-American,7,F,0,0,0,1,1
38,25 - 45,Male,Caucasian,0,F,0,0,0,0,2
38,25 - 45,Male,African-American,3,F,0,0,0,0,2
21,Less than 25,Male,Caucasian,1,F,0,0,0,0,0
34,25 - 45,Female,African-American,0,M,0,0,0,0,2
21,Less than 25,Male,Caucasian,1,F,0,0,0,1,0
36,25 - 45,Male,African-American,1,F,0,0,0,1,2
29,25 - 45,Male,African-American,0,M,0,0,0,1,1
34,25 - 45,Male,African-American,3,F,0,0,1,1,2
38,25 - 45,Male,African-American,1,M,0,0,0,0,2
36,25 - 45,Male,Caucasian,0,F,0,0,0,0,2
32,25 - 45,Male,Hispanic,0,M,0,0,0,0,2
23,Less than 25,Male,African-American,0,M,0,0,0,0,0
47,Greater than 45,Male,Caucasian,0,M,0,0,0,0,3
20,Less than 25,Male,African-American,0,F,0,0,0,0,0
25,25 - 45,Female,African-American,2,F,0,0,0,1,0
35,25 - 45,Male,African-American,0,M,0,0,0,0,2
30,25 - 45,Female,Caucasian,1,F,0,0,0,0,1
28,25 - 45,Female,Caucasian,1,M,0,0,0,0,1
30,25 - 45,Male,Caucasian,2,M,0,0,0,1,1
45,Greater than 45,Female,Caucasian,3,M,0,0,0,0,3
24,Less than 25,Male,African-American,2,M,0,0,0,1,0
22,Less than 25,Male,African-American,0,F,0,0,0,0,0
20,Less than 25,Male,Other,8,F,0,8,1,1,0
42,25 - 45,Female,African-American,0,M,0,0,0,1,2
24,Less than 25,Male,African-American,8,F,1,1,0,1,0
40,25 - 45,Male,Hispanic,0,M,0,0,0,0,2
27,25 - 45,Male,Other,1,F,0,0,0,0,1
60,Greater than 45,Male,African-American,12,F,0,0,0,0,3
33,25 - 45,Male,African-American,6,M,0,0,0,0,2
34,25 - 45,Male,African-American,2,M,0,0,0,1,2
24,Less than 25,Male,Caucasian,4,M,0,0,0,0,0
27,25 - 45,Male,African-American,0,M,0,0,0,1,1
29,25 - 45,Male,African-American,4,F,1,1,1,1,1
21,Less than 25,Male,Caucasian,1,F,1,0,1,1,0
32,25 - 45,Male,Hispanic,0,M,0,0,0,0,2
30,25 - 45,Male,Caucasian,10,F,0,0,0,1,1
42,25 - 45,Female,Caucasian,0,F,0,0,0,1,2
32,25 - 45,Male,African-American,1,F,0,0,0,0,2
27,25 - 45,Male,Other,0,F,0,0,0,0,1
30,25 - 45,Male,Caucasian,3,M,0,0,0,0,1
22,Less than 25,Male,African-American,1,F,0,0,0,1,0
20,Less than 25,Male,Caucasian,0,M,0,0,0,1,0
57,Greater than 45,Male,Caucasian,0,M,0,0,0,0,3
51,Greater than 45,Male,Caucasian,3,F,0,0,0,1,3
21,Less than 25,Male,African-American,0,F,0,0,0,0,0
22,Less than 25,Male,African-American,0,F,0,0,0,0,0
35,25 - 45,Male,African-American,4,F,0,0,0,1,2
54,Greater than 45,Female,Caucasian,1,F,0,0,0,0,3
58,Greater than 45,Male,Caucasian,2,F,0,0,0,0,3
32,25 - 45,Female,Caucasian,0,F,0,0,0,1,2
39,25 - 45,Female,African-American,22,F,0,0,0,1,2
30,25 - 45,Male,Caucasian,9,M,0,0,0,1,1
20,Less than 25,Male,African-American,0,F,0,0,0,1,0
40,25 - 45,Male,Other,0,M,0,0,0,0,2
45,Greater than 45,Female,Caucasian,5,M,0,0,0,0,3
31,25 - 45,Male,African-American,4,F,0,0,0,1,1
23,Less than 25,Male,Hispanic,4,F,0,0,0,0,0
26,25 - 45,Male,Hispanic,0,M,0,0,0,1,1
53,Greater than 45,Female,Caucasian,1,M,0,0,0,0,3
44,25 - 45,Male,Caucasian,0,M,0,0,0,0,3
44,25 - 45,Female,Caucasian,1,M,0,0,0,0,3
21,Less than 25,Male,Caucasian,0,F,0,0,0,1,0
28,25 - 45,Male,African-American,0,M,0,0,0,0,1
28,25 - 45,Male,Caucasian,2,M,0,0,0,0,1
24,Less than 25,Male,African-American,0,F,0,0,0,1,0
28,25 - 45,Male,African-American,0,F,0,0,0,0,1
53,Greater than 45,Male,Caucasian,4,F,0,0,0,0,3
47,Greater than 45,Male,Hispanic,1,F,0,0,0,0,3
20,Less than 25,Male,African-American,1,F,0,0,0,0,0
21,Less than 25,Male,African-American,0,M,0,0,0,0,0
30,25 - 45,Male,Other,1,F,0,0,0,1,1
37,25 - 45,Male,Caucasian,1,M,0,0,0,1,2
60,Greater than 45,Male,Hispanic,1,F,0,0,0,0,3
26,25 - 45,Male,Hispanic,1,M,0,0,0,1,1
30,25 - 45,Male,Caucasian,0,M,0,0,0,0,1
26,25 - 45,Male,Caucasian,2,F,0,0,0,1,1
26,25 - 45,Female,African-American,5,F,0,0,0,1,1
21,Less than 25,Male,Hispanic,0,F,0,0,0,0,0
39,25 - 45,Female,African-American,1,F,0,0,0,0,2
30,25 - 45,Male,Other,0,F,0,0,0,0,1
44,25 - 45,Male,African-American,2,F,0,0,0,0,3
45,Greater than 45,Male,Caucasian,0,M,0,0,0,0,3
30,25 - 45,Male,African-American,1,F,0,0,0,0,1
38,25 - 45,Male,Asian,2,F,0,0,0,0,2
23,Less than 25,Male,Caucasian,6,F,0,0,0,1,0
37,25 - 45,Male,African-American,1,F,0,0,0,0,2
46,Greater than 45,Male,Asian,0,M,0,0,0,0,3
42,25 - 45,Male,African-American,0,F,0,0,0,0,2
20,Less than 25,Female,African-American,0,F,0,0,0,1,0
65,Greater than 45,Male,Caucasian,2,M,0,0,0,0,3
54,Greater than 45,Male,Caucasian,4,M,0,0,0,0,3
47,Greater than 45,Male,African-American,7,F,0,0,0,1,3
39,25 - 45,Male,African-American,5,F,0,0,0,1,2
26,25 - 45,Male,Caucasian,0,F,0,0,0,1,1
29,25 - 45,Male,Caucasian,7,M,0,0,0,1,1
51,Greater than 45,Male,Caucasian,7,F,0,0,0,1,3
44,25 - 45,Male,African-American,0,M,0,0,0,0,3
49,Greater than 45,Male,Caucasian,12,M,0,0,0,0,3
22,Less than 25,Male,African-American,0,F,0,0,0,1,0
32,25 - 45,Male,African-American,4,M,0,0,0,1,2
27,25 - 45,Male,African-American,0,M,0,0,0,0,1
30,25 - 45,Male,Caucasian,0,M,0,0,0,0,1
22,Less than 25,Male,African-American,6,F,0,3,1,1,0
20,Less than 25,Male,African-American,2,F,2,0,0,1,0
28,25 - 45,Male,Hispanic,11,M,0,0,0,0,1
45,Greater than 45,Male,Other,0,M,0,0,0,0,3
51,Greater than 45,Female,Caucasian,5,F,0,0,0,0,3
27,25 - 45,Male,African-American,4,F,0,0,0,1,1
32,25 - 45,Male,African-American,0,F,0,0,0,1,2
43,25 - 45,Male,African-American,2,F,0,0,0,0,3
63,Greater than 45,Female,African-American,1,F,0,0,0,0,3
37,25 - 45,Male,Caucasian,2,F,0,0,0,0,2
26,25 - 45,Male,African-American,0,F,0,0,0,1,1
32,25 - 45,Male,African-American,17,F,1,2,0,1,2
26,25 - 45,Male,African-American,0,M,0,0,0,0,1
32,25 - 45,Male,Other,4,F,0,0,0,0,2
39,25 - 45,Male,Hispanic,3,F,0,0,0,0,2
58,Greater than 45,Female,African-American,4,F,0,0,0,0,3
33,25 - 45,Male,Other,0,M,0,0,0,0,2
22,Less than 25,Female,Caucasian,1,M,0,0,1,0,0
26,25 - 45,Male,African-American,6,M,0,0,0,1,1
21,Less than 25,Male,African-American,2,F,2,0,1,1,0
29,25 - 45,Female,African-American,1,F,0,0,0,1,1
31,25 - 45,Male,Caucasian,0,F,0,0,0,1,1
43,25 - 45,Male,Caucasian,2,F,0,0,0,0,3
23,Less than 25,Male,African-American,0,M,0,0,0,0,0
25,25 - 45,Male,Caucasian,0,F,0,0,0,0,0
22,Less than 25,Male,African-American,6,F,0,0,0,0,0
30,25 - 45,Male,African-American,6,F,0,0,0,0,1
25,25 - 45,Male,African-American,15,F,0,3,1,1,0
20,Less than 25,Male,African-American,0,F,0,0,1,1,0
39,25 - 45,Male,Hispanic,0,F,0,0,0,0,2
31,25 - 45,Male,African-American,3,F,0,0,0,1,1
33,25 - 45,Male,African-American,1,F,0,0,0,1,2
59,Greater than 45,Male,African-American,1,F,0,0,0,0,3
21,Less than 25,Male,Hispanic,1,F,0,0,2,0,0
53,Greater than 45,Male,African-American,8,F,0,0,0,1,3
34,25 - 45,Male,Caucasian,2,M,0,0,0,0,2
36,25 - 45,Male,Caucasian,6,F,0,0,0,0,2
23,Less than 25,Male,African-American,0,F,0,0,0,0,0
32,25 - 45,Male,African-American,2,M,0,0,0,0,2
32,25 - 45,Male,African-American,11,M,0,0,0,1,2
66,Greater than 45,Female,Caucasian,1,M,0,0,0,0,3
66,Greater than 45,Male,Other,0,M,0,0,0,0,3
24,Less than 25,Female,Caucasian,0,M,0,0,0,0,0
30,25 - 45,Male,African-American,7,F,0,0,0,1,1
28,25 - 45,Male,African-American,1,M,0,0,0,0,1
43,25 - 45,Male,Caucasian,4,F,0,0,0,1,3
35,25 - 45,Male,African-American,3,M,0,0,0,0,2
19,Less than 25,Male,African-American,2,F,3,0,0,1,0
33,25 - 45,Male,Caucasian,0,F,0,0,0,1,2
22,Less than 25,Male,African-American,1,M,0,0,0,1,0
29,25 - 45,Male,African-American,0,F,0,0,0,0,1
23,Less than 25,Female,African-American,0,M,0,0,0,0,0
62,Greater than 45,Male,African-American,15,F,0,0,0,0,3
33,25 - 45,Female,Caucasian,0,M,0,0,0,0,2
35,25 - 45,Male,African-American,1,M,0,0,0,0,2
53,Greater than 45,Male,Caucasian,0,F,0,0,0,0,3
59,Greater than 45,Male,Caucasian,17,F,0,0,0,1,3
48,Greater than 45,Female,Caucasian,0,M,0,0,0,0,3
33,25 - 45,Female,African-American,1,F,0,0,0,0,2
44,25 - 45,Male,Caucasian,0,M,0,0,0,0,3
31,25 - 45,Male,Caucasian,10,F,0,0,0,1,1
28,25 - 45,Male,African-American,2,F,0,0,1,1,1
56,Greater than 45,Male,Other,9,F,0,0,0,0,3
51,Greater than 45,Male,Hispanic,1,F,0,0,0,0,3
23,Less than 25,Male,African-American,0,F,0,0,0,1,0
21,Less than 25,Male,Hispanic,0,F,0,0,0,0,0
26,25 - 45,Male,Caucasian,0,F,0,0,0,0,1
22,Less than 25,Male,African-American,3,F,0,3,0,0,0
29,25 - 45,Male,African-American,0,M,0,0,0,0,1
20,Less than 25,Male,African-American,2,F,0,1,1,1,0
44,25 - 45,Male,Caucasian,0,M,0,0,0,0,3
41,25 - 45,Male,African-American,2,F,0,0,0,0,2
28,25 - 45,Female,African-American,4,F,0,0,1,0,1
27,25 - 45,Male,Caucasian,1,M,0,0,0,1,1
31,25 - 45,Male,Caucasian,7,M,0,0,0,0,1
23,Less than 25,Male,Caucasian,5,F,0,0,0,1,0
33,25 - 45,Male,African-American,16,M,0,0,0,1,2
26,25 - 45,Male,African-American,3,F,0,0,0,1,1
20,Less than 25,Male,African-American,0,F,0,0,2,0,0
55,Greater than 45,Male,Caucasian,2,M,0,0,0,1,3
36,25 - 45,Male,African-American,0,F,0,0,0,0,2
48,Greater than 45,Male,Other,4,F,0,0,0,1,3
22,Less than 25,Male,Other,5,F,0,0,0,1,0
23,Less than 25,Male,African-American,1,M,1,0,0,0,0
34,25 - 45,Male,African-American,19,F,0,2,1,1,2
59,Greater than 45,Female,Caucasian,1,F,0,0,0,0,3
37,25 - 45,Male,Caucasian,0,F,0,0,0,1,2
28,25 - 45,Female,Caucasian,0,F,0,0,0,1,1
20,Less than 25,Male,African-American,1,F,1,0,1,1,0
31,25 - 45,Male,African-American,0,F,0,0,0,0,1
38,25 - 45,Female,African-American,14,F,0,0,0,1,2
33,25 - 45,Male,African-American,0,F,0,0,0,1,2
27,25 - 45,Male,African-American,3,F,0,0,0,1,1
25,25 - 45,Male,Caucasian,2,M,0,0,0,1,0
42,25 - 45,Female,African-American,2,F,0,0,0,0,2
22,Less than 25,Male,African-American,3,F,0,0,0,1,0
21,Less than 25,Male,Other,0,F,0,0,0,0,0
57,Greater than 45,Male,Caucasian,15,F,0,0,0,0,3
45,Greater than 45,Male,Caucasian,1,F,0,0,0,1,3
21,Less than 25,Female,African-American,1,M,0,0,0,1,0
52,Greater than 45,Male,Caucasian,2,M,0,0,0,0,3
29,25 - 45,Male,Caucasian,0,M,0,0,0,0,1
37,25 - 45,Female,African-American,0,M,0,0,0,0,2
34,25 - 45,Male,Caucasian,0,F,0,0,1,0,2
53,Greater than 45,Male,African-American,0,M,0,0,0,1,3
30,25 - 45,Female,African-American,8,F,0,0,0,1,1
35,25 - 45,Male,Hispanic,0,M,0,0,0,0,2
28,25 - 45,Male,Caucasian,1,F,0,0,0,0,1
21,Less than 25,Male,African-American,1,F,0,0,0,0,0
22,Less than 25,Male,African-American,1,F,0,0,0,0,0
42,25 - 45,Male,Caucasian,1,M,0,0,0,1,2
26,25 - 45,Male,African-American,3,F,0,0,0,1,1
54,Greater than 45,Male,African-American,9,M,0,0,0,0,3
39,25 - 45,Male,Other,1,F,0,0,0,1,2
30,25 - 45,Male,African-American,20,F,2,0,0,1,1
26,25 - 45,Female,African-American,1,F,0,0,0,1,1
41,25 - 45,Male,African-American,0,M,0,0,0,0,2
23,Less than 25,Male,Caucasian,5,M,1,0,1,1,0
43,25 - 45,Male,Caucasian,1,F,0,0,0,1,3
22,Less than 25,Male,African-American,0,M,0,0,0,1,0
42,25 - 45,Male,Hispanic,3,M,0,0,0,0,2
27,25 - 45,Female,Caucasian,6,F,0,0,0,1,1
42,25 - 45,Female,African-American,2,M,0,0,0,0,2
25,25 - 45,Male,African-American,8,F,0,0,0,1,0
49,Greater than 45,Male,African-American,4,M,0,0,0,0,3
26,25 - 45,Male,African-American,7,F,1,0,0,1,1
52,Greater than 45,Male,Caucasian,1,F,0,0,0,0,3
60,Greater than 45,Female,Caucasian,2,F,0,0,0,0,3
23,Less than 25,Female,African-American,0,M,0,0,0,0,0
30,25 - 45,Male,African-American,2,M,0,0,0,0,1
48,Greater than 45,Male,African-American,9,F,0,0,0,1,3
32,25 - 45,Male,African-American,2,F,0,0,0,1,2
28,25 - 45,Male,Hispanic,3,F,0,0,1,1,1
24,Less than 25,Male,African-American,5,F,0,0,0,1,0
26,25 - 45,Female,African-American,3,F,0,0,0,1,1
22,Less than 25,Male,African-American,3,F,0,0,0,1,0
44,25 - 45,Male,African-American,2,F,0,0,0,0,3
32,25 - 45,Male,Caucasian,3,F,0,0,0,0,2
27,25 - 45,Female,African-American,1,M,0,0,0,0,1
52,Greater than 45,Male,African-American,15,M,0,0,0,1,3
61,Greater than 45,Male,Caucasian,3,M,0,0,0,1,3
69,Greater than 45,Male,African-American,3,M,0,0,0,0,3
51,Greater than 45,Male,Other,2,F,0,0,0,0,3
21,Less than 25,Female,Caucasian,1,F,0,0,0,0,0
31,25 - 45,Male,Caucasian,2,M,1,0,0,1,1
19,Less than 25,Male,African-American,3,F,0,2,0,1,0
24,Less than 25,Male,African-American,12,M,0,5,0,1,0
24,Less than 25,Male,Caucasian,3,F,0,0,0,1,0
57,Greater than 45,Male,Hispanic,3,F,0,0,0,0,3
30,25 - 45,Male,Caucasian,6,F,0,0,0,0,1
43,25 - 45,Male,African-American,4,F,0,0,0,1,3
24,Less than 25,Male,African-American,4,F,0,0,1,0,0
30,25 - 45,Female,Caucasian,7,M,0,0,0,0,1
25,25 - 45,Male,African-American,5,F,0,0,0,1,0
57,Greater than 45,Male,Caucasian,0,M,0,0,0,1,3
56,Greater than 45,Female,Caucasian,1,F,0,0,0,0,3
21,Less than 25,Male,African-American,1,F,0,0,0,0,0
31,25 - 45,Male,African-American,6,F,3,0,0,1,1
23,Less than 25,Female,African-American,1,F,0,0,0,0,0
30,25 - 45,Male,African-American,15,F,1,0,2,1,1
42,25 - 45,Male,Other,1,M,0,0,0,0,2
64,Greater than 45,Male,Caucasian,0,F,0,0,0,0,3
21,Less than 25,Female,Caucasian,0,F,0,0,0,1,0
36,25 - 45,Male,African-American,5,F,0,0,0,0,2
50,Greater than 45,Female,African-American,1,F,0,0,0,0,3
23,Less than 25,Male,African-American,0,M,0,0,0,1,0
28,25 - 45,Male,Native American,2,F,0,0,0,0,1
25,25 - 45,Female,Caucasian,5,F,0,0,0,0,0
47,Greater than 45,Female,African-American,1,F,0,0,0,0,3
28,25 - 45,Male,African-American,7,F,0,0,1,1,1
53,Greater than 45,Male,Hispanic,4,F,0,0,0,0,3
54,Greater than 45,Male,Caucasian,14,M,0,0,0,1,3
37,25 - 45,Male,Other,6,M,0,0,0,0,2
25,25 - 45,Male,Caucasian,5,M,0,0,1,1,0
63,Greater than 45,Male,Caucasian,0,M,0,0,0,1,3
35,25 - 45,Male,African-American,2,M,0,0,0,0,2
20,Less than 25,Male,African-American,9,F,9,0,0,1,0
26,25 - 45,Male,Hispanic,0,M,0,0,0,1,1
32,25 - 45,Male,African-American,2,F,0,0,0,0,2
25,25 - 45,Male,African-American,8,M,0,0,0,1,0
33,25 - 45,Male,Caucasian,0,M,0,0,0,0,2
29,25 - 45,Male,African-American,7,F,0,0,0,0,1
27,25 - 45,Male,Hispanic,2,M,0,0,0,0,1
37,25 - 45,Male,African-American,12,M,1,0,1,1,2
20,Less than 25,Female,Caucasian,3,M,0,2,1,1,0
32,25 - 45,Male,African-American,1,F,0,0,0,1,2
72,Greater than 45,Male,Caucasian,1,M,0,0,0,0,3
38,25 - 45,Male,Caucasian,0,F,0,0,0,0,2
40,25 - 45,Male,Caucasian,0,F,0,0,0,0,2
23,Less than 25,Male,Caucasian,0,F,0,0,0,0,0
21,Less than 25,Male,Caucasian,5,F,0,0,0,1,0
27,25 - 45,Male,Caucasian,4,F,0,0,0,1,1
55,Greater than 45,Male,Caucasian,13,F,0,0,0,1,3
23,Less than 25,Male,African-American,5,F,0,3,0,1,0
41,25 - 45,Female,Caucasian,0,M,0,0,0,0,2
56,Greater than 45,Male,Caucasian,1,M,0,0,0,0,3
55,Greater than 45,Male,Caucasian,11,M,0,0,0,0,3
23,Less than 25,Female,Hispanic,0,F,0,0,0,1,0
28,25 - 45,Male,African-American,3,F,0,0,0,0,1
31,25 - 45,Male,Other,2,F,0,0,0,1,1
56,Greater than 45,Male,African-American,3,M,0,0,0,0,3
53,Greater than 45,Male,Caucasian,0,M,0,0,0,0,3
27,25 - 45,Male,African-American,6,F,0,0,0,1,1
22,Less than 25,Male,Caucasian,0,F,0,0,0,1,0
22,Less than 25,Female,African-American,0,F,0,0,1,1,0
33,25 - 45,Male,African-American,7,M,0,0,0,1,2
34,25 - 45,Male,African-American,15,F,0,0,0,0,2
22,Less than 25,Male,Hispanic,0,M,0,0,0,1,0
32,25 - 45,Male,African-American,12,F,0,0,0,0,2
47,Greater than 45,Male,African-American,14,F,4,0,1,1,3
24,Less than 25,Male,Asian,0,M,0,0,0,0,0
25,25 - 45,Male,African-American,14,F,0,4,4,1,0
56,Greater than 45,Male,Caucasian,0,F,0,0,0,0,3
36,25 - 45,Male,Hispanic,1,F,0,0,0,1,2
28,25 - 45,Male,African-American,4,F,0,0,0,1,1
20,Less than 25,Male,African-American,2,F,2,0,0,1,0
59,Greater than 45,Male,Hispanic,0,M,0,0,0,0,3
27,25 - 45,Female,Caucasian,1,F,0,0,0,1,1
29,25 - 45,Female,African-American,11,F,0,0,0,0,1
72,Greater than 45,Male,Caucasian,3,F,0,0,0,0,3
24,Less than 25,Female,African-American,2,M,0,0,0,1,0
45,Greater than 45,Male,African-American,3,F,0,0,0,0,3
30,25 - 45,Male,African-American,7,M,0,0,0,1,1
45,Greater than 45,Male,African-American,0,M,0,0,0,0,3
47,Greater than 45,Male,Caucasian,0,M,0,0,0,0,3
24,Less than 25,Male,African-American,0,F,0,0,0,1,0
20,Less than 25,Male,African-American,0,M,0,0,0,1,0
51,Greater than 45,Male,Caucasian,6,F,0,0,0,1,3
34,25 - 45,Male,African-American,2,M,0,0,0,0,2
22,Less than 25,Male,Hispanic,2,F,0,0,0,0,0
49,Greater than 45,Female,Caucasian,2,M,0,0,0,1,3
41,25 - 45,Male,Caucasian,5,F,0,0,0,0,2
49,Greater than 45,Male,Caucasian,1,F,0,0,0,0,3
26,25 - 45,Male,Hispanic,0,M,0,0,0,0,1
34,25 - 45,Female,Caucasian,2,F,0,0,0,1,2
28,25 - 45,Female,African-American,0,M,0,0,0,0,1
33,25 - 45,Male,Caucasian,2,M,0,0,0,0,2
46,Greater than 45,Male,African-American,0,F,0,0,0,0,3
21,Less than 25,Male,African-American,0,M,0,0,0,0,0
26,25 - 45,Male,African-American,14,F,0,1,3,1,1
28,25 - 45,Female,Hispanic,2,M,0,0,0,0,1
48,Greater than 45,Male,Hispanic,1,F,0,0,0,1,3
58,Greater than 45,Male,African-American,24,F,0,0,0,1,3
29,25 - 45,Male,Other,0,F,0,0,0,0,1
20,Less than 25,Female,African-American,2,F,0,0,3,1,0
28,25 - 45,Male,African-American,0,M,0,0,0,1,1
21,Less than 25,Male,Caucasian,0,F,0,0,0,1,0
26,25 - 45,Male,Other,0,F,0,0,0,0,1
34,25 - 45,Male,African-American,3,M,0,0,0,0,2
32,25 - 45,Male,African-American,15,F,2,0,0,1,2
38,25 - 45,Male,African-American,10,F,0,0,1,1,2
22,Less than 25,Male,African-American,0,F,0,0,0,0,0
42,25 - 45,Male,Caucasian,2,F,0,0,0,1,2
57,Greater than 45,Female,Caucasian,0,M,0,0,0,0,3
56,Greater than 45,Female,Caucasian,1,F,0,0,0,0,3
32,25 - 45,Male,Hispanic,2,M,0,0,0,1,2
30,25 - 45,Male,African-American,11,F,0,2,2,0,1
29,25 - 45,Male,African-American,2,M,0,0,0,0,1
46,Greater than 45,Male,African-American,15,F,0,0,1,1,3
36,25 - 45,Male,African-American,5,F,2,0,0,0,2
24,Less than 25,Female,African-American,0,F,0,0,0,0,0
70,Greater than 45,Female,African-American,1,F,0,0,0,0,3
21,Less than 25,Male,Hispanic,0,F,0,0,0,1,0
45,Greater than 45,Female,Caucasian,1,M,0,0,0,0,3
33,25 - 45,Female,Hispanic,2,M,0,0,0,0,2
39,25 - 45,Female,African-American,6,F,0,1,0,0,2
25,25 - 45,Male,Caucasian,6,F,0,1,0,0,0
48,Greater than 45,Male,Hispanic,1,M,0,0,0,0,3
32,25 - 45,Female,Caucasian,1,M,0,0,0,1,2
46,Greater than 45,Male,Caucasian,0,F,0,0,0,0,3
28,25 - 45,Male,Caucasian,0,M,0,0,0,1,1
32,25 - 45,Male,Caucasian,1,M,0,0,0,0,2
27,25 - 45,Male,African-American,1,F,0,0,0,0,1
43,25 - 45,Male,Caucasian,11,F,0,0,0,1,3
56,Greater than 45,Male,Caucasian,5,F,0,0,0,1,3
30,25 - 45,Male,African-American,9,F,0,0,0,1,1
35,25 - 45,Male,African-American,12,F,0,4,17,0,2
29,25 - 45,Male,Caucasian,1,F,0,0,0,0,1
54,Greater than 45,Male,African-American,8,F,0,0,0,1,3
20,Less than 25,Female,Caucasian,0,F,0,0,0,0,0
29,25 - 45,Male,African-American,0,F,0,0,0,0,1
28,25 - 45,Male,Other,3,F,0,0,0,0,1
67,Greater than 45,Male,Asian,0,M,0,0,0,0,3
46,Greater than 45,Female,African-American,1,M,0,0,0,0,3
25,25 - 45,Male,Other,0,F,0,0,0,0,0
24,Less than 25,Male,African-American,8,F,0,2,1,1,0
29,25 - 45,Male,Other,3,F,0,0,0,0,1
45,Greater than 45,Male,African-American,2,M,0,0,0,0,3
31,25 - 45,Male,African-American,5,F,0,0,0,1,1
23,Less than 25,Male,Caucasian,0,F,0,0,0,1,0
21,Less than 25,Male,African-American,0,F,0,0,0,1,0
61,Greater than 45,Male,Caucasian,0,M,0,0,0,0,3
51,Greater than 45,Female,Caucasian,5,M,0,0,0,1,3
32,25 - 45,Male,Other,1,F,0,0,0,0,2
43,25 - 45,Male,Caucasian,9,F,0,0,0,0,3
32,25 - 45,Male,Other,0,M,0,0,0,0,2
36,25 - 45,Male,African-American,0,F,0,0,0,0,2
58,Greater than 45,Male,Caucasian,3,F,0,0,0,1,3
32,25 - 45,Male,African-American,1,M,0,0,0,0,2
57,Greater than 45,Male,African-American,12,F,0,0,0,0,3
37,25 - 45,Male,African-American,2,F,0,0,0,0,2
44,25 - 45,Male,African-American,6,F,0,0,0,0,3
51,Greater than 45,Male,African-American,8,F,0,0,0,0,3
45,Greater than 45,Male,Hispanic,4,F,0,0,0,0,3
28,25 - 45,Male,Caucasian,9,M,0,0,2,0,1
45,Greater than 45,Male,African-American,8,F,0,0,0,1,3
48,Greater than 45,Male,Other,1,F,0,0,0,0,3
26,25 - 45,Male,African-American,13,F,0,1,1,1,1
34,25 - 45,Male,Caucasian,9,F,1,0,0,1,2
25,25 - 45,Male,African-American,0,F,0,0,0,0,0
31,25 - 45,Male,African-American,8,M,0,0,0,1,1
43,25 - 45,Male,African-American,1,F,0,0,0,0,3
30,25 - 45,Male,African-American,0,M,0,0,0,0,1
50,Greater than 45,Male,Caucasian,0,M,0,0,0,0,3
31,25 - 45,Female,African-American,2,F,0,0,0,0,1
33,25 - 45,Female,Caucasian,7,M,0,0,0,0,2
32,25 - 45,Male,African-American,1,F,0,0,0,1,2
46,Greater than 45,Female,Caucasian,0,M,0,0,0,1,3
22,Less than 25,Male,Hispanic,0,F,0,0,0,0,0
37,25 - 45,Male,African-American,8,F,0,0,0,1,2
32,25 - 45,Female,Caucasian,6,F,0,0,0,1,2
23,Less than 25,Female,African-American,2,F,0,0,0,1,0
21,Less than 25,Male,Caucasian,0,F,0,0,0,0,0
22,Less than 25,Male,Other,1,F,0,0,0,0,0
52,Greater than 45,Male,Other,2,F,0,0,0,0,3
49,Greater than 45,Male,Caucasian,2,M,0,0,0,0,3
55,Greater than 45,Male,Caucasian,3,F,0,0,0,1,3
22,Less than 25,Male,African-American,0,F,0,0,0,0,0
45,Greater than 45,Male,Hispanic,0,F,0,0,0,0,3
31,25 - 45,Female,African-American,7,F,0,0,0,1,1
22,Less than 25,Male,Caucasian,0,M,0,0,1,1,0
28,25 - 45,Male,African-American,5,M,0,0,0,0,1
21,Less than 25,Male,African-American,1,F,0,0,0,1,0
37,25 - 45,Male,Hispanic,2,M,0,0,1,0,2
30,25 - 45,Male,African-American,21,F,0,2,0,1,1
22,Less than 25,Male,African-American,13,F,0,0,1,1,0
35,25 - 45,Male,African-American,23,F,0,1,0,1,2
28,25 - 45,Male,African-American,11,F,2,1,0,0,1
24,Less than 25,Male,African-American,1,F,0,0,0,0,0
44,25 - 45,Male,African-American,9,F,0,0,0,0,3
25,25 - 45,Male,Hispanic,5,F,0,0,4,0,0
32,25 - 45,Male,African-American,24,F,1,3,0,1,2
29,25 - 45,Male,African-American,5,F,0,0,0,1,1
24,Less than 25,Female,African-American,1,F,0,0,0,0,0
57,Greater than 45,Male,African-American,19,F,0,0,0,0,3
21,Less than 25,Male,Other,0,M,0,0,0,0,0
28,25 - 45,Male,Caucasian,0,F,0,0,0,0,1
51,Greater than 45,Male,Caucasian,0,M,0,0,0,0,3
34,25 - 45,Male,African-American,6,F,0,0,0,1,2
26,25 - 45,Male,African-American,0,M,0,0,0,1,1
20,Less than 25,Male,African-American,0,F,0,0,3,1,0
25,25 - 45,Male,African-American,6,M,0,1,0,0,0
19,Less than 25,Male,Caucasian,0,M,0,0,0,1,0
49,Greater than 45,Male,Caucasian,1,F,0,0,0,1,3
57,Greater than 45,Male,African-American,27,M,0,0,0,0,3
27,25 - 45,Female,African-American,0,M,0,0,0,0,1
66,Greater than 45,Male,Caucasian,1,M,0,0,0,0,3
25,25 - 45,Female,African-American,4,M,0,0,0,1,0
21,Less than 25,Male,Caucasian,0,F,0,0,0,0,0
45,Greater than 45,Male,Caucasian,1,F,0,0,0,0,3
38,25 - 45,Male,African-American,6,F,0,0,0,1,2
37,25 - 45,Male,African-American,24,F,2,3,0,0,2
44,25 - 45,Male,Caucasian,13,F,0,0,0,1,3
64,Greater than 45,Male,African-American,0,F,0,0,0,0,3
30,25 - 45,Male,African-American,1,F,0,0,0,1,1
61,Greater than 45,Male,African-American,1,M,0,0,0,0,3
33,25 - 45,Male,Caucasian,0,F,0,0,0,0,2
49,Greater than 45,Female,Caucasian,8,F,0,0,0,0,3
23,Less than 25,Male,African-American,0,F,0,0,0,0,0
33,25 - 45,Male,African-American,14,F,0,0,0,0,2
21,Less than 25,Male,Caucasian,0,F,0,0,0,1,0
30,25 - 45,Female,Caucasian,2,F,0,0,0,1,1
26,25 - 45,Male,Hispanic,7,M,0,0,1,0,1
35,25 - 45,Male,Other,3,M,0,0,0,1,2
27,25 - 45,Male,African-American,2,M,0,0,1,0,1
38,25 - 45,Male,Caucasian,1,M,0,0,0,0,2
48,Greater than 45,Male,African-American,14,F,0,0,0,1,3
26,25 - 45,Male,Caucasian,0,M,0,0,0,0,1
24,Less than 25,Male,African-American,4,F,0,1,0,1,0
28,25 - 45,Female,African-American,2,F,0,0,0,1,1
44,25 - 45,Female,Caucasian,4,F,0,0,0,1,3
23,Less than 25,Male,Caucasian,2,F,0,0,1,0,0
34,25 - 45,Female,Caucasian,1,F,0,0,0,1,2
20,Less than 25,Male,Caucasian,1,F,0,1,0,1,0
63,Greater than 45,Male,Other,23,F,0,0,0,1,3
36,25 - 45,Female,African-American,0,M,0,0,0,0,2
58,Greater than 45,Male,Caucasian,1,F,0,0,0,0,3
25,25 - 45,Male,African-American,7,F,0,0,0,1,0
46,Greater than 45,Male,Caucasian,5,M,0,0,0,0,3
35,25 - 45,Female,Caucasian,4,F,0,0,0,0,2
23,Less than 25,Male,African-American,3,F,0,0,0,0,0
40,25 - 45,Male,Caucasian,1,F,0,0,0,0,2
31,25 - 45,Male,Hispanic,3,F,0,0,0,0,1
34,25 - 45,Female,Hispanic,5,F,0,0,0,0,2
23,Less than 25,Male,African-American,3,M,0,0,0,1,0
27,25 - 45,Male,Caucasian,0,M,0,0,0,1,1
26,25 - 45,Female,African-American,3,F,0,0,0,0,1
49,Greater than 45,Male,African-American,1,F,0,0,0,0,3
47,Greater than 45,Female,Hispanic,0,M,0,0,0,0,3
45,Greater than 45,Female,Native American,1,M,0,0,0,0,3
47,Greater than 45,Male,African-American,6,F,0,0,0,0,3
34,25 - 45,Male,African-American,7,F,0,0,0,1,2
45,Greater than 45,Male,Hispanic,1,M,0,0,0,0,3
27,25 - 45,Male,African-American,10,F,0,0,0,0,1
52,Greater than 45,Female,Caucasian,0,M,0,0,0,0,3
26,25 - 45,Male,African-American,0,M,0,0,0,1,1
25,25 - 45,Male,African-American,9,F,0,0,1,0,0
51,Greater than 45,Male,African-American,1,F,0,0,0,0,3
29,25 - 45,Female,African-American,1,M,0,0,0,0,1
39,25 - 45,Male,African-American,1,F,0,0,0,0,2
46,Greater than 45,Male,Caucasian,0,F,0,0,0,0,3
28,25 - 45,Male,Caucasian,6,F,0,0,0,0,1
57,Greater than 45,Male,African-American,0,F,0,0,0,0,3
23,Less than 25,Male,Hispanic,2,F,0,0,0,0,0
34,25 - 45,Male,African-American,27,F,0,0,0,1,2
27,25 - 45,Male,African-American,3,F,0,0,0,0,1
25,25 - 45,Male,African-American,7,M,0,0,1,1,0
31,25 - 45,Male,Caucasian,1,F,0,0,0,1,1
37,25 - 45,Male,African-American,8,F,0,0,0,0,2
51,Greater than 45,Male,African-American,0,F,0,0,0,1,3
51,Greater than 45,Male,Hispanic,3,M,0,0,0,0,3
28,25 - 45,Male,African-American,8,F,0,1,0,0,1
56,Greater than 45,Male,Caucasian,4,F,0,0,0,0,3
45,Greater than 45,Male,African-American,15,F,0,0,0,1,3
26,25 - 45,Male,Caucasian,7,F,0,0,0,1,1
33,25 - 45,Male,Caucasian,7,F,0,0,0,1,2
23,Less than 25,Male,Caucasian,0,M,0,0,3,0,0
31,25 - 45,Male,African-American,0,M,0,0,0,0,1
31,25 - 45,Male,Other,0,M,0,0,0,0,1
19,Less than 25,Male,Hispanic,1,F,1,0,0,0,0
32,25 - 45,Male,Caucasian,0,F,0,0,0,0,2
30,25 - 45,Male,Caucasian,1,M,0,0,0,1,1
48,Greater than 45,Female,Hispanic,9,F,0,0,0,0,3
66,Greater than 45,Male,Caucasian,1,F,0,0,0,0,3
40,25 - 45,Female,African-American,0,F,0,0,0,0,2
59,Greater than 45,Male,African-American,4,M,0,0,0,0,3
25,25 - 45,Male,African-American,5,F,0,0,0,0,0
27,25 - 45,Male,African-American,3,M,0,0,0,0,1
22,Less than 25,Male,African-American,0,F,0,0,0,0,0
58,Greater than 45,Male,Caucasian,1,F,0,0,0,0,3
49,Greater than 45,Male,African-American,1,M,0,0,0,0,3
29,25 - 45,Male,Caucasian,2,F,0,0,0,0,1
44,25 - 45,Female,Caucasian,11,F,0,0,0,1,3
24,Less than 25,Male,African-American,2,F,0,0,0,0,0
27,25 - 45,Male,African-American,0,F,0,0,0,1,1
34,25 - 45,Female,African-American,5,F,0,0,0,1,2
24,Less than 25,Male,Caucasian,0,F,0,0,0,0,0
35,25 - 45,Female,Caucasian,3,F,0,1,0,0,2
65,Greater than 45,Male,Caucasian,4,M,0,0,0,0,3
29,25 - 45,Male,African-American,7,F,0,2,1,1,1
30,25 - 45,Male,African-American,5,F,1,0,0,1,1
23,Less than 25,Male,African-American,1,F,0,1,1,0,0
32,25 - 45,Male,Caucasian,2,F,0,0,0,1,2
22,Less than 25,Male,Caucasian,2,F,0,0,0,0,0
21,Less than 25,Male,African-American,0,M,0,0,0,0,0
43,25 - 45,Female,Caucasian,0,M,0,0,0,0,3
29,25 - 45,Male,African-American,0,F,0,0,0,0,1
43,25 - 45,Male,African-American,1,F,0,0,0,0,3
25,25 - 45,Male,African-American,1,F,0,0,0,0,0
47,Greater than 45,Male,Caucasian,0,M,0,0,0,0,3
21,Less than 25,Female,African-American,0,F,0,0,0,0,0
25,25 - 45,Female,African-American,1,M,0,0,0,0,0
54,Greater than 45,Male,Caucasian,0,M,0,0,0,0,3
34,25 - 45,Male,African-American,3,F,0,0,1,1,2
28,25 - 45,Female,African-American,2,M,0,0,0,0,1
53,Greater than 45,Female,Caucasian,4,F,0,0,0,1,3
54,Greater than 45,Male,African-American,0,M,0,0,0,0,3
37,25 - 45,Male,Hispanic,3,F,0,0,0,1,2
34,25 - 45,Male,African-American,2,F,0,0,0,0,2
50,Greater than 45,Male,Hispanic,11,M,0,0,0,0,3
60,Greater than 45,Female,Caucasian,0,F,0,0,0,1,3
22,Less than 25,Male,African-American,0,F,0,0,0,0,0
51,Greater than 45,Male,African-American,3,F,0,0,0,0,3
29,25 - 45,Male,African-American,0,F,0,0,0,1,1
28,25 - 45,Female,African-American,1,F,0,0,0,0,1
36,25 - 45,Male,Caucasian,6,F,0,0,0,0,2
28,25 - 45,Male,African-American,5,M,0,0,1,0,1
33,25 - 45,Male,Caucasian,0,F,0,0,0,1,2
43,25 - 45,Male,Caucasian,4,M,0,0,0,0,3
45,Greater than 45,Male,Hispanic,1,M,0,0,0,0,3
32,25 - 45,Male,Caucasian,5,F,0,0,0,1,2
35,25 - 45,Female,African-American,0,F,0,0,0,1,2
23,Less than 25,Male,African-American,1,F,0,0,0,1,0
41,25 - 45,Male,Hispanic,1,M,0,0,0,0,2
25,25 - 45,Male,Other,24,F,20,0,0,1,0
35,25 - 45,Male,Hispanic,12,F,0,1,0,0,2
25,25 - 45,Male,African-American,4,F,0,0,0,1,0
69,Greater than 45,Male,Caucasian,6,F,0,0,0,1,3
24,Less than 25,Male,Asian,0,M,0,0,0,0,0
21,Less than 25,Male,African-American,3,F,0,0,0,1,0
28,25 - 45,Male,Hispanic,0,F,0,0,0,0,1
47,Greater than 45,Male,African-American,23,F,0,0,0,1,3
59,Greater than 45,Male,Other,1,F,0,0,0,0,3
29,25 - 45,Male,African-American,13,F,0,1,0,1,1
36,25 - 45,Male,Caucasian,14,F,0,0,0,1,2
26,25 - 45,Male,African-American,9,F,0,0,0,1,1
31,25 - 45,Male,Other,0,M,0,0,0,0,1
32,25 - 45,Male,African-American,8,F,0,0,0,1,2
27,25 - 45,Female,Caucasian,3,F,0,0,0,1,1
28,25 - 45,Male,Caucasian,0,F,0,0,0,0,1
48,Greater than 45,Male,Caucasian,1,M,0,0,0,1,3
23,Less than 25,Male,Caucasian,2,F,0,0,0,1,0
44,25 - 45,Male,Caucasian,0,M,0,0,0,0,3
42,25 - 45,Male,African-American,7,M,0,0,0,0,2
39,25 - 45,Male,African-American,5,F,0,0,0,0,2
46,Greater than 45,Female,Hispanic,2,F,0,0,0,0,3
55,Greater than 45,Male,Caucasian,0,M,0,0,0,0,3
27,25 - 45,Male,African-American,5,F,0,0,0,1,1
31,25 - 45,Female,Caucasian,0,M,0,0,0,0,1
25,25 - 45,Male,African-American,0,F,0,0,0,0,0
32,25 - 45,Male,Caucasian,6,M,0,0,2,0,2
36,25 - 45,Male,African-American,2,F,0,0,0,0,2
21,Less than 25,Male,African-American,3,F,0,0,0,1,0
39,25 - 45,Male,Caucasian,2,M,0,0,0,0,2
26,25 - 45,Female,African-American,0,M,0,0,0,0,1
28,25 - 45,Male,African-American,8,F,0,0,0,1,1
67,Greater than 45,Male,Caucasian,2,M,0,0,0,1,3
22,Less than 25,Female,Other,0,F,0,0,0,0,0
37,25 - 45,Male,Caucasian,3,M,0,0,0,0,2
23,Less than 25,Male,African-American,2,M,0,0,0,1,0
49,Greater than 45,Female,African-American,14,M,0,0,0,1,3
32,25 - 45,Male,Caucasian,9,M,0,0,0,1,2
41,25 - 45,Male,Caucasian,9,M,0,0,0,0,2
25,25 - 45,Male,African-American,1,M,0,0,0,0,0
57,Greater than 45,Female,Caucasian,3,F,0,0,0,0,3
58,Greater than 45,Male,Caucasian,0,M,0,0,0,0,3
44,25 - 45,Male,African-American,19,M,2,0,0,1,3
28,25 - 45,Male,African-American,1,F,0,0,0,0,1
39,25 - 45,Female,African-American,0,F,0,0,0,1,2
54,Greater than 45,Male,Caucasian,0,F,0,0,0,0,3
21,Less than 25,Male,Hispanic,0,M,0,0,0,1,0
43,25 - 45,Male,Caucasian,0,M,0,0,0,0,3
31,25 - 45,Male,African-American,5,M,0,0,0,0,1
30,25 - 45,Male,African-American,11,F,4,1,0,0,1
27,25 - 45,Male,Caucasian,4,M,0,1,3,1,1
28,25 - 45,Male,African-American,0,M,0,0,0,1,1
24,Less than 25,Male,African-American,0,M,0,0,0,0,0
43,25 - 45,Male,Caucasian,0,M,0,0,0,0,3
44,25 - 45,Male,African-American,10,M,0,0,0,1,3
51,Greater than 45,Male,African-American,4,F,0,0,0,0,3
24,Less than 25,Male,Hispanic,11,F,0,0,0,1,0
31,25 - 45,Male,African-American,1,F,0,0,0,0,1
23,Less than 25,Male,African-American,0,F,0,0,0,0,0
26,25 - 45,Male,African-American,8,M,2,1,0,1,1
36,25 - 45,Male,Caucasian,5,M,0,0,0,1,2
27,25 - 45,Male,Caucasian,1,F,0,0,0,0,1
24,Less than 25,Male,African-American,0,F,0,0,0,1,0
66,Greater than 45,Male,Caucasian,0,M,0,0,0,0,3
36,25 - 45,Female,Caucasian,3,F,0,0,1,0,2
53,Greater than 45,Male,Hispanic,9,F,0,0,0,1,3
23,Less than 25,Male,Caucasian,1,F,0,0,0,1,0
22,Less than 25,Female,African-American,0,M,0,0,0,1,0
25,25 - 45,Male,Hispanic,1,F,0,0,1,0,0
56,Greater than 45,Male,African-American,4,F,0,0,0,0,3
29,25 - 45,Male,Native American,1,F,0,0,0,0,1
29,25 - 45,Male,Caucasian,10,F,0,0,0,1,1
51,Greater than 45,Male,Asian,1,F,0,0,0,1,3
58,Greater than 45,Female,African-American,3,M,0,0,0,0,3
24,Less than 25,Male,Caucasian,3,M,0,1,2,0,0
22,Less than 25,Male,African-American,0,F,0,0,0,1,0
39,25 - 45,Male,Caucasian,0,M,0,0,0,0,2
20,Less than 25,Male,Hispanic,3,F,0,0,0,1,0
46,Greater than 45,Male,Caucasian,10,F,0,0,0,1,3
38,25 - 45,Male,Caucasian,1,F,0,0,0,1,2
23,Less than 25,Male,Caucasian,0,M,0,0,0,1,0
39,25 - 45,Male,Other,6,F,0,0,0,0,2
25,25 - 45,Male,African-American,0,F,0,0,0,0,0
31,25 - 45,Male,African-American,19,F,0,0,0,1,1
25,25 - 45,Female,African-American,1,M,0,0,0,1,0
26,25 - 45,Male,African-American,6,F,0,0,0,0,1
25,25 - 45,Male,African-American,2,F,0,0,1,0,0
37,25 - 45,Male,Caucasian,11,F,0,0,0,1,2
36,25 - 45,Male,African-American,0,F,0,0,0,0,2
26,25 - 45,Male,African-American,1,F,0,0,0,1,1
21,Less than 25,Male,Other,3,F,0,2,0,1,0
35,25 - 45,Male,African-American,7,F,0,0,0,1,2
22,Less than 25,Male,African-American,2,F,0,0,0,1,0
25,25 - 45,Male,Caucasian,0,F,0,0,0,0,0
24,Less than 25,Male,Caucasian,0,M,0,0,0,0,0
36,25 - 45,Male,Hispanic,0,M,0,0,0,0,2
24,Less than 25,Male,African-American,2,M,0,0,0,1,0
21,Less than 25,Male,African-American,0,F,0,0,1,1,0
32,25 - 45,Male,Caucasian,15,F,2,0,1,1,2
33,25 - 45,Male,African-American,2,M,0,0,0,1,2
33,25 - 45,Male,African-American,10,F,0,0,0,1,2
23,Less than 25,Female,African-American,4,M,0,0,0,1,0
29,25 - 45,Male,Caucasian,0,M,0,0,0,0,1
50,Greater than 45,Male,Caucasian,8,F,0,0,0,0,3
32,25 - 45,Male,Caucasian,5,F,0,0,0,1,2
33,25 - 45,Male,African-American,14,F,0,0,0,1,2
37,25 - 45,Male,African-American,13,F,0,1,0,1,2
27,25 - 45,Male,African-American,9,F,0,0,0,1,1
27,25 - 45,Male,African-American,0,M,0,0,0,0,1
52,Greater than 45,Female,African-American,21,F,0,0,0,1,3
21,Less than 25,Male,Hispanic,1,M,0,0,0,1,0
58,Greater than 45,Male,African-American,1,F,0,0,0,0,3
27,25 - 45,Male,African-American,4,F,0,0,0,0,1
28,25 - 45,Male,African-American,5,F,0,0,0,1,1
28,25 - 45,Male,Caucasian,1,F,0,0,0,1,1
31,25 - 45,Female,Caucasian,0,M,0,0,0,0,1
30,25 - 45,Male,Caucasian,11,F,0,1,0,1,1
24,Less than 25,Male,African-American,3,M,0,0,0,0,0
26,25 - 45,Male,African-American,6,F,0,0,0,1,1
43,25 - 45,Male,Caucasian,0,M,0,0,0,0,3
31,25 - 45,Male,African-American,2,F,0,0,1,1,1
22,Less than 25,Male,African-American,3,F,0,0,0,1,0
23,Less than 25,Male,African-American,0,F,0,0,0,0,0
42,25 - 45,Male,Caucasian,0,M,0,0,0,0,2
34,25 - 45,Male,African-American,0,M,0,0,0,1,2
30,25 - 45,Male,African-American,18,M,0,3,0,0,1
29,25 - 45,Male,African-American,1,F,0,0,0,0,1
38,25 - 45,Male,Caucasian,2,F,0,0,0,1,2
26,25 - 45,Male,Caucasian,3,M,0,0,1,0,1
25,25 - 45,Female,Hispanic,4,F,0,0,0,1,0
51,Greater than 45,Male,African-American,5,M,0,0,0,0,3
36,25 - 45,Male,Other,0,M,0,0,0,0,2
62,Greater than 45,Male,Hispanic,0,M,0,0,0,0,3
23,Less than 25,Male,African-American,0,F,0,0,0,1,0
34,25 - 45,Male,African-American,7,F,0,0,0,1,2
35,25 - 45,Male,African-American,1,M,0,0,0,0,2
22,Less than 25,Male,Caucasian,0,F,0,0,0,0,0
29,25 - 45,Male,African-American,10,M,0,0,0,1,1
40,25 - 45,Male,African-American,0,F,0,0,0,0,2
36,25 - 45,Male,African-American,2,F,0,0,0,0,2
26,25 - 45,Male,African-American,8,F,0,0,0,1,1
25,25 - 45,Male,African-American,1,F,0,0,0,1,0
69,Greater than 45,Male,Caucasian,0,M,0,0,0,0,3
27,25 - 45,Male,African-American,1,F,0,1,0,0,1
20,Less than 25,Male,Caucasian,0,F,0,0,0,1,0
27,25 - 45,Male,African-American,1,F,0,0,0,0,1
24,Less than 25,Female,African-American,6,M,0,0,0,0,0
42,25 - 45,Male,Caucasian,0,F,0,0,0,0,2
25,25 - 45,Male,Caucasian,1,F,0,0,0,0,0
46,Greater than 45,Male,Caucasian,1,F,0,0,0,1,3
25,25 - 45,Male,African-American,0,F,0,0,0,0,0
22,Less than 25,Male,African-American,0,F,0,0,0,0,0
21,Less than 25,Male,Caucasian,0,F,0,0,0,0,0
30,25 - 45,Male,African-American,1,M,0,0,0,0,1
46,Greater than 45,Male,Caucasian,9,M,0,0,0,0,3
26,25 - 45,Male,African-American,2,M,0,0,0,0,1
33,25 - 45,Male,African-American,0,F,0,0,0,1,2
40,25 - 45,Male,African-American,1,M,0,0,0,0,2
34,25 - 45,Male,Caucasian,0,F,0,0,0,0,2
22,Less than 25,Male,Caucasian,1,F,0,0,0,1,0
28,25 - 45,Male,Hispanic,3,M,0,0,0,0,1
31,25 - 45,Male,African-American,4,M,0,0,0,1,1
59,Greater than 45,Male,Caucasian,3,M,0,0,0,1,3
37,25 - 45,Male,Native American,0,F,0,0,0,0,2
50,Greater than 45,Male,African-American,0,F,0,0,0,0,3
21,Less than 25,Female,Other,2,F,0,0,0,1,0
57,Greater than 45,Male,African-American,8,F,0,0,0,1,3
31,25 - 45,Male,African-American,5,M,0,0,0,0,1
51,Greater than 45,Female,African-American,1,M,0,0,0,0,3
44,25 - 45,Male,African-American,9,F,0,0,0,0,3
48,Greater than 45,Male,African-American,5,F,0,0,0,1,3
25,25 - 45,Female,Caucasian,0,F,0,0,0,0,0
51,Greater than 45,Male,African-American,5,M,0,0,0,0,3
50,Greater than 45,Male,Caucasian,0,F,0,0,0,1,3
57,Greater than 45,Male,Caucasian,2,F,0,0,0,0,3
55,Greater than 45,Male,Caucasian,0,M,0,0,0,0,3
59,Greater than 45,Male,African-American,4,F,0,0,0,1,3
42,25 - 45,Female,African-American,0,F,0,0,0,0,2
20,Less than 25,Male,Hispanic,2,F,2,0,0,1,0
58,Greater than 45,Male,African-American,16,F,0,0,0,0,3
21,Less than 25,Male,Other,0,F,0,0,0,0,0
32,25 - 45,Male,African-American,21,F,0,0,0,1,2
24,Less than 25,Female,Hispanic,0,M,0,0,0,0,0
42,25 - 45,Male,African-American,1,F,0,0,0,0,2
29,25 - 45,Male,African-American,8,F,0,0,0,1,1
21,Less than 25,Male,African-American,1,F,0,0,0,0,0
31,25 - 45,Male,Caucasian,1,M,0,0,0,1,1
56,Greater than 45,Male,Hispanic,8,M,0,0,0,0,3
58,Greater than 45,Male,Caucasian,0,M,0,0,0,0,3
22,Less than 25,Male,African-American,1,F,0,0,1,1,0
46,Greater than 45,Male,Caucasian,1,M,0,0,0,1,3
50,Greater than 45,Male,Caucasian,0,M,0,0,0,1,3
46,Greater than 45,Male,African-American,2,F,0,0,0,0,3
44,25 - 45,Female,African-American,11,F,0,1,0,1,3
35,25 - 45,Male,African-American,4,M,0,0,0,0,2
30,25 - 45,Male,African-American,14,F,0,1,0,1,1
42,25 - 45,Male,African-American,2,F,0,0,0,0,2
46,Greater than 45,Male,African-American,5,F,0,0,0,1,3
42,25 - 45,Male,African-American,0,F,0,0,0,1,2
37,25 - 45,Male,African-American,12,F,0,0,0,0,2
29,25 - 45,Male,Caucasian,7,F,0,0,0,1,1
32,25 - 45,Male,African-American,8,F,0,0,1,0,2
31,25 - 45,Male,Other,5,F,0,0,0,0,1
33,25 - 45,Female,African-American,1,M,0,0,0,0,2
25,25 - 45,Male,Caucasian,4,F,0,0,0,0,0
33,25 - 45,Female,African-American,0,M,0,0,0,0,2
21,Less than 25,Male,Hispanic,1,F,0,0,0,0,0
64,Greater than 45,Female,Caucasian,7,M,0,0,0,0,3
35,25 - 45,Male,Caucasian,1,F,0,0,0,1,2
56,Greater than 45,Male,African-American,1,F,0,0,0,0,3
38,25 - 45,Male,Caucasian,0,M,0,0,0,1,2
40,25 - 45,Female,African-American,4,M,0,0,0,0,2
34,25 - 45,Male,African-American,3,F,0,0,0,0,2
28,25 - 45,Male,African-American,4,F,0,0,1,0,1
51,Greater than 45,Male,African-American,0,M,0,0,0,0,3
35,25 - 45,Male,African-American,2,M,0,0,0,0,2
61,Greater than 45,Male,African-American,5,F,0,0,0,0,3
25,25 - 45,Male,African-American,0,F,0,0,0,0,0
25,25 - 45,Male,African-American,4,F,0,0,0,1,0
26,25 - 45,Male,African-American,0,M,0,0,0,0,1
42,25 - 45,Male,Caucasian,1,M,0,0,0,0,2
25,25 - 45,Female,African-American,1,F,0,0,0,0,0
26,25 - 45,Male,African-American,13,M,0,1,0,1,1
31,25 - 45,Male,African-American,9,F,0,0,0,0,1
35,25 - 45,Male,Caucasian,1,F,0,0,1,0,2
41,25 - 45,Female,African-American,4,F,0,0,0,1,2
34,25 - 45,Male,Caucasian,0,F,0,0,0,0,2
46,Greater than 45,Male,Caucasian,5,M,0,0,0,0,3
33,25 - 45,Female,Caucasian,1,M,0,0,0,0,2
30,25 - 45,Male,African-American,3,F,0,0,1,0,1
50,Greater than 45,Female,African-American,7,M,0,0,0,0,3
21,Less than 25,Male,African-American,0,F,0,0,0,0,0
31,25 - 45,Male,Hispanic,16,F,0,0,0,1,1
31,25 - 45,Male,African-American,2,F,0,0,0,1,1
23,Less than 25,Female,African-American,0,M,0,0,0,0,0
25,25 - 45,Male,African-American,1,F,0,0,0,0,0
24,Less than 25,Female,Caucasian,1,F,0,0,0,0,0
31,25 - 45,Male,African-American,13,M,0,0,0,1,1
60,Greater than 45,Male,African-American,0,F,0,0,0,0,3
30,25 - 45,Male,African-American,2,F,0,0,0,0,1
32,25 - 45,Female,Other,0,M,0,0,0,0,2
46,Greater than 45,Male,Caucasian,0,M,0,0,0,0,3
21,Less than 25,Male,Caucasian,0,M,0,0,1,1,0
28,25 - 45,Male,African-American,6,M,4,0,0,0,1
35,25 - 45,Male,African-American,0,F,0,0,0,0,2
34,25 - 45,Male,Hispanic,2,F,0,0,0,1,2
41,25 - 45,Male,Asian,2,F,0,0,0,1,2
40,25 - 45,Female,African-American,7,M,0,0,0,0,2
23,Less than 25,Male,African-American,1,F,0,0,0,1,0
23,Less than 25,Male,African-American,3,F,0,0,0,1,0
28,25 - 45,Male,African-American,2,M,0,0,0,0,1
21,Less than 25,Male,Hispanic,0,F,0,0,0,1,0
46,Greater than 45,Male,Caucasian,2,M,0,0,1,0,3
56,Greater than 45,Male,African-American,1,F,0,0,0,0,3
41,25 - 45,Male,African-American,19,F,0,0,0,0,2
40,25 - 45,Male,Hispanic,8,F,0,0,0,1,2
30,25 - 45,Male,Hispanic,5,F,0,0,0,1,1
24,Less than 25,Male,African-American,1,M,0,0,0,1,0
25,25 - 45,Male,African-American,7,F,0,0,1,0,0
33,25 - 45,Female,Caucasian,0,M,0,0,0,0,2
48,Greater than 45,Male,Caucasian,2,M,0,0,0,0,3
33,25 - 45,Male,African-American,11,F,0,0,0,1,2
25,25 - 45,Male,Hispanic,0,F,0,0,0,0,0
25,25 - 45,Male,Caucasian,6,F,0,0,0,1,0
58,Greater than 45,Male,African-American,38,F,0,0,0,1,3
30,25 - 45,Male,African-American,7,F,0,1,1,1,1
37,25 - 45,Male,Hispanic,0,F,0,0,0,1,2
43,25 - 45,Female,Caucasian,7,F,0,0,0,0,3
32,25 - 45,Male,Caucasian,0,F,0,0,0,0,2
33,25 - 45,Male,Other,3,F,0,0,0,0,2
39,25 - 45,Male,Other,4,F,0,1,0,1,2
49,Greater than 45,Male,Caucasian,4,F,0,0,0,0,3
24,Less than 25,Male,Caucasian,0,F,0,0,0,0,0
26,25 - 45,Male,African-American,1,F,0,0,0,0,1
42,25 - 45,Male,Caucasian,0,F,0,0,0,0,2
22,Less than 25,Male,African-American,1,F,0,0,0,1,0
36,25 - 45,Male,Hispanic,0,F,0,0,0,0,2
29,25 - 45,Male,Caucasian,7,M,0,0,1,1,1
39,25 - 45,Male,Caucasian,0,M,0,0,0,0,2
27,25 - 45,Male,African-American,13,F,0,2,1,1,1
38,25 - 45,Male,Caucasian,2,F,0,0,0,1,2
20,Less than 25,Male,Caucasian,0,F,0,0,0,1,0
25,25 - 45,Male,African-American,4,F,2,0,0,1,0
53,Greater than 45,Male,Caucasian,0,M,0,0,0,0,3
27,25 - 45,Female,African-American,0,M,0,0,0,1,1
21,Less than 25,Male,Other,0,F,0,0,0,1,0
50,Greater than 45,Male,Caucasian,1,M,0,0,0,1,3
41,25 - 45,Male,African-American,4,F,0,0,0,0,2
34,25 - 45,Male,African-American,4,F,0,0,0,1,2
22,Less than 25,Male,Caucasian,5,F,0,0,2,1,0
22,Less than 25,Male,Caucasian,0,F,0,0,2,1,0
25,25 - 45,Male,African-American,2,F,0,0,0,0,0
42,25 - 45,Male,African-American,1,F,0,0,0,1,2
27,25 - 45,Female,Caucasian,2,F,0,0,0,0,1
51,Greater than 45,Male,Other,2,F,0,0,0,0,3
33,25 - 45,Male,African-American,23,F,0,0,0,1,2
24,Less than 25,Male,African-American,0,F,0,0,1,0,0
37,25 - 45,Male,African-American,4,F,0,0,0,0,2
37,25 - 45,Male,Caucasian,0,M,0,0,0,0,2
27,25 - 45,Female,Other,0,M,0,0,0,0,1
21,Less than 25,Male,Other,0,F,0,0,0,0,0
35,25 - 45,Male,African-American,1,F,0,0,0,1,2
24,Less than 25,Female,Caucasian,0,F,0,0,0,0,0
21,Less than 25,Male,Other,1,F,1,0,0,0,0
49,Greater than 45,Male,Caucasian,2,M,0,0,0,0,3
38,25 - 45,Male,African-American,9,F,0,0,0,0,2
61,Greater than 45,Male,Other,0,M,0,0,0,0,3
30,25 - 45,Female,African-American,0,M,0,0,0,0,1
22,Less than 25,Male,African-American,3,F,0,0,0,0,0
25,25 - 45,Male,African-American,0,F,0,0,0,1,0
30,25 - 45,Female,Hispanic,3,M,0,0,0,1,1
52,Greater than 45,Male,Caucasian,0,M,0,0,0,0,3
26,25 - 45,Male,Caucasian,0,F,0,0,0,0,1
26,25 - 45,Male,Other,0,M,0,0,0,0,1
29,25 - 45,Male,African-American,6,F,0,1,0,0,1
45,Greater than 45,Male,Caucasian,9,F,0,0,0,1,3
20,Less than 25,Male,African-American,0,F,0,0,0,1,0
29,25 - 45,Male,African-American,4,F,0,0,0,0,1
43,25 - 45,Male,Caucasian,1,F,0,0,0,1,3
26,25 - 45,Male,Caucasian,2,F,0,0,0,0,1
46,Greater than 45,Female,African-American,4,F,0,0,0,0,3
46,Greater than 45,Female,African-American,0,F,0,0,0,0,3
39,25 - 45,Male,Caucasian,8,F,0,0,0,0,2
29,25 - 45,Male,African-American,12,F,0,0,0,1,1
41,25 - 45,Male,Caucasian,0,M,0,0,0,0,2
29,25 - 45,Male,African-American,11,F,0,0,1,1,1
25,25 - 45,Female,African-American,5,F,0,0,0,0,0
23,Less than 25,Male,African-American,2,F,1,0,0,0,0
46,Greater than 45,Female,African-American,1,F,0,0,0,1,3
30,25 - 45,Male,Caucasian,0,M,0,0,0,0,1
34,25 - 45,Male,Caucasian,1,F,0,0,0,0,2
70,Greater than 45,Male,Caucasian,11,F,0,0,0,1,3
52,Greater than 45,Male,Caucasian,2,F,0,0,0,0,3
51,Greater than 45,Male,African-American,4,M,0,0,0,0,3
45,Greater than 45,Female,Native American,15,F,0,0,0,1,3
55,Greater than 45,Male,African-American,21,F,0,0,0,1,3
49,Greater than 45,Female,Caucasian,1,F,0,0,0,0,3
26,25 - 45,Female,African-American,9,M,0,0,0,1,1
47,Greater than 45,Female,Caucasian,0,F,0,0,0,0,3
27,25 - 45,Male,African-American,0,M,0,0,0,0,1
25,25 - 45,Male,Caucasian,5,M,0,2,0,1,0
21,Less than 25,Male,African-American,1,F,0,1,0,1,0
37,25 - 45,Male,African-American,26,F,0,0,1,1,2
21,Less than 25,Male,African-American,1,F,0,0,0,1,0
21,Less than 25,Male,African-American,0,F,0,0,0,0,0
25,25 - 45,Male,African-American,4,F,0,0,0,1,0
27,25 - 45,Female,African-American,3,F,0,0,0,1,1
30,25 - 45,Male,Caucasian,3,F,0,0,0,1,1
70,Greater than 45,Male,Caucasian,0,M,0,0,0,0,3
37,25 - 45,Male,Caucasian,11,F,0,0,0,1,2
46,Greater than 45,Male,African-American,5,F,0,0,0,1,3
40,25 - 45,Male,Other,4,M,0,0,0,1,2
20,Less than 25,Male,African-American,1,F,1,0,0,1,0
43,25 - 45,Male,African-American,18,F,0,0,0,1,3
38,25 - 45,Male,African-American,15,F,0,0,0,0,2
29,25 - 45,Male,African-American,0,F,0,0,0,0,1
37,25 - 45,Male,African-American,8,M,0,0,0,1,2
38,25 - 45,Male,Hispanic,3,F,0,0,0,0,2
27,25 - 45,Female,Caucasian,0,F,0,0,0,0,1
20,Less than 25,Female,Other,0,M,0,0,0,1,0
44,25 - 45,Male,Hispanic,0,M,0,0,0,0,3
31,25 - 45,Male,Caucasian,6,M,0,0,0,0,1
29,25 - 45,Male,African-American,3,F,0,0,0,1,1
48,Greater than 45,Male,Caucasian,13,F,0,0,0,1,3
30,25 - 45,Female,African-American,0,M,0,0,0,0,1
25,25 - 45,Female,Caucasian,2,F,0,0,0,1,0
40,25 - 45,Male,African-American,3,F,0,0,0,0,2
49,Greater than 45,Female,Caucasian,3,F,0,0,0,0,3
33,25 - 45,Male,Caucasian,1,M,0,0,0,0,2
26,25 - 45,Male,Caucasian,5,F,0,0,0,1,1
31,25 - 45,Male,Hispanic,1,M,0,1,0,0,1
61,Greater than 45,Male,Caucasian,1,M,0,0,0,0,3
30,25 - 45,Male,Caucasian,2,F,0,0,0,0,1
62,Greater than 45,Male,Caucasian,0,M,0,0,0,0,3
27,25 - 45,Female,Caucasian,4,M,0,0,0,1,1
48,Greater than 45,Male,Caucasian,9,F,0,0,0,0,3
40,25 - 45,Female,Caucasian,0,F,0,0,0,0,2
24,Less than 25,Male,Caucasian,0,F,0,0,0,0,0
22,Less than 25,Male,African-American,0,F,0,0,0,1,0
30,25 - 45,Male,African-American,4,M,0,0,0,1,1
63,Greater than 45,Male,Caucasian,0,M,0,0,0,0,3
46,Greater than 45,Male,Hispanic,0,M,0,0,0,0,3
33,25 - 45,Male,African-American,4,F,0,0,0,0,2
21,Less than 25,Female,African-American,1,F,1,0,0,1,0
43,25 - 45,Male,Caucasian,0,M,0,0,0,1,3
26,25 - 45,Male,African-American,3,F,0,0,0,1,1
51,Greater than 45,Male,African-American,1,F,0,0,0,0,3
39,25 - 45,Male,Caucasian,3,F,0,0,0,1,2
30,25 - 45,Female,Hispanic,0,M,0,0,0,1,1
32,25 - 45,Male,African-American,14,F,0,0,0,1,2
22,Less than 25,Male,African-American,0,M,0,0,0,0,0
59,Greater than 45,Male,Caucasian,0,F,0,0,0,0,3
38,25 - 45,Male,African-American,37,M,0,5,0,1,2
23,Less than 25,Male,African-American,2,F,0,0,0,0,0
42,25 - 45,Male,African-American,0,M,0,0,0,1,2
20,Less than 25,Male,African-American,1,F,1,0,0,1,0
38,25 - 45,Male,African-American,2,F,0,0,0,1,2
34,25 - 45,Female,Caucasian,2,F,0,0,0,0,2
36,25 - 45,Female,African-American,7,F,0,0,0,1,2
35,25 - 45,Male,Caucasian,7,F,0,0,0,1,2
36,25 - 45,Male,African-American,0,M,0,0,0,1,2
31,25 - 45,Male,African-American,1,F,0,0,0,0,1
28,25 - 45,Female,African-American,3,F,0,0,0,1,1
28,25 - 45,Male,African-American,1,F,0,0,0,1,1
60,Greater than 45,Male,Caucasian,3,F,0,0,0,0,3
43,25 - 45,Male,African-American,0,F,0,0,0,0,3
40,25 - 45,Male,African-American,1,F,0,0,0,0,2
31,25 - 45,Male,African-American,15,F,0,2,0,1,1
54,Greater than 45,Male,African-American,6,F,0,0,0,1,3
26,25 - 45,Male,African-American,1,F,0,0,0,0,1
24,Less than 25,Male,African-American,17,F,0,0,0,1,0
41,25 - 45,Male,Hispanic,0,F,0,0,0,1,2
21,Less than 25,Male,African-American,1,F,0,0,1,1,0
29,25 - 45,Female,Hispanic,1,F,0,0,0,1,1
22,Less than 25,Male,African-American,0,F,0,0,1,0,0
52,Greater than 45,Male,Hispanic,9,F,0,0,0,1,3
40,25 - 45,Female,Other,0,F,0,0,0,0,2
37,25 - 45,Female,Caucasian,0,F,0,0,0,0,2
21,Less than 25,Male,Other,1,F,0,0,0,0,0
45,Greater than 45,Female,African-American,1,F,0,0,0,0,3
29,25 - 45,Male,African-American,1,M,0,0,0,1,1
46,Greater than 45,Male,African-American,10,F,0,0,0,1,3
21,Less than 25,Male,Caucasian,1,F,0,1,2,0,0
50,Greater than 45,Male,African-American,7,M,1,0,0,0,3
35,25 - 45,Male,Caucasian,6,F,0,0,0,1,2
52,Greater than 45,Male,African-American,1,M,0,0,0,1,3
48,Greater than 45,Male,Caucasian,0,M,0,0,0,0,3
29,25 - 45,Female,African-American,9,M,0,0,3,1,1
48,Greater than 45,Male,Caucasian,0,M,0,0,0,0,3
31,25 - 45,Male,African-American,10,F,0,0,0,1,1
21,Less than 25,Male,Caucasian,3,F,0,0,0,1,0
32,25 - 45,Male,Other,0,F,0,0,0,1,2
47,Greater than 45,Male,African-American,0,M,0,0,0,0,3
62,Greater than 45,Male,African-American,1,M,0,0,0,0,3
21,Less than 25,Male,African-American,3,F,1,2,2,1,0
35,25 - 45,Male,African-American,13,F,3,0,0,0,2
46,Greater than 45,Male,African-American,3,M,0,0,0,1,3
34,25 - 45,Male,African-American,5,F,0,0,0,1,2
52,Greater than 45,Male,African-American,2,F,0,0,0,0,3
39,25 - 45,Female,African-American,7,F,0,1,0,0,2
21,Less than 25,Male,Caucasian,0,M,0,0,0,1,0
53,Greater than 45,Male,Caucasian,1,M,0,0,0,0,3
19,Less than 25,Female,Caucasian,0,F,0,0,0,1,0
22,Less than 25,Male,African-American,0,M,0,0,0,0,0
45,Greater than 45,Male,African-American,1,F,0,0,0,0,3
27,25 - 45,Female,Caucasian,0,F,0,0,0,0,1
25,25 - 45,Male,Caucasian,0,M,0,0,0,0,0
30,25 - 45,Male,Caucasian,0,F,0,0,0,1,1
31,25 - 45,Male,African-American,2,F,0,0,0,1,1
28,25 - 45,Male,Caucasian,3,F,0,0,0,0,1
36,25 - 45,Male,African-American,3,M,0,0,0,1,2
27,25 - 45,Male,African-American,7,F,0,0,0,1,1
42,25 - 45,Male,African-American,1,F,0,0,0,0,2
35,25 - 45,Male,Caucasian,0,F,0,0,0,1,2
33,25 - 45,Female,Caucasian,2,F,0,0,0,0,2
24,Less than 25,Male,Hispanic,6,F,1,0,0,1,0
25,25 - 45,Male,African-American,21,F,0,1,0,1,0
42,25 - 45,Female,Caucasian,0,M,0,0,0,0,2
21,Less than 25,Male,African-American,0,F,0,0,0,1,0
28,25 - 45,Female,African-American,0,M,0,0,0,0,1
27,25 - 45,Male,African-American,25,F,0,0,0,1,1
21,Less than 25,Female,Caucasian,0,F,0,0,0,0,0
26,25 - 45,Male,Caucasian,0,M,0,0,0,1,1
36,25 - 45,Male,Caucasian,0,F,0,0,0,0,2
23,Less than 25,Male,African-American,1,M,0,0,0,1,0
49,Greater than 45,Male,Caucasian,0,F,0,0,0,1,3
29,25 - 45,Male,African-American,11,F,0,0,0,1,1
44,25 - 45,Male,Caucasian,0,F,0,0,0,1,3
28,25 - 45,Male,Caucasian,1,M,0,0,0,0,1
27,25 - 45,Male,African-American,2,M,0,0,0,1,1
35,25 - 45,Female,African-American,12,F,0,0,0,1,2
36,25 - 45,Male,African-American,19,M,0,0,0,1,2
46,Greater than 45,Male,Caucasian,2,M,0,0,0,0,3
34,25 - 45,Male,African-American,3,F,0,0,0,0,2
45,Greater than 45,Male,African-American,15,F,0,0,0,1,3
28,25 - 45,Male,African-American,9,F,0,0,0,1,1
25,25 - 45,Female,African-American,1,F,0,0,0,0,0
21,Less than 25,Male,African-American,1,M,0,1,0,0,0
48,Greater than 45,Male,African-American,1,F,0,0,0,0,3
37,25 - 45,Male,Caucasian,1,M,0,0,0,0,2
24,Less than 25,Male,African-American,3,F,0,0,0,1,0
37,25 - 45,Male,Caucasian,1,M,0,0,0,1,2
39,25 - 45,Male,Caucasian,1,F,0,0,0,0,2
24,Less than 25,Male,Caucasian,1,F,0,0,1,1,0
49,Greater than 45,Male,Other,2,F,0,0,0,0,3
35,25 - 45,Male,African-American,3,F,0,0,0,1,2
23,Less than 25,Male,African-American,1,F,0,0,0,1,0
36,25 - 45,Male,Caucasian,4,F,0,0,0,1,2
43,25 - 45,Male,Caucasian,5,F,0,0,0,0,3
28,25 - 45,Male,African-American,6,M,0,0,0,1,1
21,Less than 25,Female,African-American,4,F,1,0,0,1,0
53,Greater than 45,Male,African-American,1,M,0,0,0,0,3
27,25 - 45,Female,African-American,2,M,0,0,0,1,1
39,25 - 45,Male,Caucasian,0,M,0,0,0,0,2
47,Greater than 45,Male,African-American,22,F,0,0,0,1,3
28,25 - 45,Male,African-American,4,F,0,0,0,1,1
49,Greater than 45,Male,Caucasian,7,F,0,0,0,0,3
36,25 - 45,Male,Caucasian,2,F,0,0,0,0,2
24,Less than 25,Female,African-American,1,F,0,0,0,0,0
35,25 - 45,Male,Hispanic,0,M,0,0,0,0,2
23,Less than 25,Male,African-American,3,F,0,0,0,0,0
26,25 - 45,Male,African-American,2,F,0,0,0,0,1
31,25 - 45,Male,African-American,7,F,0,0,0,1,1
30,25 - 45,Female,African-American,14,F,0,3,2,1,1
25,25 - 45,Male,Caucasian,2,M,0,0,0,0,0
24,Less than 25,Male,African-American,6,F,0,0,0,1,0
34,25 - 45,Male,Hispanic,1,F,0,0,0,1,2
26,25 - 45,Male,African-American,2,M,0,0,0,0,1
26,25 - 45,Male,African-American,7,M,0,0,0,0,1
60,Greater than 45,Male,Hispanic,0,F,0,0,0,0,3
20,Less than 25,Female,African-American,0,F,0,0,0,0,0
36,25 - 45,Male,Caucasian,10,M,1,0,0,1,2
23,Less than 25,Male,Caucasian,0,F,0,0,0,0,0
26,25 - 45,Male,African-American,5,F,0,0,0,1,1
40,25 - 45,Male,Caucasian,4,M,0,0,0,0,2
28,25 - 45,Male,Other,1,F,0,0,0,1,1
49,Greater than 45,Male,Hispanic,1,F,0,0,0,1,3
46,Greater than 45,Male,African-American,8,F,0,0,0,1,3
19,Less than 25,Male,African-American,1,F,0,1,0,1,0
53,Greater than 45,Male,Caucasian,1,F,0,0,0,0,3
56,Greater than 45,Male,Caucasian,5,F,0,0,0,0,3
24,Less than 25,Female,African-American,0,F,0,0,0,0,0
31,25 - 45,Male,Hispanic,0,F,0,0,0,0,1
33,25 - 45,Female,Caucasian,2,F,0,0,0,0,2
26,25 - 45,Male,Caucasian,8,F,0,3,0,1,1
56,Greater than 45,Male,Caucasian,1,M,0,0,0,0,3
32,25 - 45,Male,Caucasian,2,F,0,0,0,0,2
25,25 - 45,Male,Caucasian,0,F,0,0,0,1,0
21,Less than 25,Male,African-American,1,F,0,0,0,0,0
38,25 - 45,Male,African-American,3,F,0,0,0,0,2
23,Less than 25,Male,Caucasian,0,F,0,0,0,0,0
67,Greater than 45,Male,African-American,4,M,0,0,0,0,3
20,Less than 25,Male,Caucasian,0,F,0,0,1,1,0
39,25 - 45,Female,Caucasian,4,F,0,0,0,1,2
24,Less than 25,Male,African-American,1,F,0,0,0,1,0
23,Less than 25,Male,Hispanic,0,F,0,0,0,0,0
49,Greater than 45,Male,African-American,3,F,0,0,0,0,3
31,25 - 45,Male,African-American,7,F,0,0,0,1,1
20,Less than 25,Male,African-American,1,F,0,0,0,1,0
28,25 - 45,Male,Caucasian,0,M,0,0,0,0,1
67,Greater than 45,Male,Caucasian,3,F,0,0,0,0,3
33,25 - 45,Male,Hispanic,0,F,0,0,0,0,2
20,Less than 25,Male,Hispanic,1,F,1,0,0,1,0
40,25 - 45,Male,Caucasian,4,F,0,0,0,0,2
52,Greater than 45,Male,African-American,0,F,0,0,0,0,3
45,Greater than 45,Male,African-American,17,F,0,0,0,1,3
27,25 - 45,Male,African-American,8,F,0,0,1,1,1
22,Less than 25,Male,Caucasian,1,F,0,0,0,0,0
36,25 - 45,Male,Caucasian,9,F,0,0,0,0,2
40,25 - 45,Male,Caucasian,0,M,0,0,0,1,2
30,25 - 45,Male,Caucasian,1,M,0,0,0,1,1
42,25 - 45,Male,African-American,1,F,0,0,0,0,2
24,Less than 25,Male,African-American,2,F,0,0,1,1,0
46,Greater than 45,Male,Caucasian,4,F,0,0,0,0,3
38,25 - 45,Male,African-American,4,F,0,0,0,0,2
39,25 - 45,Male,Hispanic,2,F,0,0,0,1,2
32,25 - 45,Female,Hispanic,0,M,0,0,0,1,2
26,25 - 45,Male,Caucasian,0,M,0,0,0,0,1
54,Greater than 45,Male,Caucasian,1,M,0,0,0,1,3
27,25 - 45,Male,Hispanic,2,F,0,0,0,0,1
61,Greater than 45,Male,Caucasian,1,F,0,0,0,0,3
51,Greater than 45,Male,African-American,1,M,0,0,0,1,3
57,Greater than 45,Male,Caucasian,0,F,0,0,0,0,3
24,Less than 25,Male,Caucasian,3,M,0,0,3,1,0
34,25 - 45,Male,African-American,1,F,0,0,0,0,2
27,25 - 45,Male,Hispanic,1,F,0,0,0,0,1
28,25 - 45,Female,African-American,10,M,0,0,0,1,1
35,25 - 45,Male,African-American,10,M,0,0,0,1,2
30,25 - 45,Male,African-American,6,F,0,0,0,1,1
53,Greater than 45,Male,Other,1,F,0,0,0,0,3
44,25 - 45,Male,African-American,0,F,0,0,0,0,3
57,Greater than 45,Male,Caucasian,3,M,0,0,0,1,3
61,Greater than 45,Male,Caucasian,10,F,0,0,0,0,3
26,25 - 45,Male,African-American,1,F,0,0,0,1,1
48,Greater than 45,Male,African-American,10,F,1,0,0,1,3
42,25 - 45,Male,African-American,4,M,0,0,0,0,2
38,25 - 45,Male,Caucasian,10,F,0,0,0,1,2
39,25 - 45,Male,African-American,4,F,0,0,0,0,2
53,Greater than 45,Female,Caucasian,0,M,0,0,0,0,3
26,25 - 45,Male,African-American,3,M,0,0,0,0,1
22,Less than 25,Male,African-American,1,F,0,0,0,1,0
50,Greater than 45,Male,Caucasian,0,F,0,0,0,0,3
44,25 - 45,Male,Caucasian,16,M,3,0,0,0,3
24,Less than 25,Male,African-American,4,F,0,1,3,1,0
21,Less than 25,Male,African-American,0,F,0,0,0,1,0
50,Greater than 45,Male,Caucasian,0,F,0,0,0,0,3
36,25 - 45,Female,Caucasian,0,M,0,0,0,0,2
39,25 - 45,Male,Caucasian,0,F,0,0,0,0,2
24,Less than 25,Female,African-American,2,F,0,0,0,0,0
54,Greater than 45,Female,African-American,7,F,0,0,0,0,3
29,25 - 45,Male,African-American,0,M,0,0,0,0,1
26,25 - 45,Male,Caucasian,0,M,0,0,0,0,1
41,25 - 45,Male,African-American,3,F,0,0,0,1,2
23,Less than 25,Male,African-American,1,F,0,0,0,1,0
34,25 - 45,Male,Caucasian,0,M,0,0,0,0,2
31,25 - 45,Male,Caucasian,11,F,0,0,0,1,1
20,Less than 25,Male,African-American,0,F,0,0,0,0,0
49,Greater than 45,Male,African-American,10,F,0,0,0,1,3
26,25 - 45,Male,African-American,4,F,0,0,0,1,1
28,25 - 45,Male,African-American,1,F,0,0,0,1,1
26,25 - 45,Male,African-American,0,F,0,0,0,0,1
55,Greater than 45,Male,African-American,1,F,0,0,0,0,3
22,Less than 25,Male,African-American,0,M,0,0,0,0,0
26,25 - 45,Female,African-American,0,M,0,0,0,0,1
56,Greater than 45,Male,Other,0,M,0,0,0,0,3
66,Greater than 45,Male,Caucasian,1,F,0,0,0,0,3
46,Greater than 45,Male,Other,2,F,0,0,0,0,3
58,Greater than 45,Male,African-American,16,F,0,0,0,1,3
28,25 - 45,Male,African-American,4,F,0,0,0,0,1
33,25 - 45,Male,African-American,8,F,0,0,0,0,2
31,25 - 45,Female,African-American,0,M,0,0,0,0,1
26,25 - 45,Male,African-American,1,M,0,0,0,0,1
35,25 - 45,Male,African-American,4,M,0,0,0,0,2
41,25 - 45,Female,Caucasian,12,F,0,0,0,1,2
34,25 - 45,Male,Caucasian,0,M,0,0,0,0,2
33,25 - 45,Male,Other,0,F,0,0,0,0,2
32,25 - 45,Female,African-American,0,F,0,0,0,0,2
37,25 - 45,Male,African-American,9,F,0,0,0,1,2
50,Greater than 45,Male,African-American,1,F,0,0,0,0,3
35,25 - 45,Male,Caucasian,1,F,0,0,0,0,2
47,Greater than 45,Female,Caucasian,0,M,0,0,0,1,3
52,Greater than 45,Female,African-American,8,F,0,0,0,0,3
26,25 - 45,Male,African-American,5,F,0,1,2,1,1
36,25 - 45,Male,African-American,1,M,0,0,0,1,2
45,Greater than 45,Male,African-American,13,F,0,0,0,1,3
19,Less than 25,Male,Other,0,M,0,0,0,1,0
41,25 - 45,Male,African-American,8,F,0,0,0,1,2
24,Less than 25,Male,African-American,0,M,0,0,0,0,0
21,Less than 25,Male,African-American,1,F,0,1,0,0,0
54,Greater than 45,Male,Caucasian,0,M,0,0,0,0,3
49,Greater than 45,Male,Caucasian,0,F,0,0,0,0,3
42,25 - 45,Male,Caucasian,1,F,0,0,0,0,2
21,Less than 25,Male,African-American,1,F,0,0,0,1,0
61,Greater than 45,Male,African-American,30,F,0,0,0,0,3
46,Greater than 45,Male,Caucasian,5,F,0,0,0,1,3
74,Greater than 45,Male,Caucasian,0,M,0,0,0,0,3
38,25 - 45,Female,Hispanic,0,F,0,0,0,0,2
75,Greater than 45,Male,Caucasian,2,M,0,0,0,0,3
39,25 - 45,Female,African-American,1,F,0,0,0,0,2
38,25 - 45,Female,African-American,0,F,0,0,0,0,2
19,Less than 25,Male,African-American,1,F,1,0,1,1,0
28,25 - 45,Male,Caucasian,0,F,0,0,0,1,1
53,Greater than 45,Male,African-American,2,F,0,0,0,0,3
25,25 - 45,Male,African-American,1,F,0,0,0,1,0
53,Greater than 45,Male,Caucasian,1,M,0,0,0,0,3
53,Greater than 45,Male,African-American,4,F,0,0,0,0,3
23,Less than 25,Male,African-American,2,F,0,1,0,0,0
55,Greater than 45,Male,Caucasian,33,F,0,0,0,1,3
64,Greater than 45,Female,Caucasian,1,F,0,0,0,0,3
23,Less than 25,Male,African-American,1,M,0,0,0,1,0
38,25 - 45,Male,Hispanic,1,M,0,0,0,0,2
23,Less than 25,Male,African-American,4,F,0,0,2,1,0
41,25 - 45,Female,Hispanic,0,F,0,0,0,0,2
53,Greater than 45,Male,Other,0,M,0,0,0,0,3
34,25 - 45,Male,African-American,0,F,0,0,0,0,2
24,Less than 25,Male,Hispanic,0,F,0,0,0,1,0
26,25 - 45,Male,African-American,1,M,0,0,0,0,1
44,25 - 45,Male,Caucasian,4,F,0,0,0,0,3
27,25 - 45,Female,Caucasian,0,F,0,0,0,0,1
28,25 - 45,Male,Caucasian,14,F,0,0,0,0,1
55,Greater than 45,Male,Caucasian,1,M,0,0,0,0,3
22,Less than 25,Female,African-American,2,F,0,0,0,0,0
36,25 - 45,Male,African-American,15,F,0,0,0,0,2
29,25 - 45,Male,African-American,6,F,0,0,0,1,1
23,Less than 25,Male,African-American,1,F,0,0,0,0,0
56,Greater than 45,Male,African-American,1,M,0,0,0,0,3
27,25 - 45,Male,Caucasian,2,F,0,0,0,1,1
37,25 - 45,Male,Caucasian,1,M,0,0,0,0,2
32,25 - 45,Male,African-American,1,F,0,0,0,1,2
41,25 - 45,Male,African-American,18,M,2,0,0,1,2
22,Less than 25,Male,African-American,1,F,0,0,0,1,0
37,25 - 45,Male,Caucasian,1,F,0,0,0,1,2
45,Greater than 45,Male,African-American,3,M,0,0,0,0,3
31,25 - 45,Female,African-American,14,F,0,0,0,0,1
42,25 - 45,Male,African-American,7,F,0,0,0,1,2
26,25 - 45,Male,African-American,20,F,0,2,2,1,1
33,25 - 45,Male,Caucasian,0,F,0,0,0,1,2
22,Less than 25,Male,Caucasian,0,M,0,0,0,1,0
32,25 - 45,Male,Caucasian,2,F,0,0,0,1,2
36,25 - 45,Female,African-American,1,M,0,0,0,0,2
54,Greater than 45,Male,Caucasian,0,M,0,0,0,0,3
25,25 - 45,Male,African-American,5,F,0,1,2,1,0
24,Less than 25,Male,Caucasian,3,F,0,0,0,1,0
23,Less than 25,Male,Hispanic,0,M,0,0,0,0,0
61,Greater than 45,Male,Caucasian,0,M,0,0,0,0,3
42,25 - 45,Female,Caucasian,0,M,0,0,0,0,2
28,25 - 45,Male,Caucasian,1,M,0,0,0,1,1
27,25 - 45,Male,African-American,1,M,0,0,0,0,1
24,Less than 25,Male,Caucasian,2,M,0,0,0,0,0
33,25 - 45,Male,African-American,14,F,0,0,0,0,2
32,25 - 45,Male,African-American,16,F,0,0,0,1,2
38,25 - 45,Male,Caucasian,0,F,0,0,0,0,2
21,Less than 25,Male,Caucasian,1,M,0,1,1,0,0
27,25 - 45,Male,African-American,1,F,0,0,0,1,1
39,25 - 45,Male,Caucasian,0,F,0,0,0,0,2
29,25 - 45,Male,Caucasian,0,F,0,0,0,0,1
29,25 - 45,Male,Caucasian,1,F,0,0,0,0,1
65,Greater than 45,Male,Caucasian,6,F,0,0,0,0,3
36,25 - 45,Male,Caucasian,1,F,0,0,0,1,2
46,Greater than 45,Male,African-American,0,F,0,0,0,1,3
44,25 - 45,Male,African-American,7,F,1,0,0,0,3
27,25 - 45,Male,African-American,0,M,0,0,0,0,1
27,25 - 45,Male,African-American,8,F,0,0,0,1,1
61,Greater than 45,Male,Caucasian,0,M,0,0,0,0,3
47,Greater than 45,Male,African-American,0,M,0,0,0,1,3
27,25 - 45,Male,African-American,1,M,0,0,0,0,1
28,25 - 45,Male,Caucasian,0,F,0,0,0,1,1
31,25 - 45,Female,Caucasian,1,M,0,0,0,1,1
26,25 - 45,Male,Caucasian,9,M,0,0,0,1,1
53,Greater than 45,Male,African-American,2,F,0,0,0,1,3
26,25 - 45,Male,African-American,1,F,0,0,0,1,1
25,25 - 45,Male,African-American,2,F,0,0,0,0,0
23,Less than 25,Male,Other,5,M,0,0,0,1,0
21,Less than 25,Female,African-American,4,M,0,3,1,1,0
23,Less than 25,Male,African-American,1,M,0,0,0,0,0
30,25 - 45,Male,Other,3,M,0,1,1,0,1
45,Greater than 45,Female,African-American,2,F,0,0,0,0,3
27,25 - 45,Male,African-American,2,M,0,0,0,1,1
57,Greater than 45,Male,African-American,6,M,0,0,0,1,3
44,25 - 45,Male,Caucasian,8,F,0,0,0,1,3
26,25 - 45,Female,African-American,0,M,0,0,0,0,1
21,Less than 25,Male,Caucasian,0,F,0,0,0,1,0
63,Greater than 45,Male,African-American,1,F,0,0,0,0,3
62,Greater than 45,Female,Caucasian,0,M,0,0,0,0,3
48,Greater than 45,Male,Caucasian,0,F,0,0,0,0,3
53,Greater than 45,Male,African-American,1,M,0,0,0,0,3
62,Greater than 45,Male,African-American,3,M,0,0,0,1,3
28,25 - 45,Male,African-American,5,F,1,1,0,0,1
56,Greater than 45,Male,Caucasian,1,F,0,0,0,0,3
35,25 - 45,Male,Hispanic,2,F,0,0,0,0,2
56,Greater than 45,Female,Hispanic,2,M,0,0,0,1,3
22,Less than 25,Male,African-American,2,F,1,0,0,1,0
26,25 - 45,Male,African-American,5,F,0,0,0,1,1
35,25 - 45,Male,African-American,4,M,0,0,0,0,2
22,Less than 25,Male,African-American,1,F,0,0,0,1,0
60,Greater than 45,Male,Caucasian,3,M,0,0,0,0,3
37,25 - 45,Female,African-American,7,F,1,0,0,0,2
32,25 - 45,Female,African-American,0,F,0,0,0,0,2
33,25 - 45,Female,African-American,3,F,0,0,0,1,2
38,25 - 45,Male,Other,2,F,0,0,0,1,2
53,Greater than 45,Male,Caucasian,0,M,0,0,0,0,3
32,25 - 45,Male,Caucasian,0,M,0,0,0,0,2
26,25 - 45,Male,Caucasian,0,M,0,0,0,0,1
61,Greater than 45,Male,Caucasian,0,M,0,0,0,0,3
21,Less than 25,Male,African-American,0,M,0,0,0,0,0
69,Greater than 45,Male,African-American,22,M,0,0,0,0,3
26,25 - 45,Male,African-American,0,M,0,0,0,0,1
30,25 - 45,Male,African-American,9,F,0,0,0,1,1
21,Less than 25,Male,Caucasian,1,F,0,0,0,0,0
41,25 - 45,Male,Caucasian,0,M,0,0,0,0,2
45,Greater than 45,Male,African-American,0,F,0,0,0,1,3
31,25 - 45,Male,African-American,10,F,0,1,3,1,1
22,Less than 25,Male,Caucasian,0,F,0,0,0,0,0
54,Greater than 45,Female,Caucasian,0,F,0,0,0,1,3
50,Greater than 45,Male,Caucasian,2,M,0,0,0,1,3
50,Greater than 45,Female,African-American,5,F,0,0,0,0,3
37,25 - 45,Male,Other,11,F,2,0,0,0,2
21,Less than 25,Female,African-American,0,F,0,0,0,1,0
23,Less than 25,Male,Hispanic,6,M,0,0,0,1,0
30,25 - 45,Male,Caucasian,0,F,0,0,0,1,1
53,Greater than 45,Male,Caucasian,2,F,0,0,0,0,3
30,25 - 45,Male,African-American,11,F,0,0,0,1,1
26,25 - 45,Male,Caucasian,5,M,0,0,0,0,1
30,25 - 45,Female,African-American,1,F,0,0,0,1,1
59,Greater than 45,Female,African-American,0,M,0,0,0,0,3
29,25 - 45,Male,African-American,13,F,0,0,0,1,1
67,Greater than 45,Male,Hispanic,0,F,0,0,0,0,3
30,25 - 45,Male,Caucasian,13,F,0,0,0,1,1
25,25 - 45,Male,African-American,5,M,0,0,0,1,0
45,Greater than 45,Male,Hispanic,8,F,0,0,0,0,3
35,25 - 45,Male,Caucasian,4,M,0,0,0,0,2
22,Less than 25,Male,African-American,0,F,0,0,1,0,0
41,25 - 45,Male,African-American,8,F,0,0,0,1,2
46,Greater than 45,Male,Asian,3,F,0,0,0,1,3
27,25 - 45,Male,Other,0,M,0,0,0,0,1
37,25 - 45,Female,African-American,13,F,0,0,0,0,2
22,Less than 25,Male,African-American,0,F,0,0,2,1,0
19,Less than 25,Male,African-American,0,F,0,0,0,1,0
45,Greater than 45,Male,Caucasian,2,M,0,0,0,0,3
33,25 - 45,Female,African-American,5,F,0,0,0,1,2
52,Greater than 45,Male,African-American,7,F,0,0,0,0,3
21,Less than 25,Female,African-American,0,F,0,0,0,0,0
43,25 - 45,Male,African-American,6,M,0,0,0,1,3
33,25 - 45,Male,Caucasian,3,F,0,0,0,0,2
26,25 - 45,Male,African-American,3,F,1,0,0,1,1
37,25 - 45,Male,Caucasian,0,M,0,0,0,0,2
38,25 - 45,Male,African-American,1,F,0,0,0,1,2
35,25 - 45,Male,Hispanic,1,M,0,0,0,1,2
27,25 - 45,Male,African-American,1,F,0,0,0,1,1
40,25 - 45,Male,Other,1,F,0,0,0,0,2
21,Less than 25,Male,African-American,1,F,1,0,0,0,0
38,25 - 45,Male,Caucasian,3,F,0,0,0,1,2
37,25 - 45,Male,Caucasian,0,M,0,0,0,0,2
24,Less than 25,Male,Hispanic,1,M,0,0,0,0,0
44,25 - 45,Male,Caucasian,0,F,0,0,0,0,3
30,25 - 45,Male,African-American,0,F,0,0,0,0,1
40,25 - 45,Male,Hispanic,0,F,0,0,0,0,2
49,Greater than 45,Male,Caucasian,1,F,0,0,0,0,3
67,Greater than 45,Male,Caucasian,0,M,0,0,0,0,3
59,Greater than 45,Male,African-American,14,F,0,0,0,1,3
21,Less than 25,Male,African-American,1,F,1,0,0,1,0
31,25 - 45,Male,Caucasian,6,M,0,0,0,0,1
50,Greater than 45,Female,Caucasian,2,F,0,0,0,1,3
30,25 - 45,Male,African-American,7,F,0,0,0,0,1
28,25 - 45,Male,Caucasian,1,M,0,0,0,0,1
48,Greater than 45,Male,African-American,7,F,0,0,0,1,3
55,Greater than 45,Male,Caucasian,0,M,0,0,0,0,3
24,Less than 25,Female,Caucasian,1,F,0,0,0,0,0
42,25 - 45,Male,Caucasian,0,M,0,0,0,0,2
34,25 - 45,Male,African-American,0,M,0,0,0,1,2
43,25 - 45,Male,African-American,4,M,0,0,0,1,3
44,25 - 45,Male,African-American,0,F,0,0,0,0,3
25,25 - 45,Male,Caucasian,0,M,0,0,0,0,0
29,25 - 45,Male,Hispanic,17,F,0,1,0,1,1
25,25 - 45,Male,Caucasian,2,F,0,0,0,1,0
32,25 - 45,Female,African-American,0,M,0,0,0,1,2
96,Greater than 45,Male,Hispanic,2,F,0,0,0,1,3
35,25 - 45,Male,African-American,10,M,0,0,0,1,2
29,25 - 45,Male,Hispanic,0,M,0,0,0,0,1
27,25 - 45,Male,Hispanic,8,F,0,1,1,1,1
41,25 - 45,Male,Hispanic,2,F,0,0,0,0,2
31,25 - 45,Male,Hispanic,0,M,0,0,0,0,1
24,Less than 25,Male,African-American,1,F,0,0,0,1,0
34,25 - 45,Male,African-American,0,F,0,0,0,1,2
48,Greater than 45,Male,African-American,2,F,0,0,0,1,3
41,25 - 45,Male,African-American,1,F,0,0,0,0,2
26,25 - 45,Male,African-American,12,M,0,0,1,1,1
42,25 - 45,Male,African-American,0,F,0,0,0,1,2
29,25 - 45,Male,African-American,0,M,0,0,0,0,1
26,25 - 45,Male,Caucasian,0,M,0,0,0,0,1
27,25 - 45,Female,African-American,1,F,0,0,0,0,1
35,25 - 45,Male,Caucasian,4,M,0,0,0,0,2
54,Greater than 45,Male,Caucasian,1,F,0,0,0,0,3
24,Less than 25,Male,African-American,3,M,0,0,0,1,0
20,Less than 25,Male,African-American,0,F,0,0,0,0,0
27,25 - 45,Male,Caucasian,0,F,0,0,0,0,1
21,Less than 25,Male,African-American,1,F,0,0,0,0,0
27,25 - 45,Male,Caucasian,7,M,0,1,1,1,1
34,25 - 45,Male,African-American,11,F,1,0,0,1,2
27,25 - 45,Male,Caucasian,4,F,0,0,0,0,1
54,Greater than 45,Male,African-American,0,M,0,0,0,0,3
29,25 - 45,Male,Other,2,F,0,0,0,1,1
39,25 - 45,Male,African-American,1,F,0,0,0,0,2
22,Less than 25,Female,Caucasian,2,F,0,1,1,0,0
33,25 - 45,Female,Caucasian,0,M,0,0,0,0,2
25,25 - 45,Female,African-American,2,F,0,0,0,1,0
40,25 - 45,Female,Hispanic,7,F,0,0,0,1,2
35,25 - 45,Female,African-American,0,M,0,0,0,0,2
28,25 - 45,Male,Hispanic,0,M,0,0,0,1,1
53,Greater than 45,Male,African-American,0,M,0,0,0,0,3
28,25 - 45,Male,Caucasian,2,M,0,0,1,0,1
26,25 - 45,Male,African-American,0,F,0,0,0,0,1
30,25 - 45,Male,African-American,1,F,0,0,0,0,1
31,25 - 45,Male,African-American,3,F,0,1,0,0,1
24,Less than 25,Male,Caucasian,3,M,0,0,0,1,0
45,Greater than 45,Male,Caucasian,19,F,0,0,0,1,3
33,25 - 45,Male,Hispanic,1,M,0,0,0,0,2
28,25 - 45,Male,African-American,1,F,0,0,0,0,1
45,Greater than 45,Female,Caucasian,1,F,0,0,0,1,3
22,Less than 25,Female,African-American,1,M,0,0,0,0,0
33,25 - 45,Male,Caucasian,3,F,0,0,0,1,2
23,Less than 25,Male,Caucasian,4,F,0,0,4,1,0
36,25 - 45,Male,African-American,6,F,0,0,0,0,2
22,Less than 25,Male,African-American,0,F,0,0,0,0,0
45,Greater than 45,Male,Caucasian,1,M,0,0,0,0,3
28,25 - 45,Male,African-American,2,F,0,0,0,1,1
37,25 - 45,Male,African-American,3,M,0,0,0,0,2
52,Greater than 45,Female,Caucasian,0,M,0,0,0,0,3
26,25 - 45,Male,Caucasian,0,F,0,0,0,0,1
28,25 - 45,Male,Caucasian,4,F,0,0,0,1,1
33,25 - 45,Female,Caucasian,2,F,0,0,0,0,2
23,Less than 25,Male,Caucasian,3,F,0,0,1,1,0
31,25 - 45,Male,Caucasian,3,M,0,0,1,1,1
55,Greater than 45,Female,Caucasian,0,M,0,0,0,0,3
24,Less than 25,Male,Caucasian,3,F,0,0,2,1,0
37,25 - 45,Male,African-American,2,M,0,0,0,0,2
41,25 - 45,Male,African-American,0,F,0,0,0,0,2
26,25 - 45,Male,Caucasian,0,M,0,0,0,0,1
41,25 - 45,Male,African-American,13,F,0,0,0,0,2
33,25 - 45,Male,African-American,6,F,0,0,0,0,2
47,Greater than 45,Male,Hispanic,0,M,0,0,0,1,3
23,Less than 25,Male,African-American,0,F,0,0,0,0,0
27,25 - 45,Male,Caucasian,1,F,0,0,0,0,1
24,Less than 25,Male,Caucasian,0,F,0,0,0,1,0
23,Less than 25,Male,Other,2,M,0,0,0,0,0
30,25 - 45,Male,African-American,10,F,0,1,0,0,1
55,Greater than 45,Male,Caucasian,1,F,0,0,0,0,3
26,25 - 45,Male,African-American,13,M,0,0,0,1,1
41,25 - 45,Female,African-American,6,M,0,1,0,0,2
35,25 - 45,Male,African-American,0,F,0,0,0,0,2
26,25 - 45,Male,African-American,4,F,0,0,0,1,1
20,Less than 25,Male,African-American,1,M,0,0,0,0,0
24,Less than 25,Male,Caucasian,3,M,0,0,0,1,0
31,25 - 45,Male,African-American,8,M,0,2,0,1,1
22,Less than 25,Male,African-American,2,F,0,1,0,0,0
55,Greater than 45,Male,African-American,0,F,0,0,0,1,3
33,25 - 45,Male,Caucasian,7,F,0,0,0,1,2
44,25 - 45,Male,Caucasian,6,F,0,0,0,1,3
41,25 - 45,Male,African-American,25,F,0,0,0,1,2
56,Greater than 45,Male,African-American,9,M,0,0,0,0,3
21,Less than 25,Male,African-American,1,F,0,0,0,0,0
36,25 - 45,Male,African-American,1,F,0,0,0,1,2
48,Greater than 45,Female,Caucasian,1,M,0,0,0,0,3
27,25 - 45,Male,Caucasian,6,F,0,0,0,1,1
56,Greater than 45,Male,Caucasian,7,F,0,0,0,1,3
39,25 - 45,Male,Caucasian,2,M,0,0,0,0,2
31,25 - 45,Male,Hispanic,0,F,0,0,0,0,1
25,25 - 45,Female,Caucasian,0,F,0,0,0,0,0
51,Greater than 45,Male,Caucasian,1,F,0,0,0,0,3
28,25 - 45,Female,African-American,3,F,0,0,0,0,1
30,25 - 45,Male,African-American,0,F,0,0,0,1,1
19,Less than 25,Female,African-American,0,M,0,0,0,1,0
20,Less than 25,Male,African-American,0,M,0,0,0,1,0
57,Greater than 45,Male,Caucasian,0,F,0,0,0,0,3
51,Greater than 45,Male,African-American,8,M,0,0,0,1,3
27,25 - 45,Male,African-American,5,F,0,0,0,1,1
26,25 - 45,Male,African-American,0,F,0,0,2,0,1
23,Less than 25,Male,Caucasian,3,M,0,0,0,1,0
35,25 - 45,Male,African-American,14,M,0,1,0,1,2
41,25 - 45,Female,Caucasian,1,M,0,0,0,0,2
37,25 - 45,Male,African-American,5,F,0,0,0,0,2
48,Greater than 45,Male,African-American,0,F,0,0,0,0,3
21,Less than 25,Male,African-American,0,F,0,0,1,0,0
19,Less than 25,Male,African-American,3,F,3,0,0,1,0
21,Less than 25,Male,African-American,1,F,0,0,0,1,0
29,25 - 45,Male,Hispanic,1,M,0,0,1,0,1
52,Greater than 45,Male,African-American,1,M,0,0,0,0,3
23,Less than 25,Male,African-American,5,F,0,0,0,1,0
22,Less than 25,Male,African-American,0,F,0,0,0,1,0
19,Less than 25,Male,African-American,1,F,1,0,1,1,0
41,25 - 45,Male,Caucasian,1,F,0,0,0,1,2
25,25 - 45,Female,Caucasian,1,M,0,0,0,1,0
54,Greater than 45,Male,African-American,0,M,0,0,0,1,3
25,25 - 45,Male,African-American,13,F,4,0,0,1,0
30,25 - 45,Female,Caucasian,0,M,0,0,0,1,1
40,25 - 45,Female,Caucasian,4,F,0,0,0,0,2
22,Less than 25,Male,African-American,0,F,0,0,0,0,0
50,Greater than 45,Male,Caucasian,10,F,0,0,0,0,3
35,25 - 45,Male,Caucasian,2,M,0,0,0,0,2
28,25 - 45,Male,Caucasian,7,F,0,0,0,1,1
21,Less than 25,Male,African-American,0,F,0,0,0,0,0
38,25 - 45,Female,Other,6,F,0,0,0,1,2
27,25 - 45,Male,Caucasian,0,F,0,0,0,0,1
22,Less than 25,Male,African-American,0,F,0,0,0,1,0
38,25 - 45,Female,Hispanic,20,F,0,0,0,1,2
32,25 - 45,Male,African-American,26,F,2,0,0,1,2
32,25 - 45,Male,Caucasian,0,F,0,0,0,0,2
59,Greater than 45,Male,Caucasian,0,F,0,0,0,0,3
30,25 - 45,Male,Caucasian,19,F,0,0,0,1,1
20,Less than 25,Male,Other,0,M,0,0,0,1,0
59,Greater than 45,Male,Caucasian,0,F,0,0,0,0,3
44,25 - 45,Female,Caucasian,1,F,0,0,0,1,3
26,25 - 45,Male,African-American,9,M,0,1,1,1,1
30,25 - 45,Male,African-American,9,F,0,1,0,1,1
35,25 - 45,Female,Caucasian,2,F,0,0,0,0,2
25,25 - 45,Male,African-American,3,M,0,1,1,1,0
44,25 - 45,Male,Hispanic,0,M,0,0,0,0,3
40,25 - 45,Male,African-American,7,F,0,0,0,0,2
31,25 - 45,Female,African-American,0,M,0,0,0,1,1
32,25 - 45,Female,African-American,0,F,0,0,0,0,2
37,25 - 45,Male,African-American,22,F,0,0,0,1,2
22,Less than 25,Male,Caucasian,2,F,1,0,0,0,0
38,25 - 45,Male,African-American,8,M,0,0,0,1,2
34,25 - 45,Male,Caucasian,2,F,0,0,0,0,2
30,25 - 45,Male,African-American,7,F,0,1,0,0,1
38,25 - 45,Female,Caucasian,0,F,0,0,0,1,2
36,25 - 45,Male,African-American,10,F,0,0,0,1,2
46,Greater than 45,Male,Other,0,F,0,0,0,0,3
22,Less than 25,Male,Native American,0,M,0,0,2,1,0
35,25 - 45,Male,Caucasian,2,F,0,0,0,1,2
35,25 - 45,Male,African-American,0,F,0,0,0,0,2
20,Less than 25,Male,Other,1,F,0,0,0,1,0
30,25 - 45,Female,African-American,9,F,0,0,0,1,1
34,25 - 45,Male,African-American,16,F,0,0,0,1,2
31,25 - 45,Male,Caucasian,3,F,0,0,0,1,1
32,25 - 45,Male,Hispanic,0,M,0,0,0,1,2
31,25 - 45,Male,Caucasian,4,F,0,1,1,1,1
22,Less than 25,Male,Caucasian,2,F,0,1,1,1,0
31,25 - 45,Male,Hispanic,0,F,0,0,0,0,1
36,25 - 45,Male,African-American,5,M,0,0,0,1,2
39,25 - 45,Male,African-American,2,M,0,0,0,0,2
51,Greater than 45,Male,African-American,9,F,0,0,0,1,3
35,25 - 45,Male,African-American,7,F,0,0,0,1,2
30,25 - 45,Male,African-American,1,F,0,0,0,1,1
35,25 - 45,Male,Hispanic,0,F,0,0,1,0,2
23,Less than 25,Male,Hispanic,0,F,0,0,0,1,0
43,25 - 45,Male,Caucasian,3,M,0,0,0,1,3
37,25 - 45,Male,African-American,0,M,0,0,0,0,2
25,25 - 45,Male,African-American,3,M,0,0,2,0,0
33,25 - 45,Male,Hispanic,8,F,0,0,0,1,2
27,25 - 45,Female,African-American,0,F,0,0,0,0,1
47,Greater than 45,Male,Caucasian,2,M,0,0,0,0,3
46,Greater than 45,Male,African-American,12,M,0,0,0,0,3
27,25 - 45,Male,Caucasian,0,F,0,0,0,0,1
34,25 - 45,Male,African-American,0,F,0,0,0,1,2
30,25 - 45,Male,African-American,4,M,0,0,0,1,1
25,25 - 45,Male,Caucasian,0,M,0,0,0,0,0
26,25 - 45,Male,African-American,5,M,0,1,0,0,1
25,25 - 45,Male,African-American,1,F,0,0,0,1,0
60,Greater than 45,Male,African-American,9,F,0,0,0,0,3
49,Greater than 45,Male,Other,0,M,0,0,0,1,3
30,25 - 45,Male,African-American,12,F,0,0,0,1,1
21,Less than 25,Male,African-American,0,F,0,0,0,0,0
25,25 - 45,Male,African-American,4,F,0,0,0,1,0
53,Greater than 45,Male,Caucasian,1,F,0,0,0,0,3
21,Less than 25,Male,African-American,0,F,0,0,0,1,0
29,25 - 45,Male,Hispanic,1,M,0,0,0,0,1
29,25 - 45,Male,African-American,4,M,0,0,0,0,1
21,Less than 25,Male,Hispanic,0,M,0,0,0,0,0
24,Less than 25,Female,African-American,2,M,0,0,0,1,0
53,Greater than 45,Male,Other,4,M,0,0,0,1,3
51,Greater than 45,Male,Caucasian,2,F,0,0,0,0,3
29,25 - 45,Male,African-American,1,M,0,0,0,0,1
24,Less than 25,Female,Other,0,F,0,0,0,0,0
24,Less than 25,Male,Other,2,F,0,1,9,1,0
37,25 - 45,Male,Hispanic,5,F,0,0,0,0,2
20,Less than 25,Male,Caucasian,0,F,0,0,0,1,0
54,Greater than 45,Female,Hispanic,2,M,0,0,0,0,3
51,Greater than 45,Female,Caucasian,14,F,0,0,0,0,3
53,Greater than 45,Male,Caucasian,1,F,0,0,0,0,3
31,25 - 45,Male,African-American,2,F,0,0,0,0,1
25,25 - 45,Male,African-American,5,F,0,0,0,0,0
38,25 - 45,Male,Hispanic,0,M,0,0,0,0,2
22,Less than 25,Male,African-American,3,F,0,1,1,1,0
21,Less than 25,Male,African-American,1,F,0,0,0,0,0
21,Less than 25,Male,Caucasian,1,F,0,0,0,1,0
27,25 - 45,Male,African-American,6,M,2,0,0,1,1
28,25 - 45,Male,African-American,14,M,0,1,0,1,1
49,Greater than 45,Male,African-American,6,M,0,0,0,1,3
52,Greater than 45,Male,African-American,7,F,0,0,0,1,3
25,25 - 45,Male,African-American,1,M,0,0,0,0,0
56,Greater than 45,Male,Caucasian,2,F,0,0,0,0,3
34,25 - 45,Male,African-American,22,F,0,0,0,0,2
35,25 - 45,Male,Hispanic,7,F,0,0,0,0,2
23,Less than 25,Male,African-American,1,M,0,0,0,1,0
22,Less than 25,Male,Caucasian,0,F,0,0,2,0,0
23,Less than 25,Male,African-American,0,F,0,0,0,1,0
30,25 - 45,Male,African-American,4,M,0,0,0,0,1
42,25 - 45,Male,African-American,1,M,0,0,0,1,2
50,Greater than 45,Male,African-American,24,M,0,0,2,1,3
54,Greater than 45,Male,Caucasian,12,F,0,0,0,1,3
37,25 - 45,Male,Other,4,M,0,0,0,1,2
37,25 - 45,Male,African-American,0,F,0,0,0,0,2
23,Less than 25,Male,African-American,1,F,0,0,0,0,0
41,25 - 45,Male,Caucasian,0,F,0,0,0,0,2
50,Greater than 45,Male,African-American,5,F,1,0,0,0,3
41,25 - 45,Male,Hispanic,19,F,0,0,0,1,2
26,25 - 45,Male,African-American,2,F,0,0,0,1,1
40,25 - 45,Male,Other,8,F,0,0,0,1,2
23,Less than 25,Male,African-American,2,F,0,0,0,1,0
55,Greater than 45,Male,Caucasian,1,F,0,0,0,1,3
24,Less than 25,Male,African-American,0,F,0,0,0,1,0
33,25 - 45,Male,Caucasian,5,M,0,1,0,1,2
23,Less than 25,Male,Caucasian,0,F,0,0,0,0,0
37,25 - 45,Male,African-American,1,M,0,0,0,1,2
64,Greater than 45,Female,Other,0,F,0,0,0,0,3
51,Greater than 45,Male,Caucasian,0,M,0,0,0,0,3
40,25 - 45,Male,Other,4,F,0,0,0,1,2
43,25 - 45,Male,Caucasian,1,F,0,0,0,0,3
35,25 - 45,Female,African-American,3,M,0,0,0,1,2
22,Less than 25,Male,Hispanic,1,F,0,0,0,1,0
29,25 - 45,Male,African-American,2,F,0,0,0,0,1
57,Greater than 45,Male,Caucasian,0,M,0,0,0,0,3
20,Less than 25,Male,African-American,1,M,0,1,2,1,0
37,25 - 45,Male,Caucasian,1,M,0,0,0,1,2
23,Less than 25,Female,Other,0,M,0,0,0,0,0
23,Less than 25,Male,African-American,3,F,0,0,0,1,0
36,25 - 45,Male,Caucasian,9,M,0,0,0,1,2
55,Greater than 45,Male,Caucasian,1,M,0,0,0,0,3
53,Greater than 45,Male,African-American,18,M,0,0,0,1,3
21,Less than 25,Male,African-American,1,F,0,0,0,1,0
27,25 - 45,Male,African-American,3,M,0,0,0,1,1
28,25 - 45,Male,African-American,6,F,0,1,0,1,1
26,25 - 45,Male,Caucasian,1,F,0,0,0,1,1
25,25 - 45,Male,Caucasian,1,F,0,0,0,0,0
66,Greater than 45,Male,Caucasian,0,F,0,0,0,0,3
28,25 - 45,Male,African-American,3,M,0,0,0,0,1
21,Less than 25,Male,African-American,0,F,0,0,0,1,0
24,Less than 25,Male,African-American,0,M,0,0,0,0,0
60,Greater than 45,Male,Caucasian,18,M,0,0,0,1,3
37,25 - 45,Male,African-American,2,F,0,0,0,1,2
23,Less than 25,Male,African-American,2,M,0,0,0,1,0
73,Greater than 45,Male,Caucasian,0,M,0,0,0,0,3
44,25 - 45,Male,African-American,0,F,0,0,0,0,3
42,25 - 45,Male,Hispanic,0,M,0,0,0,0,2
40,25 - 45,Male,African-American,6,F,0,0,0,0,2
28,25 - 45,Female,African-American,0,F,0,0,0,1,1
21,Less than 25,Male,Hispanic,0,F,0,0,0,0,0
56,Greater than 45,Male,Caucasian,0,M,0,0,0,1,3
42,25 - 45,Male,African-American,3,F,0,0,0,0,2
32,25 - 45,Male,Caucasian,11,F,1,0,0,1,2
50,Greater than 45,Male,Caucasian,1,F,0,0,0,0,3
34,25 - 45,Male,Caucasian,0,M,0,0,0,0,2
47,Greater than 45,Male,African-American,1,M,0,0,0,1,3
58,Greater than 45,Male,Caucasian,3,F,0,0,0,0,3
48,Greater than 45,Male,Caucasian,3,F,0,0,0,0,3
20,Less than 25,Female,Caucasian,0,F,0,0,0,0,0
53,Greater than 45,Female,African-American,10,F,0,0,0,1,3
29,25 - 45,Male,African-American,0,F,0,0,0,0,1
38,25 - 45,Male,Other,1,M,0,0,0,0,2
43,25 - 45,Female,Caucasian,0,M,0,0,0,0,3
35,25 - 45,Male,African-American,1,M,0,0,0,0,2
25,25 - 45,Male,Hispanic,2,M,0,0,0,1,0
53,Greater than 45,Male,Caucasian,1,M,0,0,0,1,3
22,Less than 25,Male,Caucasian,0,M,0,0,3,0,0
32,25 - 45,Female,Hispanic,1,M,0,0,0,0,2
26,25 - 45,Male,Caucasian,9,M,0,0,0,1,1
48,Greater than 45,Female,Other,0,F,0,0,0,0,3
23,Less than 25,Male,African-American,4,F,0,0,0,1,0
71,Greater than 45,Male,Caucasian,1,M,0,0,0,0,3
61,Greater than 45,Female,Caucasian,0,M,0,0,0,0,3
22,Less than 25,Female,Caucasian,2,M,0,0,0,0,0
29,25 - 45,Male,African-American,1,M,0,0,0,1,1
54,Greater than 45,Female,Caucasian,1,M,0,0,0,0,3
24,Less than 25,Male,Caucasian,6,F,0,2,0,0,0
28,25 - 45,Female,Caucasian,0,F,0,0,0,0,1
25,25 - 45,Female,Caucasian,2,F,0,0,0,0,0
22,Less than 25,Female,African-American,1,F,0,0,0,0,0
24,Less than 25,Male,African-American,2,F,0,0,0,1,0
35,25 - 45,Male,African-American,0,F,0,0,0,0,2
21,Less than 25,Male,African-American,0,F,0,0,0,0,0
49,Greater than 45,Male,Caucasian,1,M,0,0,0,0,3
26,25 - 45,Male,African-American,6,F,0,0,0,1,1
30,25 - 45,Male,African-American,7,F,0,1,0,1,1
32,25 - 45,Male,Hispanic,1,M,0,0,1,1,2
30,25 - 45,Male,African-American,5,F,0,0,0,1,1
21,Less than 25,Male,African-American,1,F,0,0,0,0,0
64,Greater than 45,Male,Caucasian,8,F,0,0,0,0,3
26,25 - 45,Female,African-American,1,F,0,0,0,0,1
45,Greater than 45,Female,Caucasian,7,F,0,1,0,1,3
37,25 - 45,Male,African-American,3,M,0,0,0,0,2
34,25 - 45,Female,African-American,1,F,0,0,0,1,2
60,Greater than 45,Male,Hispanic,4,F,0,0,0,0,3
58,Greater than 45,Male,Caucasian,0,M,0,0,0,0,3
27,25 - 45,Male,Caucasian,0,F,0,0,0,0,1
30,25 - 45,Male,African-American,0,M,0,0,0,1,1
25,25 - 45,Male,African-American,0,M,0,0,2,0,0
60,Greater than 45,Male,African-American,19,F,0,0,0,1,3
56,Greater than 45,Male,African-American,24,F,0,0,0,0,3
33,25 - 45,Male,African-American,2,M,0,0,0,0,2
25,25 - 45,Male,Caucasian,9,F,0,1,0,1,0
47,Greater than 45,Male,African-American,15,F,0,0,0,0,3
32,25 - 45,Male,African-American,6,F,0,0,0,1,2
24,Less than 25,Male,African-American,3,F,0,0,0,1,0
23,Less than 25,Male,Caucasian,2,F,0,1,0,1,0
23,Less than 25,Male,Hispanic,3,F,0,0,0,1,0
25,25 - 45,Male,African-American,1,F,0,0,0,1,0
20,Less than 25,Female,African-American,0,F,0,0,0,0,0
32,25 - 45,Male,African-American,9,F,0,0,4,0,2
49,Greater than 45,Female,African-American,0,F,0,0,0,0,3
22,Less than 25,Male,African-American,1,F,0,0,0,0,0
24,Less than 25,Male,African-American,0,F,0,0,0,0,0
26,25 - 45,Male,Caucasian,10,F,0,0,0,1,1
29,25 - 45,Male,African-American,5,F,0,0,0,0,1
20,Less than 25,Female,African-American,1,F,1,0,0,1,0
49,Greater than 45,Male,Caucasian,1,M,0,0,0,0,3
29,25 - 45,Male,African-American,1,M,0,0,0,1,1
18,Less than 25,Male,African-American,2,F,3,0,0,1,0
22,Less than 25,Male,Caucasian,0,F,0,0,0,0,0
34,25 - 45,Male,African-American,8,F,3,0,0,0,2
26,25 - 45,Female,African-American,3,F,0,0,0,0,1
21,Less than 25,Male,African-American,0,F,0,0,0,1,0
54,Greater than 45,Male,Caucasian,2,M,0,0,0,0,3
59,Greater than 45,Male,African-American,1,F,0,0,0,0,3
22,Less than 25,Male,African-American,0,F,0,0,1,1,0
24,Less than 25,Male,Other,1,F,0,0,0,1,0
64,Greater than 45,Male,African-American,20,F,0,0,0,0,3
45,Greater than 45,Male,Caucasian,1,M,0,0,0,1,3
22,Less than 25,Female,African-American,0,F,0,0,0,0,0
24,Less than 25,Male,African-American,5,F,0,0,0,1,0
30,25 - 45,Female,African-American,3,F,0,0,0,1,1
27,25 - 45,Female,Caucasian,0,F,0,0,0,0,1
20,Less than 25,Male,Caucasian,0,F,0,0,2,0,0
29,25 - 45,Male,Hispanic,0,F,0,0,0,1,1
28,25 - 45,Male,Caucasian,5,F,0,0,0,1,1
37,25 - 45,Male,Other,0,M,0,0,0,0,2
25,25 - 45,Male,Other,2,F,0,0,0,0,0
23,Less than 25,Male,Caucasian,3,F,0,0,1,1,0
32,25 - 45,Female,African-American,0,M,0,0,0,0,2
44,25 - 45,Female,Caucasian,1,F,0,0,0,0,3
41,25 - 45,Male,African-American,8,F,0,0,0,0,2
30,25 - 45,Male,Caucasian,3,F,0,0,0,0,1
27,25 - 45,Male,African-American,2,M,0,0,0,1,1
32,25 - 45,Male,African-American,0,F,0,0,0,1,2
40,25 - 45,Male,African-American,24,M,0,1,1,1,2
23,Less than 25,Male,African-American,1,F,0,0,0,0,0
34,25 - 45,Male,Hispanic,2,M,0,0,0,0,2
33,25 - 45,Male,African-American,1,F,0,0,0,0,2
33,25 - 45,Female,African-American,3,M,0,0,0,0,2
33,25 - 45,Male,Caucasian,3,F,0,0,0,0,2
33,25 - 45,Male,Caucasian,0,F,0,0,0,0,2
41,25 - 45,Male,African-American,2,M,0,0,0,1,2
37,25 - 45,Male,Hispanic,1,M,0,0,0,0,2
28,25 - 45,Male,African-American,9,M,0,0,0,0,1
25,25 - 45,Female,African-American,0,F,0,0,0,1,0
51,Greater than 45,Male,Other,14,F,0,0,0,1,3
30,25 - 45,Female,African-American,1,M,0,0,0,0,1
47,Greater than 45,Female,African-American,0,M,0,0,0,0,3
24,Less than 25,Male,Caucasian,0,F,0,0,0,1,0
37,25 - 45,Male,Caucasian,5,M,0,0,0,0,2
31,25 - 45,Male,Caucasian,9,F,0,0,0,1,1
30,25 - 45,Female,Caucasian,1,F,0,0,0,0,1
52,Greater than 45,Male,African-American,0,F,0,0,0,1,3
25,25 - 45,Male,African-American,5,F,0,0,1,1,0
60,Greater than 45,Male,African-American,10,F,0,0,0,0,3
46,Greater than 45,Female,African-American,7,M,0,0,0,0,3
62,Greater than 45,Male,Caucasian,3,M,0,0,0,0,3
57,Greater than 45,Male,Other,10,F,0,0,0,1,3
36,25 - 45,Male,Caucasian,0,M,0,0,0,1,2
24,Less than 25,Male,African-American,2,F,0,0,1,1,0
37,25 - 45,Male,Hispanic,3,M,0,0,0,1,2
25,25 - 45,Male,Caucasian,9,F,0,2,1,0,0
21,Less than 25,Male,African-American,0,M,0,0,1,1,0
38,25 - 45,Male,Asian,0,M,0,0,0,0,2
29,25 - 45,Male,African-American,5,F,0,0,0,1,1
52,Greater than 45,Male,African-American,0,M,0,0,0,1,3
29,25 - 45,Male,African-American,5,F,0,0,0,0,1
59,Greater than 45,Male,African-American,13,F,0,0,0,1,3
39,25 - 45,Male,African-American,2,F,0,0,0,0,2
48,Greater than 45,Male,Hispanic,1,M,0,0,0,0,3
31,25 - 45,Male,Other,3,M,0,0,0,1,1
20,Less than 25,Male,African-American,1,F,0,1,1,1,0
50,Greater than 45,Male,Caucasian,0,M,0,0,0,0,3
27,25 - 45,Male,African-American,7,F,0,0,0,1,1
27,25 - 45,Male,African-American,0,M,0,0,0,0,1
31,25 - 45,Male,Caucasian,4,F,0,0,0,1,1
32,25 - 45,Female,African-American,2,F,0,0,0,0,2
24,Less than 25,Female,African-American,2,M,0,0,0,0,0
24,Less than 25,Male,African-American,4,F,0,0,0,1,0
30,25 - 45,Male,Caucasian,0,M,0,0,0,1,1
21,Less than 25,Male,African-American,2,F,1,1,0,0,0
41,25 - 45,Male,Caucasian,0,F,0,0,0,0,2
38,25 - 45,Male,Other,1,F,0,0,0,0,2
32,25 - 45,Male,African-American,2,F,0,0,0,1,2
27,25 - 45,Male,Caucasian,5,F,0,0,0,0,1
24,Less than 25,Female,Caucasian,1,F,0,0,0,0,0
69,Greater than 45,Male,Caucasian,0,M,0,0,0,1,3
25,25 - 45,Male,Caucasian,1,F,0,0,0,0,0
55,Greater than 45,Male,Caucasian,0,M,0,0,0,1,3
28,25 - 45,Male,African-American,7,F,1,0,0,1,1
27,25 - 45,Male,Caucasian,0,M,0,0,0,1,1
20,Less than 25,Female,African-American,1,F,0,0,0,1,0
36,25 - 45,Male,African-American,2,F,0,0,0,1,2
39,25 - 45,Female,Hispanic,10,F,0,0,2,1,2
25,25 - 45,Male,African-American,10,F,0,1,1,1,0
35,25 - 45,Female,Caucasian,1,M,0,0,0,0,2
32,25 - 45,Male,African-American,12,M,0,1,3,1,2
69,Greater than 45,Male,Other,0,M,0,0,0,0,3
21,Less than 25,Male,Caucasian,1,M,0,0,1,0,0
41,25 - 45,Male,Caucasian,1,F,0,0,0,0,2
21,Less than 25,Male,Hispanic,0,F,0,0,0,0,0
38,25 - 45,Male,African-American,0,F,0,0,0,0,2
21,Less than 25,Male,African-American,1,F,0,0,0,1,0
31,25 - 45,Male,Caucasian,10,M,0,0,0,0,1
35,25 - 45,Male,Caucasian,2,M,0,0,0,1,2
34,25 - 45,Male,African-American,5,M,0,0,0,0,2
52,Greater than 45,Male,Caucasian,0,M,0,0,0,0,3
21,Less than 25,Male,African-American,0,F,0,0,0,0,0
43,25 - 45,Male,African-American,8,M,0,0,0,0,3
32,25 - 45,Female,Caucasian,0,F,0,0,0,0,2
49,Greater than 45,Male,Caucasian,5,F,0,0,0,1,3
21,Less than 25,Female,African-American,0,M,0,0,0,0,0
28,25 - 45,Male,African-American,5,F,0,0,0,1,1
65,Greater than 45,Female,Caucasian,1,F,0,0,0,0,3
27,25 - 45,Female,Caucasian,0,M,0,0,0,0,1
29,25 - 45,Male,Other,6,F,0,0,0,1,1
48,Greater than 45,Male,Caucasian,20,F,0,0,0,1,3
25,25 - 45,Male,African-American,1,M,0,0,1,0,0
20,Less than 25,Male,African-American,0,M,0,0,0,1,0
49,Greater than 45,Male,Other,7,F,0,0,0,1,3
42,25 - 45,Male,Other,6,M,0,0,0,0,2
63,Greater than 45,Male,African-American,6,F,0,0,0,0,3
40,25 - 45,Male,Caucasian,0,M,0,0,0,0,2
34,25 - 45,Male,Hispanic,0,F,0,0,0,0,2
21,Less than 25,Male,African-American,1,F,0,0,0,1,0
27,25 - 45,Male,Caucasian,1,M,0,0,0,0,1
29,25 - 45,Male,Hispanic,0,M,0,0,0,0,1
35,25 - 45,Male,Caucasian,0,M,0,0,0,1,2
32,25 - 45,Male,African-American,9,M,0,0,0,1,2
50,Greater than 45,Female,African-American,0,M,0,0,0,0,3
31,25 - 45,Male,African-American,1,M,0,0,0,0,1
47,Greater than 45,Male,Caucasian,0,M,0,0,0,0,3
44,25 - 45,Male,Caucasian,2,M,0,0,0,0,3
44,25 - 45,Male,Hispanic,8,F,0,0,0,1,3
56,Greater than 45,Male,Hispanic,0,F,0,0,0,0,3
23,Less than 25,Male,African-American,0,M,0,0,0,0,0
54,Greater than 45,Male,African-American,10,F,0,0,0,0,3
21,Less than 25,Male,African-American,1,F,1,0,1,1,0
38,25 - 45,Male,Caucasian,17,F,0,0,0,0,2
25,25 - 45,Male,Hispanic,0,F,0,0,0,1,0
44,25 - 45,Male,Caucasian,2,F,0,0,0,1,3
52,Greater than 45,Male,African-American,3,M,0,0,0,1,3
52,Greater than 45,Female,Caucasian,0,F,0,0,0,1,3
21,Less than 25,Male,African-American,0,M,0,0,0,1,0
31,25 - 45,Male,African-American,4,F,0,0,0,0,1
30,25 - 45,Female,Caucasian,9,F,0,0,0,1,1
39,25 - 45,Female,African-American,1,F,0,0,0,0,2
56,Greater than 45,Male,African-American,6,F,0,0,0,0,3
35,25 - 45,Male,African-American,12,F,0,0,0,1,2
39,25 - 45,Male,Caucasian,1,F,0,0,0,0,2
29,25 - 45,Male,Caucasian,0,M,0,0,0,0,1
28,25 - 45,Female,Caucasian,3,F,0,0,0,0,1
23,Less than 25,Male,African-American,2,F,0,0,0,1,0
26,25 - 45,Male,Caucasian,0,M,0,0,0,0,1
64,Greater than 45,Female,African-American,1,M,0,0,0,1,3
51,Greater than 45,Female,African-American,10,F,1,0,0,0,3
58,Greater than 45,Female,Other,0,F,0,0,0,0,3
20,Less than 25,Male,Caucasian,1,F,0,0,2,1,0
21,Less than 25,Male,African-American,0,F,0,0,0,1,0
21,Less than 25,Male,African-American,0,F,0,0,0,0,0
23,Less than 25,Male,African-American,0,F,0,0,0,0,0
46,Greater than 45,Male,African-American,3,F,0,0,0,0,3
25,25 - 45,Male,African-American,21,F,0,13,1,1,0
35,25 - 45,Male,Hispanic,5,F,0,0,0,0,2
34,25 - 45,Male,African-American,12,F,0,0,0,0,2
30,25 - 45,Female,African-American,0,M,0,0,0,0,1
47,Greater than 45,Male,Caucasian,1,F,0,0,0,0,3
30,25 - 45,Male,Caucasian,4,F,0,0,0,0,1
33,25 - 45,Male,Hispanic,0,M,0,0,0,0,2
47,Greater than 45,Male,African-American,1,F,0,0,0,0,3
42,25 - 45,Male,African-American,33,F,0,0,0,1,2
39,25 - 45,Male,African-American,1,F,0,0,0,1,2
50,Greater than 45,Male,Caucasian,11,F,0,0,0,1,3
30,25 - 45,Male,Hispanic,2,M,0,0,0,1,1
24,Less than 25,Male,Caucasian,1,F,0,0,2,0,0
22,Less than 25,Female,African-American,2,F,0,0,0,0,0
45,Greater than 45,Male,Caucasian,3,F,0,0,0,0,3
26,25 - 45,Male,Caucasian,2,F,0,0,0,1,1
39,25 - 45,Male,Caucasian,3,F,0,0,0,0,2
40,25 - 45,Male,Caucasian,1,F,0,0,0,0,2
24,Less than 25,Male,African-American,0,F,0,0,0,0,0
23,Less than 25,Male,African-American,1,F,0,0,1,0,0
61,Greater than 45,Male,Caucasian,0,M,0,0,0,0,3
42,25 - 45,Male,Caucasian,3,F,0,0,0,1,2
38,25 - 45,Male,African-American,3,F,0,0,0,1,2
67,Greater than 45,Male,Caucasian,0,F,0,0,0,1,3
23,Less than 25,Male,Caucasian,2,F,0,0,0,0,0
31,25 - 45,Male,Caucasian,1,F,0,0,0,1,1
40,25 - 45,Male,African-American,15,F,1,0,0,0,2
44,25 - 45,Male,African-American,0,F,0,0,0,0,3
37,25 - 45,Male,African-American,10,F,0,0,0,1,2
22,Less than 25,Female,African-American,3,M,0,1,0,0,0
31,25 - 45,Male,Caucasian,6,M,0,0,0,1,1
28,25 - 45,Male,African-American,9,F,0,0,0,1,1
57,Greater than 45,Male,African-American,2,F,0,0,0,0,3
24,Less than 25,Male,Other,5,M,0,0,0,0,0
33,25 - 45,Male,Caucasian,9,F,0,0,0,0,2
30,25 - 45,Female,African-American,10,F,0,3,2,1,1
31,25 - 45,Male,Other,5,F,0,1,0,0,1
56,Greater than 45,Male,Caucasian,7,F,0,0,0,0,3
67,Greater than 45,Male,Hispanic,2,F,0,0,0,0,3
35,25 - 45,Male,African-American,0,F,0,0,0,1,2
57,Greater than 45,Male,African-American,23,F,0,0,0,1,3
39,25 - 45,Female,Caucasian,8,F,0,0,0,1,2
65,Greater than 45,Male,Caucasian,3,F,0,0,0,0,3
22,Less than 25,Female,Caucasian,0,M,0,0,0,0,0
35,25 - 45,Female,African-American,2,F,0,0,0,0,2
29,25 - 45,Male,African-American,2,M,0,1,0,1,1
37,25 - 45,Male,Caucasian,2,M,0,0,0,1,2
62,Greater than 45,Male,African-American,13,F,0,0,0,1,3
22,Less than 25,Male,African-American,5,M,0,0,0,1,0
31,25 - 45,Male,African-American,6,M,0,0,0,0,1
22,Less than 25,Male,African-American,0,M,0,0,0,1,0
31,25 - 45,Male,Hispanic,8,F,0,0,0,1,1
56,Greater than 45,Female,African-American,1,F,0,0,0,0,3
25,25 - 45,Male,Caucasian,2,F,0,0,0,0,0
33,25 - 45,Male,Caucasian,10,M,0,0,0,0,2
25,25 - 45,Male,Caucasian,2,F,0,0,0,0,0
27,25 - 45,Female,African-American,3,F,0,0,0,0,1
37,25 - 45,Male,African-American,1,F,0,0,0,0,2
41,25 - 45,Male,Caucasian,2,M,0,0,0,0,2
35,25 - 45,Male,African-American,5,F,0,0,1,0,2
25,25 - 45,Male,Hispanic,1,M,0,0,0,1,0
55,Greater than 45,Male,Caucasian,0,M,0,0,0,0,3
24,Less than 25,Female,African-American,1,F,0,0,0,0,0
26,25 - 45,Male,African-American,2,F,0,0,0,1,1
35,25 - 45,Male,African-American,7,F,0,0,0,0,2
50,Greater than 45,Male,Caucasian,3,M,0,0,0,1,3
30,25 - 45,Male,African-American,1,M,0,0,0,0,1
25,25 - 45,Male,African-American,3,F,0,0,0,1,0
65,Greater than 45,Female,Caucasian,1,M,0,0,0,1,3
31,25 - 45,Female,African-American,0,F,0,0,0,1,1
24,Less than 25,Female,African-American,0,M,0,0,0,0,0
34,25 - 45,Male,African-American,6,F,0,0,0,1,2
24,Less than 25,Male,Other,3,M,0,0,0,1,0
30,25 - 45,Female,African-American,4,F,0,1,0,0,1
35,25 - 45,Female,Hispanic,0,M,0,0,0,0,2
30,25 - 45,Male,African-American,14,F,0,0,0,1,1
24,Less than 25,Male,Caucasian,1,M,0,0,0,0,0
51,Greater than 45,Male,Caucasian,3,F,0,0,0,1,3
28,25 - 45,Female,African-American,3,F,0,0,0,0,1
27,25 - 45,Female,African-American,4,F,0,0,0,1,1
50,Greater than 45,Male,Other,5,F,0,0,0,0,3
22,Less than 25,Male,Caucasian,2,F,0,0,0,1,0
29,25 - 45,Male,African-American,2,F,0,0,0,1,1
31,25 - 45,Male,African-American,0,F,0,0,0,0,1
31,25 - 45,Male,Caucasian,0,M,0,0,0,0,1
32,25 - 45,Female,African-American,3,F,0,0,0,0,2
27,25 - 45,Male,African-American,1,F,0,0,0,1,1
29,25 - 45,Male,Caucasian,6,F,0,0,0,1,1
59,Greater than 45,Male,African-American,3,F,0,0,0,0,3
24,Less than 25,Male,African-American,1,M,0,0,0,1,0
27,25 - 45,Female,Caucasian,1,F,0,0,0,0,1
33,25 - 45,Male,African-American,0,F,0,0,0,0,2
35,25 - 45,Female,Other,0,M,0,0,0,0,2
28,25 - 45,Male,Caucasian,9,F,0,0,0,1,1
40,25 - 45,Female,Other,0,F,0,0,0,0,2
53,Greater than 45,Male,Hispanic,3,M,0,0,0,0,3
45,Greater than 45,Male,Other,0,M,0,0,0,0,3
24,Less than 25,Male,African-American,9,M,1,0,1,1,0
31,25 - 45,Male,African-American,16,F,2,1,1,1,1
25,25 - 45,Male,Hispanic,0,M,0,0,0,0,0
24,Less than 25,Male,Caucasian,0,M,0,0,0,1,0
24,Less than 25,Male,African-American,0,F,0,0,0,0,0
23,Less than 25,Male,Hispanic,6,M,0,0,0,0,0
23,Less than 25,Male,African-American,7,F,0,1,0,1,0
47,Greater than 45,Female,Hispanic,2,F,0,0,0,0,3
48,Greater than 45,Male,Hispanic,0,M,0,0,0,0,3
35,25 - 45,Male,Hispanic,0,M,0,0,0,0,2
24,Less than 25,Male,Other,3,F,0,0,0,1,0
62,Greater than 45,Male,Caucasian,0,F,0,0,0,0,3
52,Greater than 45,Male,African-American,19,F,0,0,0,0,3
25,25 - 45,Female,African-American,4,F,0,0,0,1,0
25,25 - 45,Male,Other,1,F,0,0,0,0,0
49,Greater than 45,Male,African-American,1,M,0,0,0,0,3
50,Greater than 45,Male,Caucasian,0,F,0,0,0,1,3
47,Greater than 45,Male,African-American,3,F,0,0,0,1,3
37,25 - 45,Male,African-American,14,F,0,0,0,0,2
26,25 - 45,Male,Caucasian,0,M,0,0,0,0,1
28,25 - 45,Male,African-American,21,F,0,2,0,0,1
26,25 - 45,Female,African-American,3,F,0,0,0,1,1
48,Greater than 45,Male,Other,4,F,0,0,0,0,3
25,25 - 45,Male,African-American,1,F,0,0,0,0,0
20,Less than 25,Male,African-American,1,F,0,1,0,1,0
34,25 - 45,Male,African-American,9,F,0,0,0,1,2
26,25 - 45,Male,Hispanic,1,M,0,0,0,0,1
46,Greater than 45,Male,African-American,9,F,1,0,1,1,3
21,Less than 25,Male,African-American,0,F,0,0,1,1,0
27,25 - 45,Female,Caucasian,2,F,0,0,0,1,1
21,Less than 25,Male,African-American,3,M,0,1,1,1,0
29,25 - 45,Male,Caucasian,1,F,0,0,0,0,1
46,Greater than 45,Male,Caucasian,4,F,0,0,0,0,3
24,Less than 25,Male,African-American,0,F,0,0,0,0,0
51,Greater than 45,Female,Hispanic,2,M,0,0,0,0,3
57,Greater than 45,Male,African-American,8,M,0,0,0,1,3
33,25 - 45,Male,African-American,4,F,0,0,0,1,2
23,Less than 25,Male,African-American,4,F,0,1,0,1,0
29,25 - 45,Male,African-American,5,F,0,0,0,0,1
22,Less than 25,Male,Caucasian,0,M,0,0,0,1,0
56,Greater than 45,Male,Hispanic,10,M,0,0,0,1,3
33,25 - 45,Female,Caucasian,1,M,0,0,0,1,2
27,25 - 45,Male,Other,0,F,0,0,0,1,1
31,25 - 45,Male,Hispanic,1,M,0,0,0,0,1
40,25 - 45,Male,African-American,3,F,0,0,0,1,2
48,Greater than 45,Male,Other,0,M,0,0,0,0,3
32,25 - 45,Male,African-American,10,F,0,3,0,1,2
68,Greater than 45,Male,African-American,1,F,0,0,0,0,3
24,Less than 25,Male,African-American,1,M,0,0,0,0,0
32,25 - 45,Male,African-American,1,F,0,0,0,0,2
19,Less than 25,Male,African-American,2,F,0,1,0,1,0
56,Greater than 45,Male,Hispanic,4,F,0,0,0,0,3
23,Less than 25,Male,African-American,6,F,0,0,0,1,0
39,25 - 45,Male,Caucasian,17,F,6,1,0,1,2
25,25 - 45,Male,African-American,1,F,0,0,0,0,0
42,25 - 45,Male,African-American,6,F,0,0,0,1,2
29,25 - 45,Male,Caucasian,1,M,0,0,0,0,1
38,25 - 45,Male,Caucasian,2,M,0,0,0,0,2
32,25 - 45,Male,Caucasian,10,F,0,2,1,1,2
23,Less than 25,Male,Caucasian,4,M,0,0,0,1,0
58,Greater than 45,Male,African-American,10,F,0,0,0,1,3
42,25 - 45,Male,African-American,9,F,0,0,0,1,2
52,Greater than 45,Male,Hispanic,3,F,0,0,0,0,3
26,25 - 45,Male,Caucasian,1,F,0,0,0,1,1
27,25 - 45,Male,Caucasian,1,F,0,0,0,0,1
33,25 - 45,Male,Caucasian,1,F,0,0,0,0,2
33,25 - 45,Male,African-American,2,F,0,0,0,1,2
23,Less than 25,Male,African-American,0,M,0,0,0,1,0
25,25 - 45,Male,African-American,4,F,0,1,0,1,0
32,25 - 45,Male,African-American,0,F,0,0,0,1,2
34,25 - 45,Male,Hispanic,14,F,0,0,0,1,2
29,25 - 45,Female,Caucasian,0,M,0,0,0,0,1
38,25 - 45,Male,African-American,19,F,0,0,0,1,2
29,25 - 45,Male,Caucasian,0,M,0,0,0,0,1
27,25 - 45,Male,African-American,6,F,0,0,0,1,1
25,25 - 45,Male,Caucasian,0,M,0,0,0,1,0
31,25 - 45,Female,Caucasian,2,F,0,0,2,1,1
30,25 - 45,Male,African-American,8,F,0,0,0,1,1
41,25 - 45,Male,African-American,0,F,0,0,0,0,2
59,Greater than 45,Male,African-American,8,F,0,0,0,0,3
21,Less than 25,Male,Caucasian,1,M,0,0,0,1,0
33,25 - 45,Female,African-American,6,M,0,0,0,1,2
27,25 - 45,Male,African-American,6,F,0,0,0,1,1
30,25 - 45,Male,African-American,0,F,0,0,0,0,1
43,25 - 45,Male,Caucasian,4,F,0,0,0,0,3
24,Less than 25,Female,Caucasian,2,F,0,0,1,0,0
45,Greater than 45,Male,African-American,13,M,0,0,0,1,3
23,Less than 25,Male,Caucasian,0,F,0,0,1,1,0
40,25 - 45,Female,Caucasian,5,F,0,0,0,0,2
23,Less than 25,Female,African-American,0,F,0,0,0,0,0
39,25 - 45,Male,African-American,3,F,0,0,0,0,2
26,25 - 45,Female,African-American,5,F,0,0,0,1,1
26,25 - 45,Female,Caucasian,0,M,0,0,0,0,1
21,Less than 25,Male,African-American,0,M,0,0,0,0,0
30,25 - 45,Male,Caucasian,3,F,0,1,1,0,1
44,25 - 45,Male,Caucasian,0,F,0,0,0,0,3
21,Less than 25,Male,African-American,1,F,0,0,0,1,0
23,Less than 25,Male,African-American,0,M,0,0,0,0,0
49,Greater than 45,Female,African-American,1,F,0,0,0,0,3
23,Less than 25,Male,African-American,3,F,0,0,0,1,0
24,Less than 25,Male,African-American,1,F,0,0,0,1,0
21,Less than 25,Female,African-American,1,F,0,0,0,1,0
37,25 - 45,Female,Caucasian,7,F,0,0,0,1,2
21,Less than 25,Female,African-American,1,M,0,0,0,1,0
28,25 - 45,Male,Caucasian,2,F,0,0,0,1,1
42,25 - 45,Male,Caucasian,2,M,0,0,0,0,2
23,Less than 25,Male,Other,7,F,0,2,0,1,0
24,Less than 25,Female,African-American,2,F,0,0,0,1,0
31,25 - 45,Male,Caucasian,0,F,0,0,0,0,1
24,Less than 25,Male,African-American,2,M,1,0,0,1,0
25,25 - 45,Male,African-American,1,F,0,0,0,0,0
55,Greater than 45,Male,African-American,12,F,0,0,0,0,3
33,25 - 45,Male,African-American,1,M,0,0,0,1,2
26,25 - 45,Male,African-American,24,M,1,3,0,1,1
27,25 - 45,Male,African-American,1,F,0,0,0,0,1
26,25 - 45,Male,Caucasian,3,M,0,0,0,0,1
21,Less than 25,Male,Hispanic,0,M,0,0,0,1,0
27,25 - 45,Female,African-American,0,M,0,0,0,0,1
46,Greater than 45,Male,Caucasian,0,F,0,0,0,0,3
38,25 - 45,Female,Caucasian,1,M,0,0,0,1,2
24,Less than 25,Female,African-American,0,M,0,0,0,0,0
38,25 - 45,Female,African-American,0,M,0,0,0,0,2
27,25 - 45,Male,African-American,7,F,0,0,0,1,1
48,Greater than 45,Male,African-American,6,F,0,0,0,0,3
31,25 - 45,Female,Caucasian,2,F,0,0,0,1,1
28,25 - 45,Male,African-American,5,M,0,0,0,1,1
30,25 - 45,Male,Hispanic,7,F,0,0,0,0,1
25,25 - 45,Male,Caucasian,6,M,0,0,1,1,0
27,25 - 45,Male,African-American,8,F,0,0,0,1,1
55,Greater than 45,Male,Caucasian,0,M,0,0,0,0,3
25,25 - 45,Male,African-American,1,F,0,0,0,0,0
40,25 - 45,Male,African-American,5,F,0,0,0,1,2
21,Less than 25,Male,African-American,0,F,0,0,0,1,0
50,Greater than 45,Male,Caucasian,26,F,0,0,0,1,3
28,25 - 45,Male,African-American,10,F,0,1,0,1,1
20,Less than 25,Male,African-American,2,F,0,1,0,1,0
33,25 - 45,Male,Native American,9,M,1,0,0,1,2
31,25 - 45,Male,African-American,10,F,5,0,0,1,1
57,Greater than 45,Female,African-American,0,M,0,0,0,0,3
25,25 - 45,Male,African-American,0,M,0,0,0,0,0
22,Less than 25,Male,African-American,7,F,0,4,0,1,0
31,25 - 45,Male,African-American,3,F,0,0,0,1,1
43,25 - 45,Male,African-American,7,F,0,0,0,0,3
25,25 - 45,Female,Caucasian,0,M,0,0,0,0,0
39,25 - 45,Male,Hispanic,1,M,0,0,0,0,2
40,25 - 45,Male,African-American,1,F,0,0,0,0,2
20,Less than 25,Male,African-American,0,F,0,0,0,1,0
35,25 - 45,Male,African-American,2,M,0,0,0,0,2
34,25 - 45,Male,African-American,1,M,0,0,0,1,2
27,25 - 45,Male,Caucasian,18,F,0,0,1,1,1
37,25 - 45,Male,Hispanic,1,F,0,0,0,1,2
38,25 - 45,Female,African-American,3,F,0,0,0,1,2
21,Less than 25,Male,Caucasian,0,F,0,0,0,1,0
25,25 - 45,Male,African-American,0,M,0,0,0,1,0
53,Greater than 45,Male,African-American,6,M,0,0,0,1,3
50,Greater than 45,Female,African-American,4,F,0,0,0,0,3
23,Less than 25,Female,Caucasian,1,M,0,0,0,0,0
27,25 - 45,Male,African-American,2,F,1,0,0,1,1
22,Less than 25,Male,Other,0,F,0,0,0,1,0
27,25 - 45,Male,Caucasian,0,M,0,0,0,1,1
29,25 - 45,Male,African-American,5,F,0,0,0,1,1
38,25 - 45,Male,African-American,1,M,0,0,0,0,2
54,Greater than 45,Female,Caucasian,2,F,0,0,0,0,3
26,25 - 45,Male,African-American,1,F,0,0,0,1,1
37,25 - 45,Male,African-American,23,F,1,8,5,1,2
36,25 - 45,Male,African-American,25,M,0,2,1,1,2
28,25 - 45,Male,African-American,18,F,0,0,0,1,1
49,Greater than 45,Male,African-American,1,M,0,0,0,0,3
36,25 - 45,Male,African-American,11,F,0,0,0,0,2
26,25 - 45,Female,African-American,2,F,0,0,0,0,1
41,25 - 45,Female,Caucasian,0,F,0,0,0,0,2
26,25 - 45,Male,Hispanic,9,F,0,0,1,1,1
40,25 - 45,Male,Caucasian,9,F,1,0,0,0,2
29,25 - 45,Male,Caucasian,8,M,0,0,1,0,1
21,Less than 25,Male,African-American,7,F,1,0,0,1,0
22,Less than 25,Male,Other,0,F,0,0,0,1,0
33,25 - 45,Male,Caucasian,0,F,0,0,0,0,2
26,25 - 45,Male,African-American,7,F,0,0,0,0,1
27,25 - 45,Female,African-American,0,M,0,0,0,1,1
35,25 - 45,Male,African-American,1,F,0,0,0,0,2
27,25 - 45,Male,African-American,3,M,0,0,0,0,1
37,25 - 45,Male,Hispanic,3,M,0,0,0,1,2
31,25 - 45,Female,African-American,3,F,0,0,0,0,1
36,25 - 45,Male,African-American,26,F,1,0,0,1,2
32,25 - 45,Female,Other,0,M,0,0,0,0,2
50,Greater than 45,Male,Caucasian,1,F,0,0,0,0,3
52,Greater than 45,Male,Caucasian,1,F,0,0,0,0,3
24,Less than 25,Male,African-American,1,M,0,0,0,0,0
38,25 - 45,Male,African-American,0,F,0,0,0,0,2
54,Greater than 45,Male,African-American,11,F,0,0,0,0,3
71,Greater than 45,Male,Caucasian,13,F,0,0,0,0,3
27,25 - 45,Male,African-American,9,F,0,4,4,1,1
39,25 - 45,Female,Caucasian,1,F,0,0,0,0,2
34,25 - 45,Male,Other,1,M,0,0,0,1,2
23,Less than 25,Male,Other,0,M,0,0,0,1,0
46,Greater than 45,Male,African-American,8,M,1,0,0,1,3
36,25 - 45,Female,African-American,5,F,0,0,0,1,2
55,Greater than 45,Male,African-American,0,F,0,0,0,0,3
33,25 - 45,Male,Hispanic,1,F,0,0,0,0,2
45,Greater than 45,Male,African-American,0,M,0,0,0,1,3
27,25 - 45,Male,Caucasian,0,F,0,0,0,0,1
23,Less than 25,Male,African-American,2,F,0,0,3,1,0
20,Less than 25,Male,African-American,1,F,1,0,0,1,0
31,25 - 45,Female,African-American,10,F,0,2,0,0,1
24,Less than 25,Male,Caucasian,8,F,0,0,0,0,0
37,25 - 45,Female,Caucasian,2,F,0,0,0,1,2
25,25 - 45,Male,African-American,0,M,0,0,0,1,0
26,25 - 45,Male,Caucasian,0,F,0,0,0,0,1
29,25 - 45,Male,Hispanic,0,F,0,0,0,0,1
33,25 - 45,Male,Hispanic,3,M,0,0,0,0,2
29,25 - 45,Male,Caucasian,0,F,0,0,0,0,1
41,25 - 45,Male,African-American,4,M,0,0,0,1,2
37,25 - 45,Male,African-American,0,F,0,0,0,1,2
46,Greater than 45,Male,Caucasian,2,F,0,0,0,0,3
56,Greater than 45,Female,Caucasian,10,F,0,0,0,1,3
23,Less than 25,Male,African-American,0,F,0,0,0,1,0
23,Less than 25,Female,African-American,1,F,0,0,0,1,0
25,25 - 45,Male,African-American,0,F,0,0,0,1,0
24,Less than 25,Male,African-American,1,F,0,0,0,1,0
35,25 - 45,Male,African-American,27,F,0,0,0,0,2
48,Greater than 45,Male,African-American,10,F,0,0,0,0,3
26,25 - 45,Male,Hispanic,1,M,0,0,0,1,1
24,Less than 25,Male,Caucasian,2,F,0,0,0,1,0
25,25 - 45,Male,African-American,8,F,0,1,1,0,0
23,Less than 25,Male,African-American,0,F,0,0,0,1,0
43,25 - 45,Male,Caucasian,2,F,0,0,0,0,3
53,Greater than 45,Female,Caucasian,0,M,0,0,0,0,3
24,Less than 25,Male,African-American,1,F,0,0,0,1,0
25,25 - 45,Male,African-American,4,M,1,0,0,0,0
28,25 - 45,Male,African-American,0,F,0,0,0,0,1
21,Less than 25,Male,Caucasian,1,F,0,0,0,0,0
31,25 - 45,Male,Other,0,M,0,0,0,0,1
33,25 - 45,Male,Caucasian,3,F,0,0,0,1,2
35,25 - 45,Female,African-American,1,F,0,0,0,0,2
55,Greater than 45,Male,Caucasian,3,M,0,0,0,0,3
50,Greater than 45,Male,Hispanic,9,M,0,0,0,1,3
28,25 - 45,Male,African-American,0,M,0,0,0,0,1
44,25 - 45,Male,Caucasian,0,M,0,0,0,1,3
48,Greater than 45,Female,Caucasian,2,F,0,0,0,0,3
19,Less than 25,Male,African-American,3,F,2,1,1,1,0
23,Less than 25,Male,Other,2,M,0,0,0,0,0
24,Less than 25,Male,African-American,3,F,0,0,1,1,0
50,Greater than 45,Male,Caucasian,2,F,0,0,0,0,3
31,25 - 45,Male,African-American,0,M,0,0,0,0,1
28,25 - 45,Female,Caucasian,0,F,0,0,0,1,1
42,25 - 45,Male,Caucasian,0,F,0,0,0,0,2
21,Less than 25,Male,African-American,0,M,0,0,0,1,0
29,25 - 45,Male,African-American,5,F,0,0,0,0,1
48,Greater than 45,Male,Caucasian,1,F,0,0,0,0,3
21,Less than 25,Male,Caucasian,0,F,0,0,0,1,0
24,Less than 25,Male,Other,0,M,0,0,0,1,0
31,25 - 45,Male,Caucasian,3,F,0,0,0,1,1
23,Less than 25,Male,Hispanic,0,M,0,0,0,0,0
27,25 - 45,Male,Caucasian,0,F,0,0,0,1,1
32,25 - 45,Male,Other,0,M,0,0,0,0,2
75,Greater than 45,Male,Caucasian,1,F,0,0,0,1,3
28,25 - 45,Male,African-American,7,F,0,0,0,1,1
67,Greater than 45,Male,Caucasian,0,M,0,0,0,0,3
32,25 - 45,Female,African-American,11,F,0,0,0,0,2
44,25 - 45,Male,African-American,7,F,0,0,0,0,3
25,25 - 45,Male,African-American,1,F,0,0,0,1,0
30,25 - 45,Female,African-American,15,M,0,0,0,1,1
28,25 - 45,Male,Caucasian,9,M,0,1,0,0,1
27,25 - 45,Male,African-American,0,F,0,0,0,1,1
36,25 - 45,Male,African-American,4,F,0,0,0,0,2
36,25 - 45,Male,Other,8,M,0,0,0,0,2
25,25 - 45,Female,Caucasian,0,M,0,0,0,0,0
31,25 - 45,Male,Caucasian,5,F,0,0,0,1,1
30,25 - 45,Male,Caucasian,0,M,0,0,0,1,1
33,25 - 45,Male,African-American,4,F,0,0,0,0,2
38,25 - 45,Male,Hispanic,0,M,0,0,0,0,2
26,25 - 45,Male,African-American,1,M,0,0,0,1,1
52,Greater than 45,Male,Hispanic,5,F,0,0,0,1,3
22,Less than 25,Female,Caucasian,2,M,0,0,0,1,0
50,Greater than 45,Male,Caucasian,0,F,0,0,0,0,3
37,25 - 45,Male,African-American,4,F,0,0,0,0,2
58,Greater than 45,Male,Caucasian,1,F,0,0,0,1,3
34,25 - 45,Male,Caucasian,3,M,0,0,0,1,2
32,25 - 45,Male,Caucasian,1,F,0,0,0,1,2
29,25 - 45,Male,African-American,0,M,0,0,0,1,1
27,25 - 45,Male,African-American,0,M,0,0,0,0,1
39,25 - 45,Male,Caucasian,5,F,0,0,0,0,2
24,Less than 25,Male,African-American,0,F,0,0,0,0,0
38,25 - 45,Male,African-American,8,M,1,0,0,0,2
52,Greater than 45,Male,Caucasian,7,F,0,0,0,0,3
56,Greater than 45,Male,African-American,3,M,0,0,0,1,3
46,Greater than 45,Male,Caucasian,7,F,0,0,0,1,3
38,25 - 45,Male,Caucasian,5,F,0,0,0,1,2
47,Greater than 45,Male,Caucasian,3,M,0,0,0,0,3
32,25 - 45,Male,Caucasian,0,F,0,0,0,0,2
34,25 - 45,Male,African-American,27,M,0,1,0,0,2
42,25 - 45,Male,African-American,5,F,0,0,0,0,2
35,25 - 45,Female,African-American,0,M,0,0,0,1,2
20,Less than 25,Male,Caucasian,0,F,0,0,0,1,0
32,25 - 45,Female,Caucasian,2,F,0,0,0,1,2
21,Less than 25,Male,Caucasian,0,M,0,0,1,0,0
24,Less than 25,Male,African-American,0,M,0,0,0,1,0
24,Less than 25,Male,African-American,1,M,0,0,0,1,0
55,Greater than 45,Male,Hispanic,2,F,0,0,0,0,3
26,25 - 45,Male,African-American,0,M,0,0,0,1,1
52,Greater than 45,Male,Caucasian,8,F,0,0,0,0,3
27,25 - 45,Male,African-American,1,M,0,0,0,0,1
27,25 - 45,Female,Caucasian,0,M,0,0,0,0,1
56,Greater than 45,Male,Caucasian,0,F,0,0,0,0,3
52,Greater than 45,Male,Caucasian,16,F,0,0,0,1,3
37,25 - 45,Male,African-American,3,F,0,0,0,1,2
45,Greater than 45,Male,African-American,0,M,0,0,0,0,3
23,Less than 25,Male,African-American,1,M,0,0,0,0,0
36,25 - 45,Female,Caucasian,3,F,0,0,0,1,2
29,25 - 45,Female,African-American,0,F,0,0,0,0,1
21,Less than 25,Male,Hispanic,0,F,0,0,0,0,0
20,Less than 25,Male,Other,3,M,0,2,1,1,0
69,Greater than 45,Male,African-American,3,F,0,0,0,0,3
27,25 - 45,Male,African-American,11,F,0,1,0,0,1
28,25 - 45,Male,African-American,11,F,1,0,1,1,1
38,25 - 45,Male,African-American,4,M,0,0,0,0,2
30,25 - 45,Male,Other,0,F,0,0,0,0,1
19,Less than 25,Female,African-American,1,F,0,0,0,1,0
37,25 - 45,Female,Caucasian,1,F,0,0,0,0,2
34,25 - 45,Male,African-American,0,M,0,0,0,1,2
37,25 - 45,Male,Caucasian,7,F,0,0,0,1,2
21,Less than 25,Male,African-American,1,F,0,0,1,0,0
21,Less than 25,Male,African-American,0,F,0,0,0,1,0
38,25 - 45,Female,Caucasian,3,F,0,0,0,0,2
47,Greater than 45,Male,African-American,1,M,0,0,0,0,3
56,Greater than 45,Male,Caucasian,3,F,0,0,0,0,3
27,25 - 45,Male,African-American,2,F,0,0,0,1,1
23,Less than 25,Male,African-American,0,M,0,0,0,0,0
57,Greater than 45,Male,Caucasian,0,F,0,0,0,0,3
25,25 - 45,Male,African-American,9,F,0,1,0,0,0
23,Less than 25,Female,African-American,2,F,0,0,0,1,0
32,25 - 45,Male,African-American,8,F,0,0,0,1,2
36,25 - 45,Female,African-American,2,M,0,0,0,0,2
41,25 - 45,Male,African-American,5,M,0,0,0,0,2
31,25 - 45,Male,Hispanic,2,F,0,0,0,0,1
39,25 - 45,Female,Other,0,F,0,0,0,0,2
21,Less than 25,Male,African-American,1,F,0,0,0,1,0
43,25 - 45,Male,Caucasian,8,F,0,0,0,1,3
31,25 - 45,Male,African-American,2,M,0,0,0,0,1
37,25 - 45,Male,Caucasian,0,M,0,0,0,0,2
27,25 - 45,Male,African-American,0,F,0,0,0,0,1
22,Less than 25,Male,African-American,2,F,0,0,0,1,0
59,Greater than 45,Male,Caucasian,2,F,0,0,0,0,3
33,25 - 45,Female,African-American,0,F,0,0,0,1,2
39,25 - 45,Male,Caucasian,21,F,0,0,0,0,2
43,25 - 45,Female,African-American,2,F,0,0,0,0,3
25,25 - 45,Male,Caucasian,5,F,0,0,0,1,0
36,25 - 45,Male,African-American,19,M,3,0,2,1,2
23,Less than 25,Male,African-American,3,F,0,0,0,1,0
43,25 - 45,Female,Caucasian,3,M,0,0,0,1,3
56,Greater than 45,Male,Caucasian,9,M,0,0,0,1,3
20,Less than 25,Female,African-American,1,F,0,0,0,1,0
50,Greater than 45,Male,African-American,2,M,0,0,0,1,3
24,Less than 25,Male,Other,2,M,0,0,0,1,0
54,Greater than 45,Female,Caucasian,1,M,0,0,0,0,3
20,Less than 25,Male,African-American,1,F,0,0,0,1,0
36,25 - 45,Male,Other,3,M,0,0,0,1,2
36,25 - 45,Female,African-American,3,F,0,0,0,1,2
56,Greater than 45,Male,African-American,0,M,0,0,0,0,3
25,25 - 45,Male,African-American,28,M,0,0,0,1,0
25,25 - 45,Male,African-American,2,F,1,0,0,0,0
42,25 - 45,Female,Caucasian,1,F,0,0,0,1,2
34,25 - 45,Male,African-American,9,M,0,2,0,1,2
48,Greater than 45,Male,African-American,4,F,0,0,0,0,3
34,25 - 45,Male,African-American,21,M,1,0,0,1,2
28,25 - 45,Male,Caucasian,0,F,0,0,0,0,1
32,25 - 45,Male,Caucasian,1,F,0,0,0,0,2
31,25 - 45,Female,Caucasian,2,F,0,0,0,0,1
24,Less than 25,Female,African-American,4,F,0,0,0,1,0
25,25 - 45,Female,Caucasian,0,F,0,0,0,1,0
32,25 - 45,Female,Caucasian,4,F,0,0,1,0,2
37,25 - 45,Male,African-American,20,F,0,0,0,1,2
24,Less than 25,Male,African-American,1,F,0,0,0,1,0
48,Greater than 45,Male,African-American,0,M,0,0,0,0,3
25,25 - 45,Male,African-American,9,F,1,2,0,1,0
35,25 - 45,Male,African-American,1,F,0,0,0,0,2
21,Less than 25,Male,African-American,1,F,0,0,0,1,0
21,Less than 25,Female,African-American,0,F,0,0,0,1,0
27,25 - 45,Female,Caucasian,0,F,0,0,0,1,1
22,Less than 25,Male,African-American,0,F,0,0,0,0,0
28,25 - 45,Male,African-American,4,F,0,0,0,0,1
26,25 - 45,Male,African-American,0,M,0,0,0,0,1
23,Less than 25,Male,Other,0,M,0,0,0,1,0
34,25 - 45,Male,Caucasian,0,F,0,0,0,0,2
22,Less than 25,Male,African-American,3,F,0,0,0,0,0
30,25 - 45,Male,Other,5,F,0,0,0,1,1
44,25 - 45,Male,Caucasian,5,F,0,0,0,0,3
57,Greater than 45,Male,Caucasian,1,F,0,0,0,0,3
22,Less than 25,Male,African-American,0,F,0,0,1,1,0
34,25 - 45,Male,African-American,0,F,0,0,0,0,2
24,Less than 25,Male,African-American,7,F,0,0,0,1,0
20,Less than 25,Male,Caucasian,0,F,0,0,0,0,0
35,25 - 45,Male,Caucasian,2,F,0,0,0,0,2
53,Greater than 45,Male,Hispanic,1,M,0,0,0,1,3
60,Greater than 45,Male,African-American,13,F,0,0,0,0,3
22,Less than 25,Female,African-American,2,F,0,0,0,0,0
43,25 - 45,Male,Hispanic,0,M,0,0,0,0,3
72,Greater than 45,Male,Caucasian,7,F,0,0,0,0,3
33,25 - 45,Male,African-American,3,F,0,0,0,1,2
24,Less than 25,Male,African-American,1,F,0,0,0,1,0
60,Greater than 45,Male,African-American,0,F,0,0,0,0,3
24,Less than 25,Male,Caucasian,3,F,0,0,0,1,0
43,25 - 45,Male,Other,2,M,0,0,0,0,3
30,25 - 45,Male,African-American,1,M,0,0,0,0,1
43,25 - 45,Female,Caucasian,0,M,0,0,0,0,3
48,Greater than 45,Male,Hispanic,1,M,0,0,0,0,3
54,Greater than 45,Male,Other,0,M,0,0,0,0,3
45,Greater than 45,Male,African-American,1,M,0,0,0,0,3
36,25 - 45,Male,Other,0,F,0,0,0,0,2
31,25 - 45,Male,Caucasian,1,M,0,0,0,0,1
40,25 - 45,Male,African-American,0,M,0,0,0,0,2
50,Greater than 45,Male,Caucasian,1,F,0,0,0,0,3
26,25 - 45,Female,Other,1,M,0,0,0,0,1
41,25 - 45,Male,African-American,7,F,0,0,0,0,2
34,25 - 45,Male,Caucasian,5,F,0,0,1,1,2
28,25 - 45,Female,Caucasian,0,F,0,0,0,0,1
30,25 - 45,Male,African-American,1,F,0,0,0,0,1
23,Less than 25,Male,Caucasian,2,F,0,0,2,1,0
37,25 - 45,Female,Hispanic,0,M,0,0,0,1,2
35,25 - 45,Male,Hispanic,5,M,0,0,0,0,2
21,Less than 25,Male,Caucasian,1,F,0,0,1,1,0
45,Greater than 45,Male,African-American,1,F,0,0,0,0,3
22,Less than 25,Female,African-American,2,M,0,1,0,1,0
29,25 - 45,Male,African-American,6,F,0,0,0,1,1
30,25 - 45,Female,African-American,0,M,0,0,0,0,1
45,Greater than 45,Male,Caucasian,3,M,0,0,0,1,3
24,Less than 25,Female,African-American,2,F,0,0,0,0,0
31,25 - 45,Male,Caucasian,4,F,0,0,0,1,1
56,Greater than 45,Male,Caucasian,0,M,0,0,0,0,3
44,25 - 45,Female,Hispanic,4,F,0,0,0,1,3
24,Less than 25,Male,African-American,14,F,0,4,0,1,0
38,25 - 45,Male,African-American,11,F,0,0,0,0,2
51,Greater than 45,Male,African-American,22,F,0,0,0,1,3
22,Less than 25,Male,Caucasian,0,F,0,0,0,0,0
28,25 - 45,Male,African-American,5,M,0,0,0,0,1
47,Greater than 45,Male,African-American,19,F,0,0,1,1,3
51,Greater than 45,Male,African-American,0,M,0,0,0,1,3
25,25 - 45,Male,Caucasian,1,M,0,0,0,0,0
53,Greater than 45,Male,Hispanic,1,F,0,0,0,0,3
30,25 - 45,Male,African-American,0,F,0,0,0,0,1
33,25 - 45,Male,Caucasian,0,F,0,0,0,1,2
35,25 - 45,Male,African-American,5,F,0,0,0,1,2
33,25 - 45,Female,African-American,0,F,0,0,0,0,2
65,Greater than 45,Male,African-American,11,F,0,0,0,0,3
59,Greater than 45,Male,Other,1,M,0,0,0,0,3
37,25 - 45,Female,African-American,4,M,0,0,0,0,2
33,25 - 45,Female,Caucasian,1,F,0,0,0,0,2
27,25 - 45,Male,African-American,2,F,0,0,0,1,1
29,25 - 45,Female,African-American,9,F,0,0,0,1,1
26,25 - 45,Male,Native American,11,F,0,0,0,1,1
24,Less than 25,Male,African-American,3,F,0,0,3,1,0
43,25 - 45,Male,African-American,5,F,0,0,0,0,3
37,25 - 45,Male,African-American,11,M,0,0,0,1,2
53,Greater than 45,Male,African-American,13,F,0,0,0,0,3
43,25 - 45,Male,African-American,4,F,0,0,0,0,3
26,25 - 45,Male,African-American,4,F,0,0,0,1,1
30,25 - 45,Female,Caucasian,1,M,0,0,0,0,1
27,25 - 45,Male,African-American,6,F,0,0,0,1,1
39,25 - 45,Male,Caucasian,9,F,0,0,0,1,2
37,25 - 45,Male,Caucasian,4,M,0,0,0,1,2
22,Less than 25,Male,Caucasian,3,M,0,0,0,1,0
25,25 - 45,Male,Caucasian,0,F,0,0,0,0,0
26,25 - 45,Male,Hispanic,1,F,0,0,0,0,1
28,25 - 45,Female,Caucasian,0,M,0,0,0,0,1
25,25 - 45,Male,African-American,0,M,0,0,0,1,0
58,Greater than 45,Male,Caucasian,1,F,0,0,0,0,3
29,25 - 45,Female,Caucasian,1,M,0,0,0,1,1
33,25 - 45,Male,African-American,8,F,0,0,0,0,2
38,25 - 45,Male,African-American,0,F,0,0,0,0,2
38,25 - 45,Male,Caucasian,2,F,0,0,0,0,2
59,Greater than 45,Male,African-American,22,F,0,0,0,1,3
29,25 - 45,Male,Other,4,M,0,0,0,1,1
57,Greater than 45,Male,African-American,9,F,0,0,0,0,3
53,Greater than 45,Male,Caucasian,0,M,0,0,0,1,3
33,25 - 45,Male,African-American,2,F,0,0,0,1,2
58,Greater than 45,Male,Caucasian,1,M,0,0,0,0,3
51,Greater than 45,Male,Caucasian,1,M,0,0,0,0,3
25,25 - 45,Male,African-American,11,F,0,0,2,1,0
53,Greater than 45,Male,Caucasian,2,F,0,0,0,0,3
32,25 - 45,Male,Caucasian,0,M,0,0,0,1,2
35,25 - 45,Male,African-American,6,F,0,0,0,1,2
39,25 - 45,Male,Caucasian,1,F,0,0,0,0,2
36,25 - 45,Male,Hispanic,1,M,0,0,0,0,2
42,25 - 45,Female,Caucasian,5,M,0,0,0,1,2
37,25 - 45,Male,African-American,0,M,0,0,0,0,2
39,25 - 45,Male,Caucasian,0,F,0,0,0,0,2
52,Greater than 45,Female,Caucasian,3,M,0,0,0,0,3
60,Greater than 45,Male,Other,1,M,0,0,0,0,3
37,25 - 45,Male,Hispanic,2,M,0,0,0,0,2
42,25 - 45,Male,Caucasian,4,F,0,0,0,1,2
44,25 - 45,Male,Hispanic,0,M,0,0,0,1,3
23,Less than 25,Male,African-American,6,F,0,0,0,1,0
42,25 - 45,Female,African-American,0,M,0,0,0,1,2
28,25 - 45,Female,Caucasian,2,F,0,0,0,0,1
28,25 - 45,Male,African-American,5,F,0,0,0,0,1
38,25 - 45,Male,Caucasian,12,F,0,0,0,0,2
43,25 - 45,Female,African-American,2,F,0,0,0,1,3
42,25 - 45,Male,African-American,0,F,0,0,0,0,2
25,25 - 45,Female,Caucasian,0,M,0,0,0,0,0
32,25 - 45,Male,African-American,7,F,0,0,0,1,2
21,Less than 25,Male,African-American,0,F,0,0,0,1,0
35,25 - 45,Female,Caucasian,1,M,0,0,0,0,2
37,25 - 45,Male,Caucasian,0,F,0,0,0,0,2
33,25 - 45,Female,African-American,2,F,0,0,0,0,2
51,Greater than 45,Female,Caucasian,4,F,0,0,0,0,3
39,25 - 45,Male,Caucasian,3,F,0,0,0,0,2
35,25 - 45,Male,Hispanic,5,M,0,0,0,1,2
40,25 - 45,Male,African-American,3,F,0,0,0,0,2
32,25 - 45,Male,African-American,17,F,0,0,0,1,2
18,Less than 25,Male,Caucasian,4,F,5,0,0,1,0
32,25 - 45,Male,Caucasian,3,F,0,0,0,1,2
37,25 - 45,Male,Other,0,M,0,0,0,0,2
32,25 - 45,Male,African-American,10,F,0,0,0,1,2
47,Greater than 45,Male,Caucasian,5,M,0,0,0,1,3
23,Less than 25,Female,Caucasian,0,M,0,0,0,0,0
63,Greater than 45,Male,Caucasian,10,F,0,0,0,1,3
38,25 - 45,Male,African-American,16,F,0,1,0,1,2
32,25 - 45,Male,African-American,6,M,0,0,0,1,2
31,25 - 45,Male,African-American,4,F,0,0,0,1,1
23,Less than 25,Male,African-American,0,F,0,0,0,0,0
38,25 - 45,Male,Hispanic,1,M,0,0,0,0,2
47,Greater than 45,Female,Caucasian,0,M,0,0,0,0,3
33,25 - 45,Male,Caucasian,1,F,0,0,0,1,2
22,Less than 25,Male,Caucasian,1,F,0,0,0,0,0
26,25 - 45,Male,Caucasian,1,M,0,0,0,0,1
40,25 - 45,Male,Caucasian,0,M,0,0,0,1,2
36,25 - 45,Male,African-American,14,F,10,0,0,1,2
65,Greater than 45,Female,Caucasian,0,M,0,0,0,0,3
44,25 - 45,Male,Caucasian,4,M,0,0,0,1,3
22,Less than 25,Female,African-American,0,M,0,0,0,0,0
34,25 - 45,Male,Hispanic,0,M,0,0,0,0,2
38,25 - 45,Female,Hispanic,0,F,0,0,0,0,2
26,25 - 45,Female,Caucasian,4,F,0,0,0,1,1
20,Less than 25,Male,Hispanic,0,M,0,0,0,1,0
49,Greater than 45,Male,Hispanic,0,F,0,0,0,0,3
56,Greater than 45,Male,African-American,7,F,0,0,0,0,3
52,Greater than 45,Male,Caucasian,2,F,0,0,0,1,3
25,25 - 45,Male,Other,2,M,0,0,0,1,0
34,25 - 45,Male,African-American,5,F,0,0,0,0,2
33,25 - 45,Male,African-American,1,M,0,0,0,1,2
21,Less than 25,Male,African-American,1,F,0,1,2,0,0
46,Greater than 45,Male,African-American,9,F,0,0,0,0,3
22,Less than 25,Male,African-American,2,M,0,0,0,1,0
57,Greater than 45,Male,Caucasian,1,M,0,0,0,0,3
22,Less than 25,Male,African-American,2,F,0,0,1,1,0
48,Greater than 45,Female,Caucasian,1,M,0,0,0,1,3
40,25 - 45,Male,African-American,21,F,0,0,0,0,2
30,25 - 45,Female,African-American,1,F,0,0,0,0,1
21,Less than 25,Male,Caucasian,4,M,0,1,0,1,0
39,25 - 45,Female,African-American,22,F,0,2,0,1,2
27,25 - 45,Male,Caucasian,13,F,0,0,0,1,1
33,25 - 45,Female,Caucasian,0,M,0,0,0,1,2
24,Less than 25,Male,African-American,0,F,0,0,0,0,0
43,25 - 45,Male,African-American,0,F,0,0,0,1,3
45,Greater than 45,Female,Caucasian,0,M,0,0,0,0,3
51,Greater than 45,Male,African-American,3,F,0,0,0,0,3
35,25 - 45,Female,African-American,2,F,0,0,0,1,2
31,25 - 45,Male,African-American,9,M,0,0,0,1,1
27,25 - 45,Male,Caucasian,0,M,0,0,0,0,1
32,25 - 45,Male,African-American,1,F,0,0,0,0,2
49,Greater than 45,Male,Caucasian,0,M,0,0,0,0,3
29,25 - 45,Male,African-American,2,F,0,0,0,0,1
23,Less than 25,Male,African-American,2,F,0,1,0,1,0
30,25 - 45,Male,Asian,6,M,0,0,0,0,1
55,Greater than 45,Male,African-American,12,F,0,0,0,1,3
30,25 - 45,Male,Caucasian,0,M,0,0,0,0,1
34,25 - 45,Male,African-American,13,F,0,0,0,1,2
56,Greater than 45,Male,Caucasian,2,F,0,0,0,0,3
33,25 - 45,Male,African-American,4,F,0,0,0,0,2
28,25 - 45,Male,African-American,1,M,0,0,0,0,1
29,25 - 45,Male,African-American,1,F,0,0,0,0,1
38,25 - 45,Male,Caucasian,0,M,0,0,0,0,2
37,25 - 45,Male,Caucasian,0,F,0,0,0,0,2
33,25 - 45,Female,Caucasian,0,M,0,0,0,1,2
30,25 - 45,Male,Hispanic,0,F,0,0,0,0,1
51,Greater than 45,Male,African-American,19,F,1,0,1,0,3
65,Greater than 45,Male,African-American,7,M,0,0,0,0,3
32,25 - 45,Female,African-American,1,M,0,0,0,0,2
38,25 - 45,Male,Caucasian,5,F,0,0,0,1,2
35,25 - 45,Male,African-American,1,F,0,0,0,0,2
57,Greater than 45,Male,Caucasian,1,F,0,0,0,0,3
26,25 - 45,Male,Caucasian,1,F,0,0,0,0,1
23,Less than 25,Female,Hispanic,7,M,0,3,1,1,0
36,25 - 45,Female,African-American,4,M,2,0,0,1,2
33,25 - 45,Female,Hispanic,2,F,0,0,0,1,2
35,25 - 45,Male,Caucasian,3,F,0,0,0,1,2
33,25 - 45,Male,African-American,0,F,0,0,0,0,2
47,Greater than 45,Male,Caucasian,0,M,0,0,0,0,3
53,Greater than 45,Female,Hispanic,0,M,0,0,0,0,3
31,25 - 45,Male,Other,6,F,0,0,0,0,1
35,25 - 45,Male,Caucasian,1,M,0,0,0,1,2
36,25 - 45,Female,African-American,1,F,0,0,0,1,2
25,25 - 45,Female,Caucasian,0,M,0,0,0,0,0
52,Greater than 45,Male,Hispanic,10,F,0,0,0,0,3
23,Less than 25,Male,Hispanic,3,M,0,0,0,1,0
34,25 - 45,Male,African-American,7,M,0,0,0,0,2
51,Greater than 45,Male,Caucasian,6,F,0,0,0,1,3
24,Less than 25,Male,African-American,8,F,0,0,4,1,0
32,25 - 45,Male,Caucasian,0,F,0,0,0,1,2
43,25 - 45,Male,African-American,8,F,0,0,0,1,3
45,Greater than 45,Male,African-American,20,M,1,0,1,0,3
42,25 - 45,Male,African-American,10,M,0,0,0,1,2
22,Less than 25,Male,African-American,1,F,0,0,0,1,0
49,Greater than 45,Male,African-American,4,F,0,0,0,0,3
42,25 - 45,Male,African-American,0,F,0,0,0,1,2
40,25 - 45,Male,Caucasian,0,M,0,0,0,1,2
25,25 - 45,Male,African-American,2,F,0,1,0,1,0
25,25 - 45,Male,Caucasian,0,M,0,0,0,1,0
23,Less than 25,Male,African-American,0,F,0,0,0,0,0
21,Less than 25,Male,Caucasian,2,F,0,0,0,1,0
31,25 - 45,Male,Caucasian,3,M,0,0,0,0,1
28,25 - 45,Female,African-American,0,M,0,0,0,0,1
24,Less than 25,Male,African-American,11,F,0,0,0,1,0
45,Greater than 45,Male,Caucasian,0,F,0,0,0,0,3
23,Less than 25,Male,African-American,2,M,0,0,0,1,0
39,25 - 45,Male,African-American,7,F,0,0,0,1,2
25,25 - 45,Male,Caucasian,2,F,0,0,0,0,0
24,Less than 25,Male,African-American,1,F,0,1,0,0,0
46,Greater than 45,Male,Caucasian,1,F,0,0,0,0,3
47,Greater than 45,Male,Caucasian,3,F,0,0,0,0,3
54,Greater than 45,Male,Caucasian,2,M,0,0,0,1,3
22,Less than 25,Male,African-American,1,M,0,0,1,1,0
34,25 - 45,Female,Caucasian,0,M,0,0,0,0,2
33,25 - 45,Male,Caucasian,0,M,0,0,0,1,2
27,25 - 45,Male,Caucasian,1,M,0,0,0,0,1
29,25 - 45,Male,African-American,16,F,0,0,1,1,1
34,25 - 45,Male,Hispanic,3,M,0,0,0,0,2
32,25 - 45,Male,African-American,1,F,0,0,0,0,2
29,25 - 45,Male,African-American,0,M,0,0,0,0,1
25,25 - 45,Female,Caucasian,2,M,0,0,0,1,0
34,25 - 45,Male,Caucasian,16,F,0,0,0,1,2
55,Greater than 45,Female,African-American,1,F,0,0,0,0,3
27,25 - 45,Male,African-American,0,F,0,0,0,1,1
26,25 - 45,Male,African-American,0,M,0,0,0,0,1
39,25 - 45,Male,African-American,19,F,2,2,1,1,2
24,Less than 25,Male,African-American,1,F,0,0,0,0,0
29,25 - 45,Male,Caucasian,0,M,0,0,0,0,1
31,25 - 45,Female,Caucasian,3,F,0,0,0,1,1
50,Greater than 45,Male,African-American,13,F,0,0,0,1,3
25,25 - 45,Male,Hispanic,2,F,0,0,0,1,0
31,25 - 45,Male,African-American,4,F,0,0,0,1,1
31,25 - 45,Male,Other,0,M,0,0,0,0,1
26,25 - 45,Male,Caucasian,2,F,1,0,0,0,1
54,Greater than 45,Male,Caucasian,2,F,0,0,0,0,3
33,25 - 45,Male,African-American,14,F,0,0,0,1,2
22,Less than 25,Male,African-American,0,M,0,0,0,1,0
35,25 - 45,Male,African-American,8,F,0,1,0,0,2
30,25 - 45,Female,Other,4,F,0,0,0,1,1
25,25 - 45,Male,African-American,0,F,0,0,0,0,0
25,25 - 45,Male,African-American,0,F,0,0,0,0,0
44,25 - 45,Male,African-American,0,F,0,0,0,1,3
29,25 - 45,Female,Caucasian,2,F,0,0,0,1,1
46,Greater than 45,Male,Caucasian,2,F,0,0,0,1,3
53,Greater than 45,Male,Caucasian,0,M,0,0,0,0,3
24,Less than 25,Male,African-American,2,F,0,0,0,1,0
52,Greater than 45,Female,African-American,2,F,0,0,0,1,3
27,25 - 45,Male,African-American,0,M,0,0,0,1,1
41,25 - 45,Male,Caucasian,0,F,0,0,0,0,2
21,Less than 25,Female,African-American,0,F,0,0,0,1,0
24,Less than 25,Male,Caucasian,1,F,0,0,0,0,0
38,25 - 45,Male,Caucasian,8,F,0,0,0,0,2
23,Less than 25,Male,Caucasian,0,M,0,0,0,0,0
42,25 - 45,Male,African-American,0,F,0,0,0,0,2
32,25 - 45,Male,Caucasian,4,F,0,0,0,0,2
24,Less than 25,Male,Hispanic,3,M,0,0,0,1,0
24,Less than 25,Male,African-American,5,F,5,0,0,1,0
26,25 - 45,Male,African-American,4,F,0,0,0,1,1
50,Greater than 45,Male,Caucasian,9,F,0,0,0,1,3
32,25 - 45,Female,African-American,3,M,0,0,0,0,2
40,25 - 45,Male,African-American,13,F,0,0,0,0,2
25,25 - 45,Male,Caucasian,1,M,0,0,0,1,0
42,25 - 45,Male,Hispanic,1,F,0,0,0,0,2
27,25 - 45,Male,African-American,2,F,0,0,0,0,1
23,Less than 25,Male,Caucasian,0,F,0,0,0,1,0
37,25 - 45,Male,African-American,22,M,0,0,0,1,2
32,25 - 45,Male,African-American,1,M,0,0,0,1,2
38,25 - 45,Male,African-American,2,M,0,0,0,1,2
52,Greater than 45,Male,Caucasian,4,M,0,0,0,1,3
29,25 - 45,Male,Caucasian,2,F,0,0,0,0,1
28,25 - 45,Male,African-American,7,M,0,0,0,1,1
49,Greater than 45,Male,African-American,0,M,0,0,0,0,3
50,Greater than 45,Male,Caucasian,0,F,0,0,0,0,3
26,25 - 45,Male,Caucasian,2,F,0,0,0,1,1
34,25 - 45,Female,Caucasian,0,F,0,0,0,1,2
28,25 - 45,Female,Caucasian,1,F,0,0,0,0,1
36,25 - 45,Male,Caucasian,4,F,0,0,0,1,2
45,Greater than 45,Male,African-American,1,F,0,0,0,1,3
30,25 - 45,Male,African-American,0,F,0,0,0,1,1
24,Less than 25,Male,African-American,3,F,0,0,0,1,0
25,25 - 45,Male,African-American,0,M,0,0,0,1,0
25,25 - 45,Male,African-American,4,M,0,0,0,1,0
45,Greater than 45,Male,Caucasian,2,F,0,0,0,0,3
26,25 - 45,Male,Caucasian,1,F,0,0,0,1,1
37,25 - 45,Male,Other,2,F,0,0,0,0,2
24,Less than 25,Male,Hispanic,0,M,0,0,0,0,0
40,25 - 45,Male,Caucasian,2,M,0,0,0,0,2
60,Greater than 45,Male,Caucasian,1,M,0,0,0,0,3
33,25 - 45,Female,Hispanic,0,F,0,0,0,0,2
31,25 - 45,Male,African-American,6,F,0,0,1,0,1
53,Greater than 45,Male,Hispanic,18,F,0,0,0,0,3
55,Greater than 45,Male,Hispanic,0,M,0,0,0,0,3
36,25 - 45,Male,Caucasian,4,M,0,0,0,0,2
30,25 - 45,Male,Other,6,F,0,0,0,1,1
21,Less than 25,Male,African-American,1,F,0,0,0,1,0
55,Greater than 45,Male,Caucasian,0,M,0,0,0,0,3
22,Less than 25,Male,Caucasian,1,F,0,0,0,1,0
23,Less than 25,Female,African-American,1,F,0,0,0,0,0
24,Less than 25,Female,Caucasian,7,M,0,0,1,1,0
40,25 - 45,Female,African-American,13,F,0,0,0,1,2
57,Greater than 45,Male,Caucasian,9,F,0,0,0,1,3
33,25 - 45,Male,Caucasian,0,M,0,0,0,1,2
32,25 - 45,Male,Caucasian,2,F,0,0,0,0,2
47,Greater than 45,Male,Caucasian,3,F,0,0,0,0,3
51,Greater than 45,Male,Caucasian,6,M,0,0,0,1,3
22,Less than 25,Male,African-American,1,F,0,1,0,0,0
47,Greater than 45,Male,Caucasian,2,F,0,0,0,0,3
28,25 - 45,Male,Caucasian,1,F,0,0,0,1,1
21,Less than 25,Male,African-American,1,F,0,0,1,1,0
28,25 - 45,Male,African-American,5,F,0,0,0,0,1
44,25 - 45,Female,Caucasian,1,M,0,0,0,1,3
25,25 - 45,Male,African-American,0,F,0,0,0,1,0
34,25 - 45,Male,African-American,4,M,0,0,0,0,2
65,Greater than 45,Male,Caucasian,0,M,0,0,0,0,3
33,25 - 45,Male,Caucasian,5,F,0,0,0,1,2
23,Less than 25,Female,Caucasian,0,M,0,0,0,0,0
44,25 - 45,Female,Caucasian,0,M,0,0,0,0,3
21,Less than 25,Male,Hispanic,1,F,1,0,0,1,0
24,Less than 25,Male,African-American,1,M,0,0,0,0,0
51,Greater than 45,Male,Caucasian,1,M,0,0,0,0,3
21,Less than 25,Female,African-American,0,F,0,0,0,1,0
39,25 - 45,Male,Caucasian,6,F,0,0,0,0,2
29,25 - 45,Male,African-American,29,F,0,0,0,1,1
24,Less than 25,Male,Caucasian,1,F,0,0,0,0,0
23,Less than 25,Female,African-American,0,F,0,0,0,1,0
31,25 - 45,Male,African-American,11,F,0,0,2,1,1
35,25 - 45,Female,African-American,0,M,0,0,0,0,2
30,25 - 45,Male,Other,0,F,0,0,0,0,1
34,25 - 45,Male,Caucasian,8,F,0,0,0,0,2
39,25 - 45,Female,African-American,4,F,0,0,0,0,2
29,25 - 45,Male,African-American,6,M,0,0,0,0,1
51,Greater than 45,Male,Caucasian,0,M,0,0,0,0,3
22,Less than 25,Male,Caucasian,1,F,0,0,1,0,0
29,25 - 45,Male,Caucasian,2,F,0,0,0,0,1
35,25 - 45,Male,Caucasian,8,F,0,0,0,1,2
32,25 - 45,Male,Caucasian,6,F,0,0,0,1,2
33,25 - 45,Male,Caucasian,3,M,0,0,0,1,2
58,Greater than 45,Male,Caucasian,5,F,0,0,0,1,3
54,Greater than 45,Male,Other,0,F,0,0,0,0,3
30,25 - 45,Male,African-American,3,F,0,0,0,0,1
33,25 - 45,Male,African-American,2,F,0,0,0,1,2
24,Less than 25,Male,African-American,0,F,0,0,0,1,0
48,Greater than 45,Male,African-American,10,F,0,0,0,0,3
23,Less than 25,Male,African-American,0,M,0,0,0,0,0
23,Less than 25,Male,Caucasian,2,F,0,0,0,1,0
47,Greater than 45,Male,Asian,1,M,0,0,0,0,3
21,Less than 25,Male,Other,0,F,0,0,0,0,0
29,25 - 45,Male,African-American,0,M,0,0,0,1,1
48,Greater than 45,Male,Caucasian,2,F,0,0,0,0,3
37,25 - 45,Male,Caucasian,4,M,0,0,0,1,2
50,Greater than 45,Male,Caucasian,3,F,0,0,0,0,3
19,Less than 25,Male,African-American,3,F,0,0,0,1,0
39,25 - 45,Male,Caucasian,2,M,0,0,0,0,2
49,Greater than 45,Male,African-American,13,F,2,0,0,0,3
58,Greater than 45,Male,Caucasian,2,F,0,0,0,0,3
31,25 - 45,Male,African-American,6,F,0,0,0,0,1
23,Less than 25,Male,African-American,1,M,0,0,2,0,0
23,Less than 25,Female,African-American,0,F,0,0,0,1,0
31,25 - 45,Male,Caucasian,17,F,0,0,0,1,1
33,25 - 45,Male,Other,0,F,0,0,0,1,2
57,Greater than 45,Male,Caucasian,6,F,0,0,0,0,3
31,25 - 45,Female,Caucasian,0,M,0,0,0,0,1
57,Greater than 45,Male,African-American,19,F,0,0,0,0,3
57,Greater than 45,Male,Caucasian,12,M,0,0,0,0,3
29,25 - 45,Male,African-American,6,M,0,0,0,1,1
30,25 - 45,Male,African-American,0,M,0,0,0,1,1
45,Greater than 45,Male,African-American,11,F,0,0,0,0,3
42,25 - 45,Male,Caucasian,0,F,0,0,0,0,2
48,Greater than 45,Male,Other,7,F,0,0,0,0,3
29,25 - 45,Male,African-American,12,F,0,2,0,1,1
23,Less than 25,Male,Caucasian,0,F,0,0,0,0,0
28,25 - 45,Female,Caucasian,0,F,0,0,0,0,1
41,25 - 45,Male,African-American,3,F,0,0,0,0,2
25,25 - 45,Male,African-American,1,M,0,0,0,1,0
34,25 - 45,Female,Caucasian,3,M,0,0,0,0,2
53,Greater than 45,Male,African-American,26,F,0,0,0,1,3
28,25 - 45,Female,African-American,1,F,0,0,0,1,1
27,25 - 45,Male,African-American,0,F,0,0,0,0,1
39,25 - 45,Male,African-American,4,F,0,0,0,0,2
55,Greater than 45,Female,Caucasian,6,F,0,0,0,0,3
27,25 - 45,Male,African-American,4,F,0,0,0,1,1
30,25 - 45,Male,Caucasian,7,F,0,0,1,1,1
31,25 - 45,Male,African-American,15,M,3,0,1,1,1
20,Less than 25,Male,African-American,1,M,0,0,1,1,0
26,25 - 45,Male,Caucasian,2,F,0,0,0,1,1
44,25 - 45,Male,African-American,7,F,0,0,0,1,3
33,25 - 45,Male,African-American,17,F,0,0,0,1,2
34,25 - 45,Male,Caucasian,0,F,0,0,0,1,2
27,25 - 45,Male,Caucasian,0,M,0,0,0,0,1
21,Less than 25,Male,African-American,1,F,0,0,1,1,0
29,25 - 45,Male,African-American,4,F,0,0,0,0,1
27,25 - 45,Male,African-American,7,F,0,0,0,0,1
24,Less than 25,Female,Caucasian,0,F,0,0,0,0,0
29,25 - 45,Male,African-American,0,F,0,0,0,1,1
20,Less than 25,Male,Caucasian,0,F,0,0,0,0,0
23,Less than 25,Female,Caucasian,0,F,0,0,0,0,0
48,Greater than 45,Female,African-American,0,M,0,0,0,0,3
34,25 - 45,Male,African-American,0,M,0,0,0,1,2
46,Greater than 45,Male,African-American,1,M,0,0,0,1,3
41,25 - 45,Female,Caucasian,3,F,0,0,0,0,2
26,25 - 45,Male,African-American,3,F,0,0,0,1,1
37,25 - 45,Male,African-American,11,F,0,0,0,1,2
54,Greater than 45,Female,Caucasian,7,F,0,0,0,0,3
25,25 - 45,Female,African-American,5,M,0,0,0,0,0
22,Less than 25,Female,Caucasian,2,F,0,0,0,0,0
32,25 - 45,Male,African-American,7,F,0,0,0,0,2
44,25 - 45,Male,African-American,0,M,0,0,0,0,3
28,25 - 45,Male,African-American,1,F,0,0,0,0,1
60,Greater than 45,Male,African-American,3,M,0,0,0,0,3
49,Greater than 45,Male,Caucasian,0,F,0,0,0,0,3
32,25 - 45,Male,African-American,9,F,0,0,0,0,2
30,25 - 45,Male,African-American,10,M,0,0,0,1,1
52,Greater than 45,Male,Caucasian,0,F,0,0,0,0,3
27,25 - 45,Female,African-American,1,M,0,0,0,0,1
34,25 - 45,Male,African-American,0,F,0,0,0,0,2
55,Greater than 45,Male,African-American,5,F,0,0,0,1,3
37,25 - 45,Male,African-American,6,M,0,0,0,0,2
33,25 - 45,Male,African-American,0,M,0,0,0,0,2
22,Less than 25,Male,African-American,0,F,0,0,0,1,0
27,25 - 45,Female,African-American,0,M,0,0,0,0,1
20,Less than 25,Male,African-American,0,F,0,0,2,1,0
33,25 - 45,Male,Caucasian,0,F,0,0,0,0,2
26,25 - 45,Male,African-American,0,M,0,0,0,0,1
29,25 - 45,Male,African-American,0,M,0,0,0,0,1
32,25 - 45,Male,African-American,1,M,0,0,0,0,2
37,25 - 45,Male,Caucasian,4,M,0,0,0,0,2
31,25 - 45,Male,African-American,15,F,0,0,0,0,1
29,25 - 45,Male,African-American,6,F,0,0,0,1,1
31,25 - 45,Male,African-American,6,F,0,0,0,0,1
36,25 - 45,Female,Caucasian,2,F,0,0,0,0,2
35,25 - 45,Male,African-American,4,M,0,0,0,0,2
37,25 - 45,Female,African-American,1,F,0,0,0,0,2
34,25 - 45,Male,Caucasian,5,M,0,0,0,1,2
20,Less than 25,Male,Caucasian,1,M,0,0,0,1,0
50,Greater than 45,Female,African-American,12,M,0,0,0,1,3
24,Less than 25,Male,Caucasian,8,F,0,0,2,1,0
29,25 - 45,Male,African-American,8,M,0,1,0,1,1
45,Greater than 45,Female,African-American,1,F,0,0,0,0,3
34,25 - 45,Male,Caucasian,2,F,0,0,0,1,2
70,Greater than 45,Male,African-American,0,M,0,0,0,0,3
26,25 - 45,Male,African-American,2,F,0,0,0,0,1
23,Less than 25,Male,African-American,4,F,1,0,0,0,0
27,25 - 45,Male,Caucasian,5,M,0,0,0,0,1
44,25 - 45,Male,Caucasian,6,F,0,0,0,1,3
23,Less than 25,Male,African-American,2,M,0,0,0,1,0
26,25 - 45,Male,African-American,0,M,0,0,0,0,1
23,Less than 25,Female,Caucasian,2,M,0,0,0,0,0
27,25 - 45,Male,African-American,3,F,0,0,0,1,1
46,Greater than 45,Female,Caucasian,1,F,0,0,0,0,3
27,25 - 45,Female,African-American,1,F,1,0,0,0,1
45,Greater than 45,Male,Caucasian,7,F,0,0,0,0,3
42,25 - 45,Male,African-American,1,M,0,0,0,0,2
24,Less than 25,Female,Caucasian,3,M,0,1,0,1,0
20,Less than 25,Male,African-American,2,F,1,1,1,1,0
49,Greater than 45,Male,Caucasian,3,F,0,0,0,0,3
29,25 - 45,Male,Caucasian,8,M,0,0,0,1,1
29,25 - 45,Male,Hispanic,0,F,0,0,0,0,1
52,Greater than 45,Female,Caucasian,1,F,0,0,0,0,3
37,25 - 45,Male,Hispanic,4,M,0,0,0,1,2
26,25 - 45,Male,African-American,1,M,0,0,0,0,1
53,Greater than 45,Male,African-American,15,F,0,0,0,1,3
47,Greater than 45,Male,Hispanic,1,F,0,0,0,0,3
38,25 - 45,Male,African-American,0,M,0,0,0,1,2
25,25 - 45,Male,African-American,1,F,0,0,0,0,0
21,Less than 25,Male,African-American,1,F,1,0,0,1,0
48,Greater than 45,Male,African-American,0,M,0,0,0,0,3
40,25 - 45,Female,Caucasian,1,F,0,0,0,0,2
24,Less than 25,Female,Other,0,F,0,0,0,0,0
22,Less than 25,Male,African-American,0,F,0,0,0,1,0
36,25 - 45,Male,African-American,4,M,0,0,0,0,2
38,25 - 45,Male,Caucasian,2,M,0,0,0,0,2
23,Less than 25,Male,Other,0,F,0,0,0,1,0
54,Greater than 45,Male,Other,2,M,0,0,0,0,3
24,Less than 25,Male,Hispanic,1,F,0,0,0,0,0
44,25 - 45,Female,Caucasian,0,M,0,0,0,1,3
23,Less than 25,Female,African-American,2,F,0,0,0,1,0
64,Greater than 45,Male,Caucasian,0,M,0,0,0,0,3
38,25 - 45,Male,Caucasian,5,M,0,0,0,1,2
45,Greater than 45,Female,Other,0,M,0,0,0,0,3
49,Greater than 45,Male,African-American,1,F,0,0,0,0,3
45,Greater than 45,Female,African-American,3,F,0,0,0,0,3
33,25 - 45,Male,Asian,0,M,0,0,0,0,2
44,25 - 45,Male,Hispanic,2,F,0,0,0,0,3
51,Greater than 45,Male,African-American,3,F,0,0,0,0,3
50,Greater than 45,Male,African-American,0,F,0,0,0,0,3
33,25 - 45,Male,Caucasian,2,M,0,2,0,0,2
54,Greater than 45,Female,Caucasian,0,M,0,0,0,0,3
28,25 - 45,Male,Hispanic,3,F,0,0,0,1,1
33,25 - 45,Male,Caucasian,14,F,0,0,1,0,2
42,25 - 45,Male,African-American,17,M,0,0,0,1,2
34,25 - 45,Male,Caucasian,3,F,0,0,0,0,2
38,25 - 45,Male,Caucasian,2,F,0,0,0,1,2
21,Less than 25,Male,African-American,1,F,0,0,0,1,0
33,25 - 45,Male,African-American,5,F,0,0,0,0,2
32,25 - 45,Male,African-American,9,M,0,0,1,1,2
45,Greater than 45,Male,Caucasian,1,M,0,0,0,0,3
30,25 - 45,Male,Caucasian,1,F,0,0,0,1,1
29,25 - 45,Female,African-American,0,F,0,0,0,0,1
44,25 - 45,Male,African-American,3,M,0,0,0,0,3
51,Greater than 45,Female,Caucasian,0,M,0,0,0,1,3
28,25 - 45,Female,African-American,0,F,0,0,0,0,1
27,25 - 45,Male,Caucasian,1,F,0,0,0,0,1
28,25 - 45,Male,Hispanic,16,F,0,0,0,1,1
30,25 - 45,Female,African-American,0,F,0,0,0,0,1
32,25 - 45,Male,African-American,0,M,0,0,0,0,2
27,25 - 45,Male,Caucasian,5,F,0,0,0,0,1
21,Less than 25,Male,Hispanic,1,F,0,0,0,1,0
21,Less than 25,Male,African-American,0,F,0,0,0,0,0
34,25 - 45,Female,Caucasian,0,F,0,0,0,1,2
24,Less than 25,Male,African-American,7,F,0,0,0,1,0
32,25 - 45,Male,Caucasian,0,M,0,0,0,0,2
38,25 - 45,Female,Caucasian,5,F,0,0,0,1,2
56,Greater than 45,Male,African-American,3,M,0,0,0,0,3
44,25 - 45,Female,African-American,0,M,0,0,0,0,3
31,25 - 45,Male,African-American,1,M,0,0,0,1,1
25,25 - 45,Female,Caucasian,6,F,0,0,0,0,0
20,Less than 25,Female,African-American,0,M,0,0,0,0,0
35,25 - 45,Male,African-American,1,M,0,0,0,0,2
33,25 - 45,Male,African-American,1,F,0,0,0,1,2
24,Less than 25,Male,African-American,0,M,0,0,0,0,0
40,25 - 45,Female,Hispanic,2,M,0,0,0,0,2
27,25 - 45,Male,African-American,9,F,0,0,0,1,1
21,Less than 25,Female,African-American,2,M,0,0,0,0,0
38,25 - 45,Male,African-American,9,F,0,0,0,1,2
20,Less than 25,Male,Caucasian,0,F,0,0,1,1,0
30,25 - 45,Male,African-American,9,F,0,0,0,1,1
36,25 - 45,Male,Caucasian,9,F,0,0,0,1,2
23,Less than 25,Male,African-American,2,M,0,0,0,1,0
39,25 - 45,Male,African-American,21,F,0,0,0,1,2
32,25 - 45,Male,African-American,3,M,0,0,0,0,2
29,25 - 45,Male,Caucasian,3,F,0,0,0,1,1
58,Greater than 45,Male,Caucasian,2,M,0,0,0,1,3
23,Less than 25,Male,Hispanic,2,F,0,0,1,0,0
23,Less than 25,Male,Caucasian,3,M,0,0,0,1,0
68,Greater than 45,Female,African-American,5,F,0,0,0,0,3
26,25 - 45,Female,Caucasian,2,M,0,0,0,0,1
51,Greater than 45,Male,African-American,0,F,0,0,0,1,3
25,25 - 45,Male,African-American,0,M,0,0,0,0,0
40,25 - 45,Male,African-American,5,F,0,0,0,1,2
51,Greater than 45,Male,African-American,14,F,0,0,0,0,3
27,25 - 45,Male,African-American,2,M,0,0,0,1,1
49,Greater than 45,Male,African-American,11,M,0,0,0,1,3
36,25 - 45,Male,Other,0,M,0,0,0,0,2
28,25 - 45,Male,Caucasian,5,M,0,0,0,0,1
20,Less than 25,Male,African-American,0,F,0,0,0,0,0
21,Less than 25,Male,African-American,2,F,0,0,0,1,0
31,25 - 45,Female,African-American,0,F,0,0,0,0,1
57,Greater than 45,Male,African-American,0,M,0,0,0,0,3
61,Greater than 45,Female,Caucasian,8,F,0,0,0,1,3
35,25 - 45,Male,Hispanic,3,F,0,0,0,1,2
54,Greater than 45,Male,African-American,3,F,0,0,0,1,3
39,25 - 45,Male,Caucasian,0,F,0,0,0,0,2
24,Less than 25,Male,African-American,1,F,0,1,0,0,0
29,25 - 45,Female,Hispanic,0,F,0,0,0,1,1
48,Greater than 45,Male,African-American,8,F,0,0,1,1,3
30,25 - 45,Male,African-American,6,M,0,0,1,1,1
26,25 - 45,Male,African-American,10,F,0,1,0,1,1
36,25 - 45,Male,Caucasian,2,F,0,0,0,0,2
37,25 - 45,Male,African-American,12,F,0,0,0,1,2
26,25 - 45,Male,African-American,4,F,0,0,0,1,1
29,25 - 45,Male,African-American,7,M,0,0,0,1,1
26,25 - 45,Male,African-American,1,M,0,0,0,1,1
60,Greater than 45,Male,African-American,2,F,0,0,0,0,3
27,25 - 45,Male,Caucasian,2,F,0,0,0,1,1
41,25 - 45,Male,African-American,16,F,2,0,0,1,2
22,Less than 25,Male,Caucasian,1,F,0,0,1,0,0
28,25 - 45,Male,African-American,3,F,0,0,0,0,1
33,25 - 45,Male,African-American,13,F,0,0,0,1,2
28,25 - 45,Male,African-American,2,F,0,0,0,0,1
55,Greater than 45,Male,Caucasian,0,M,0,0,0,1,3
21,Less than 25,Male,African-American,6,F,0,1,0,1,0
28,25 - 45,Male,Hispanic,2,F,0,0,0,1,1
22,Less than 25,Female,Hispanic,0,M,0,0,0,0,0
29,25 - 45,Female,Caucasian,6,F,0,0,0,1,1
45,Greater than 45,Male,African-American,5,F,0,0,0,0,3
24,Less than 25,Male,African-American,2,M,0,0,0,1,0
50,Greater than 45,Male,African-American,12,F,0,0,0,1,3
24,Less than 25,Male,African-American,1,M,0,0,0,1,0
47,Greater than 45,Male,African-American,1,F,0,0,0,0,3
57,Greater than 45,Male,Caucasian,1,M,0,0,0,0,3
54,Greater than 45,Male,Caucasian,6,F,0,0,0,0,3
42,25 - 45,Female,Caucasian,0,M,0,0,0,0,2
35,25 - 45,Male,Caucasian,5,F,0,0,0,0,2
30,25 - 45,Male,African-American,0,F,0,0,0,1,1
53,Greater than 45,Male,Caucasian,1,F,0,0,0,0,3
31,25 - 45,Female,African-American,2,M,0,0,0,0,1
83,Greater than 45,Male,Caucasian,4,F,0,0,0,0,3
46,Greater than 45,Male,Hispanic,15,F,0,0,0,0,3
31,25 - 45,Male,African-American,0,F,0,0,0,1,1
23,Less than 25,Male,Other,4,F,0,0,0,0,0
47,Greater than 45,Male,African-American,9,F,0,0,0,0,3
31,25 - 45,Male,Hispanic,4,F,0,0,0,0,1
50,Greater than 45,Male,African-American,0,M,0,0,0,0,3
24,Less than 25,Male,African-American,9,M,0,1,0,1,0
22,Less than 25,Female,African-American,2,F,0,1,0,0,0
45,Greater than 45,Male,Hispanic,1,M,0,0,0,0,3
30,25 - 45,Female,African-American,2,F,0,0,0,0,1
30,25 - 45,Male,Other,5,M,0,0,0,1,1
36,25 - 45,Male,African-American,4,M,0,0,0,0,2
43,25 - 45,Female,Caucasian,22,M,0,0,0,1,3
50,Greater than 45,Male,African-American,0,M,0,0,0,0,3
24,Less than 25,Female,Other,2,F,0,0,0,1,0
42,25 - 45,Female,Caucasian,3,F,0,0,0,0,2
29,25 - 45,Female,Caucasian,1,F,0,0,0,1,1
28,25 - 45,Female,Hispanic,2,F,0,0,0,0,1
31,25 - 45,Male,Hispanic,0,M,0,0,0,0,1
25,25 - 45,Male,African-American,5,F,0,0,0,1,0
36,25 - 45,Male,African-American,4,F,0,0,0,0,2
24,Less than 25,Male,African-American,1,M,0,0,0,1,0
28,25 - 45,Male,Caucasian,5,F,0,0,0,0,1
31,25 - 45,Male,Caucasian,0,M,0,0,0,1,1
23,Less than 25,Male,African-American,0,F,0,0,0,0,0
29,25 - 45,Male,Caucasian,4,M,0,0,0,1,1
51,Greater than 45,Male,African-American,11,M,0,0,0,1,3
34,25 - 45,Male,African-American,1,F,0,0,0,0,2
29,25 - 45,Male,African-American,12,F,0,0,0,1,1
39,25 - 45,Male,African-American,13,F,0,1,0,1,2
36,25 - 45,Female,Hispanic,0,M,0,0,0,0,2
59,Greater than 45,Male,African-American,15,M,0,0,0,1,3
23,Less than 25,Male,African-American,3,F,0,0,2,1,0
31,25 - 45,Male,African-American,15,F,0,0,0,0,1
53,Greater than 45,Male,Caucasian,0,M,0,0,0,0,3
34,25 - 45,Male,African-American,12,F,0,0,0,0,2
63,Greater than 45,Female,African-American,1,F,0,0,0,0,3
21,Less than 25,Male,Other,0,F,0,0,0,1,0
21,Less than 25,Female,African-American,0,F,0,0,0,1,0
47,Greater than 45,Male,Caucasian,28,F,0,0,0,1,3
34,25 - 45,Male,African-American,7,F,0,0,0,1,2
43,25 - 45,Male,African-American,1,M,0,0,0,0,3
58,Greater than 45,Male,Caucasian,4,F,0,0,0,1,3
40,25 - 45,Female,Hispanic,4,F,0,0,0,1,2
36,25 - 45,Male,African-American,16,F,3,0,0,1,2
23,Less than 25,Female,African-American,0,M,0,0,0,0,0
34,25 - 45,Male,African-American,5,F,0,0,0,1,2
56,Greater than 45,Male,Caucasian,13,F,0,0,0,0,3
52,Greater than 45,Female,Caucasian,0,F,0,0,0,0,3
56,Greater than 45,Male,African-American,0,F,0,0,0,0,3
37,25 - 45,Female,African-American,0,M,0,0,0,0,2
50,Greater than 45,Female,Caucasian,0,M,0,0,0,0,3
25,25 - 45,Male,African-American,1,F,0,0,0,1,0
22,Less than 25,Male,African-American,0,F,0,0,0,1,0
43,25 - 45,Female,Caucasian,0,M,0,0,0,1,3
30,25 - 45,Male,Caucasian,1,M,0,0,0,0,1
29,25 - 45,Male,Asian,0,F,0,0,0,0,1
24,Less than 25,Male,Caucasian,0,F,0,0,0,0,0
29,25 - 45,Male,African-American,7,M,0,0,0,1,1
27,25 - 45,Female,Caucasian,3,F,0,0,0,0,1
24,Less than 25,Female,Caucasian,0,F,0,0,0,0,0
74,Greater than 45,Female,African-American,0,F,0,0,0,0,3
27,25 - 45,Male,African-American,8,M,0,0,1,1,1
37,25 - 45,Male,Hispanic,1,F,0,0,0,1,2
39,25 - 45,Male,African-American,8,F,0,1,1,1,2
29,25 - 45,Male,Caucasian,5,F,0,0,0,0,1
25,25 - 45,Male,African-American,0,M,0,0,0,1,0
35,25 - 45,Female,African-American,5,F,0,0,0,0,2
29,25 - 45,Male,African-American,1,M,0,0,0,1,1
36,25 - 45,Male,Caucasian,1,F,0,0,0,0,2
61,Greater than 45,Male,African-American,13,F,0,0,0,1,3
26,25 - 45,Male,Caucasian,2,F,0,0,0,0,1
28,25 - 45,Male,African-American,1,M,0,0,0,0,1
26,25 - 45,Female,African-American,1,F,0,0,0,0,1
39,25 - 45,Female,Caucasian,11,F,0,1,0,1,2
22,Less than 25,Male,African-American,3,F,0,1,0,1,0
28,25 - 45,Male,Caucasian,0,F,0,0,0,0,1
51,Greater than 45,Male,Caucasian,1,F,0,0,0,1,3
35,25 - 45,Female,Hispanic,0,M,0,0,0,0,2
23,Less than 25,Female,African-American,0,M,0,0,0,0,0
29,25 - 45,Male,African-American,6,F,1,2,0,1,1
20,Less than 25,Male,Other,0,F,0,0,0,1,0
24,Less than 25,Male,African-American,1,M,0,0,2,1,0
23,Less than 25,Female,Hispanic,2,M,0,1,0,0,0
33,25 - 45,Female,African-American,5,F,0,0,0,0,2
21,Less than 25,Male,Caucasian,1,F,1,0,0,1,0
59,Greater than 45,Male,Caucasian,3,M,0,0,0,0,3
26,25 - 45,Male,Caucasian,4,F,0,0,0,1,1
36,25 - 45,Male,Caucasian,0,M,0,0,0,0,2
38,25 - 45,Male,Other,2,F,0,0,0,0,2
19,Less than 25,Male,Caucasian,5,M,1,3,2,1,0
28,25 - 45,Male,Hispanic,2,F,0,0,0,0,1
23,Less than 25,Male,Hispanic,2,F,0,0,0,1,0
21,Less than 25,Male,African-American,1,F,0,0,2,1,0
52,Greater than 45,Male,African-American,0,M,0,0,0,1,3
56,Greater than 45,Male,African-American,12,F,0,0,0,1,3
40,25 - 45,Male,Caucasian,1,M,0,0,0,0,2
48,Greater than 45,Female,Caucasian,8,M,0,0,0,1,3
24,Less than 25,Male,African-American,2,M,0,1,2,0,0
26,25 - 45,Female,African-American,0,F,0,0,0,0,1
59,Greater than 45,Male,African-American,5,M,0,0,0,0,3
66,Greater than 45,Male,Caucasian,1,F,0,0,0,1,3
54,Greater than 45,Female,African-American,6,F,0,0,0,0,3
31,25 - 45,Male,Caucasian,4,M,0,0,0,1,1
34,25 - 45,Male,Caucasian,0,F,0,0,0,0,2
25,25 - 45,Male,African-American,9,F,0,0,0,1,0
47,Greater than 45,Male,Caucasian,2,F,0,0,0,0,3
51,Greater than 45,Male,African-American,12,F,0,0,1,1,3
25,25 - 45,Male,Caucasian,1,F,0,0,0,0,0
25,25 - 45,Male,Other,0,F,0,0,0,1,0
31,25 - 45,Female,African-American,2,F,0,0,0,1,1
44,25 - 45,Male,Hispanic,2,F,0,0,0,1,3
36,25 - 45,Male,Caucasian,1,F,0,0,0,0,2
77,Greater than 45,Male,Caucasian,3,F,0,0,0,0,3
49,Greater than 45,Male,Caucasian,0,M,0,0,0,0,3
31,25 - 45,Male,African-American,0,F,0,0,0,0,1
30,25 - 45,Male,Caucasian,1,F,0,0,1,0,1
29,25 - 45,Male,African-American,3,F,1,0,0,1,1
53,Greater than 45,Female,Caucasian,6,F,0,0,0,1,3
21,Less than 25,Male,African-American,1,F,0,1,0,1,0
21,Less than 25,Male,African-American,0,F,0,0,0,0,0
27,25 - 45,Female,African-American,1,F,0,0,0,1,1
65,Greater than 45,Female,African-American,0,F,0,0,0,0,3
59,Greater than 45,Female,Caucasian,0,M,0,0,0,0,3
59,Greater than 45,Male,African-American,0,M,0,0,0,0,3
24,Less than 25,Male,African-American,0,M,0,0,0,0,0
40,25 - 45,Male,African-American,0,F,0,0,0,0,2
51,Greater than 45,Male,African-American,0,F,0,0,0,1,3
34,25 - 45,Male,African-American,10,F,1,0,0,1,2
30,25 - 45,Male,Hispanic,1,F,0,0,0,1,1
52,Greater than 45,Male,African-American,1,F,0,0,0,0,3
29,25 - 45,Male,Caucasian,1,F,0,0,0,1,1
24,Less than 25,Male,African-American,15,F,0,0,0,1,0
38,25 - 45,Male,African-American,2,F,0,0,0,1,2
22,Less than 25,Female,African-American,0,F,0,0,0,0,0
43,25 - 45,Male,African-American,0,F,0,0,0,0,3
32,25 - 45,Male,Caucasian,5,F,0,0,0,1,2
55,Greater than 45,Male,African-American,0,F,0,0,0,0,3
26,25 - 45,Male,African-American,2,F,0,0,0,0,1
23,Less than 25,Male,Caucasian,1,M,0,0,1,0,0
47,Greater than 45,Female,Other,0,F,0,0,0,0,3
28,25 - 45,Male,Caucasian,1,M,0,0,0,1,1
27,25 - 45,Male,Hispanic,0,F,0,0,0,1,1
61,Greater than 45,Male,Hispanic,2,F,0,0,0,1,3
26,25 - 45,Male,African-American,0,F,0,0,0,0,1
41,25 - 45,Male,Hispanic,1,M,0,0,0,0,2
28,25 - 45,Female,Caucasian,1,M,0,0,0,1,1
43,25 - 45,Male,African-American,0,F,0,0,0,1,3
30,25 - 45,Male,Caucasian,3,F,0,0,0,0,1
33,25 - 45,Male,African-American,21,M,0,0,0,1,2
21,Less than 25,Male,Caucasian,0,M,0,0,1,0,0
32,25 - 45,Female,Caucasian,0,M,0,0,1,0,2
22,Less than 25,Male,African-American,1,F,0,0,0,1,0
51,Greater than 45,Male,African-American,3,F,0,0,0,0,3
20,Less than 25,Male,African-American,2,F,0,0,1,1,0
35,25 - 45,Male,Caucasian,2,F,0,0,0,0,2
37,25 - 45,Female,African-American,3,F,0,0,0,0,2
28,25 - 45,Male,African-American,0,M,0,0,0,1,1
41,25 - 45,Male,Caucasian,3,M,0,0,0,1,2
24,Less than 25,Male,African-American,0,M,0,0,0,1,0
33,25 - 45,Female,African-American,3,M,0,0,0,0,2
25,25 - 45,Male,African-American,4,F,0,0,0,1,0
30,25 - 45,Female,Caucasian,4,F,0,0,0,0,1
20,Less than 25,Male,African-American,1,F,0,0,0,1,0
42,25 - 45,Female,African-American,1,F,0,0,0,0,2
40,25 - 45,Female,African-American,15,F,0,0,0,1,2
39,25 - 45,Male,African-American,0,F,0,0,0,1,2
21,Less than 25,Male,African-American,0,F,0,0,0,0,0
39,25 - 45,Male,Caucasian,2,F,0,0,0,1,2
24,Less than 25,Male,Caucasian,0,F,0,0,0,0,0
41,25 - 45,Male,African-American,0,F,0,0,0,0,2
39,25 - 45,Male,African-American,1,F,0,0,0,0,2
24,Less than 25,Female,African-American,3,F,0,0,0,0,0
24,Less than 25,Female,African-American,1,F,0,0,0,0,0
29,25 - 45,Male,African-American,0,M,0,0,0,1,1
39,25 - 45,Male,African-American,35,F,0,0,0,0,2
25,25 - 45,Male,Caucasian,2,M,0,0,0,1,0
23,Less than 25,Female,Caucasian,0,F,0,0,0,1,0
22,Less than 25,Male,African-American,1,F,0,0,1,1,0
26,25 - 45,Female,Other,4,M,0,0,0,1,1
26,25 - 45,Male,African-American,3,M,0,3,0,1,1
24,Less than 25,Female,African-American,3,M,0,0,0,1,0
44,25 - 45,Male,African-American,0,M,0,0,0,0,3
36,25 - 45,Male,Caucasian,1,F,0,0,0,1,2
39,25 - 45,Male,Caucasian,10,F,0,0,0,1,2
42,25 - 45,Male,Caucasian,0,F,0,0,0,0,2
45,Greater than 45,Male,Caucasian,1,M,0,0,0,0,3
25,25 - 45,Male,African-American,7,F,0,1,0,1,0
28,25 - 45,Female,Caucasian,7,F,0,0,0,0,1
33,25 - 45,Male,Caucasian,0,F,0,0,0,0,2
25,25 - 45,Male,Caucasian,0,M,0,0,0,0,0
32,25 - 45,Male,African-American,5,F,0,1,0,0,2
23,Less than 25,Male,African-American,0,F,0,0,0,0,0
39,25 - 45,Male,Caucasian,0,M,0,0,0,0,2
27,25 - 45,Male,African-American,12,F,0,0,0,1,1
35,25 - 45,Female,Caucasian,4,M,0,0,0,0,2
23,Less than 25,Male,African-American,1,F,0,0,0,0,0
38,25 - 45,Female,African-American,0,M,0,0,0,0,2
30,25 - 45,Male,African-American,4,F,0,0,0,0,1
30,25 - 45,Male,Caucasian,1,F,0,0,0,0,1
30,25 - 45,Female,Caucasian,0,M,0,0,0,0,1
26,25 - 45,Male,African-American,18,F,1,1,0,1,1
31,25 - 45,Male,African-American,2,F,0,0,0,0,1
41,25 - 45,Female,Caucasian,1,M,0,0,0,0,2
34,25 - 45,Male,Other,0,F,0,0,0,0,2
25,25 - 45,Female,African-American,0,M,0,0,0,0,0
26,25 - 45,Female,Caucasian,1,F,0,0,0,0,1
38,25 - 45,Male,African-American,2,F,0,0,0,1,2
37,25 - 45,Female,African-American,0,M,0,0,0,0,2
34,25 - 45,Male,Caucasian,3,M,0,0,1,0,2
44,25 - 45,Male,Hispanic,7,F,0,0,0,1,3
38,25 - 45,Female,Hispanic,0,F,0,0,0,0,2
31,25 - 45,Female,African-American,0,M,0,0,0,0,1
29,25 - 45,Female,Caucasian,0,M,0,0,0,0,1
20,Less than 25,Male,Caucasian,1,F,1,0,0,1,0
22,Less than 25,Male,African-American,0,F,0,0,0,0,0
51,Greater than 45,Female,Hispanic,0,M,0,0,0,0,3
24,Less than 25,Male,African-American,2,M,0,0,0,1,0
47,Greater than 45,Male,African-American,0,F,0,0,0,1,3
36,25 - 45,Female,African-American,1,F,0,0,0,1,2
21,Less than 25,Male,African-American,1,M,0,0,0,0,0
25,25 - 45,Male,African-American,3,M,0,1,0,1,0
23,Less than 25,Male,African-American,5,F,0,0,1,1,0
23,Less than 25,Male,Other,0,M,0,0,0,0,0
24,Less than 25,Female,Caucasian,0,M,0,0,0,0,0
35,25 - 45,Male,Caucasian,2,F,0,0,0,1,2
23,Less than 25,Female,Hispanic,0,M,0,0,0,0,0
19,Less than 25,Female,African-American,0,M,0,0,0,1,0
32,25 - 45,Male,Caucasian,0,F,0,0,0,1,2
39,25 - 45,Female,Caucasian,0,M,0,0,0,1,2
30,25 - 45,Male,African-American,12,F,4,0,0,1,1
33,25 - 45,Male,African-American,2,F,0,0,0,0,2
20,Less than 25,Male,Caucasian,0,M,0,0,0,1,0
36,25 - 45,Female,Caucasian,0,M,0,0,0,0,2
61,Greater than 45,Male,Hispanic,1,F,0,0,0,0,3
29,25 - 45,Male,African-American,8,F,0,1,1,1,1
40,25 - 45,Female,Caucasian,0,F,0,0,0,0,2
53,Greater than 45,Male,African-American,4,F,0,0,0,0,3
28,25 - 45,Female,Caucasian,0,M,0,0,0,0,1
38,25 - 45,Male,Hispanic,2,M,0,0,0,0,2
27,25 - 45,Male,African-American,9,F,0,1,0,1,1
55,Greater than 45,Male,Caucasian,0,F,0,0,0,0,3
22,Less than 25,Male,African-American,1,M,1,0,0,0,0
34,25 - 45,Female,African-American,1,F,0,0,0,0,2
55,Greater than 45,Male,Caucasian,1,M,0,0,0,0,3
24,Less than 25,Male,Hispanic,2,F,0,0,0,0,0
47,Greater than 45,Female,African-American,21,M,0,1,1,1,3
41,25 - 45,Male,Other,0,M,0,0,0,0,2
41,25 - 45,Male,Hispanic,0,F,0,0,0,0,2
61,Greater than 45,Male,African-American,12,F,0,0,0,0,3
57,Greater than 45,Male,African-American,3,F,0,0,0,0,3
38,25 - 45,Female,Caucasian,2,M,0,0,0,0,2
25,25 - 45,Male,Caucasian,13,F,4,0,1,1,0
23,Less than 25,Male,African-American,0,F,0,0,0,1,0
23,Less than 25,Male,Caucasian,3,F,0,0,0,0,0
20,Less than 25,Male,African-American,0,F,0,0,0,0,0
44,25 - 45,Male,Caucasian,1,F,0,0,0,0,3
38,25 - 45,Female,Caucasian,1,M,0,0,0,0,2
56,Greater than 45,Male,African-American,5,F,0,0,0,1,3
43,25 - 45,Male,Caucasian,2,F,0,0,0,1,3
22,Less than 25,Male,African-American,0,F,0,0,0,1,0
31,25 - 45,Male,African-American,6,F,0,0,0,1,1
32,25 - 45,Male,Other,0,F,0,0,0,0,2
29,25 - 45,Male,African-American,0,F,0,0,0,0,1
22,Less than 25,Male,African-American,1,F,0,0,0,1,0
23,Less than 25,Male,African-American,3,F,0,0,0,1,0
24,Less than 25,Male,Caucasian,1,F,0,0,1,0,0
45,Greater than 45,Male,Other,0,M,0,0,0,0,3
21,Less than 25,Male,African-American,2,F,0,1,0,0,0
29,25 - 45,Female,African-American,0,M,0,0,0,0,1
51,Greater than 45,Female,Caucasian,0,M,0,0,0,1,3
36,25 - 45,Male,Hispanic,2,M,1,0,0,1,2
25,25 - 45,Male,African-American,1,F,0,0,0,0,0
46,Greater than 45,Male,Hispanic,13,F,0,0,0,0,3
62,Greater than 45,Male,African-American,22,F,0,0,0,1,3
25,25 - 45,Male,African-American,0,F,0,0,0,1,0
27,25 - 45,Male,Caucasian,2,F,0,0,0,0,1
49,Greater than 45,Male,African-American,0,M,0,0,0,0,3
22,Less than 25,Female,Caucasian,3,F,0,0,0,1,0
34,25 - 45,Female,Caucasian,9,M,0,0,0,1,2
37,25 - 45,Male,Hispanic,1,F,0,0,0,0,2
21,Less than 25,Male,Caucasian,0,F,0,0,0,1,0
51,Greater than 45,Male,Caucasian,3,M,0,0,0,1,3
39,25 - 45,Female,Caucasian,2,F,0,0,0,1,2
43,25 - 45,Male,African-American,8,F,0,0,0,1,3
22,Less than 25,Male,African-American,0,M,0,0,0,1,0
28,25 - 45,Female,African-American,4,F,0,0,0,0,1
43,25 - 45,Male,Caucasian,0,F,0,0,0,1,3
27,25 - 45,Male,Caucasian,7,F,0,0,0,1,1
27,25 - 45,Male,Other,0,F,0,0,0,1,1
31,25 - 45,Male,Caucasian,1,F,0,0,0,1,1
28,25 - 45,Female,African-American,0,M,0,0,0,0,1
58,Greater than 45,Male,Caucasian,3,M,0,0,0,0,3
22,Less than 25,Male,Caucasian,0,F,0,0,0,1,0
21,Less than 25,Male,Hispanic,0,M,0,0,0,1,0
31,25 - 45,Male,African-American,5,F,0,0,0,0,1
33,25 - 45,Male,African-American,0,F,0,0,0,0,2
26,25 - 45,Male,African-American,6,M,0,0,0,1,1
23,Less than 25,Female,African-American,1,M,0,1,0,0,0
32,25 - 45,Male,Caucasian,11,F,0,0,0,0,2
57,Greater than 45,Male,African-American,2,F,0,0,0,0,3
22,Less than 25,Male,Caucasian,0,F,0,0,0,0,0
35,25 - 45,Female,African-American,2,F,0,0,0,0,2
47,Greater than 45,Male,Caucasian,1,F,0,0,0,1,3
35,25 - 45,Male,Hispanic,2,F,0,0,0,0,2
29,25 - 45,Male,African-American,17,F,0,0,1,1,1
54,Greater than 45,Female,Caucasian,1,M,0,0,0,0,3
29,25 - 45,Male,Caucasian,0,F,0,0,0,0,1
28,25 - 45,Female,Other,0,M,0,0,0,1,1
51,Greater than 45,Male,African-American,17,F,0,0,0,1,3
36,25 - 45,Female,African-American,0,M,0,0,0,0,2
35,25 - 45,Male,Caucasian,3,M,0,0,0,1,2
20,Less than 25,Male,African-American,1,F,0,0,1,1,0
25,25 - 45,Male,African-American,0,F,0,0,0,0,0
29,25 - 45,Male,African-American,2,M,0,0,0,0,1
31,25 - 45,Male,Hispanic,0,F,0,0,0,1,1
62,Greater than 45,Male,African-American,4,F,0,0,0,0,3
39,25 - 45,Male,Caucasian,0,M,0,0,0,0,2
30,25 - 45,Male,African-American,1,F,0,0,0,1,1
23,Less than 25,Female,African-American,0,F,0,0,0,0,0
23,Less than 25,Female,African-American,1,F,0,0,0,0,0
37,25 - 45,Female,Hispanic,0,M,0,0,0,0,2
30,25 - 45,Male,African-American,21,F,0,0,0,1,1
33,25 - 45,Male,African-American,18,F,0,0,3,1,2
20,Less than 25,Male,Hispanic,0,M,0,0,0,1,0
61,Greater than 45,Female,African-American,1,F,0,0,0,0,3
30,25 - 45,Male,African-American,9,F,0,1,0,1,1
23,Less than 25,Male,African-American,1,F,0,0,0,0,0
27,25 - 45,Female,African-American,0,F,0,0,0,1,1
38,25 - 45,Male,African-American,10,M,0,1,0,0,2
42,25 - 45,Male,African-American,1,F,0,0,0,0,2
31,25 - 45,Male,African-American,0,F,0,0,0,0,1
23,Less than 25,Male,African-American,2,F,0,0,0,1,0
31,25 - 45,Male,Caucasian,1,F,0,0,0,1,1
43,25 - 45,Male,African-American,1,M,0,0,0,1,3
39,25 - 45,Male,Caucasian,0,F,0,0,0,0,2
31,25 - 45,Male,African-American,0,M,0,0,0,0,1
22,Less than 25,Male,Caucasian,3,F,0,0,0,1,0
33,25 - 45,Female,African-American,0,F,0,0,0,0,2
21,Less than 25,Male,Caucasian,1,F,0,1,0,1,0
23,Less than 25,Male,African-American,1,F,0,0,0,1,0
29,25 - 45,Female,Caucasian,0,F,0,0,0,0,1
62,Greater than 45,Male,Caucasian,2,F,0,0,0,0,3
56,Greater than 45,Female,African-American,1,F,0,0,0,1,3
24,Less than 25,Female,African-American,4,F,0,0,0,1,0
44,25 - 45,Female,Caucasian,0,M,0,0,0,0,3
22,Less than 25,Male,African-American,2,F,0,1,0,1,0
28,25 - 45,Female,African-American,4,F,0,0,0,1,1
30,25 - 45,Male,African-American,0,F,0,0,0,0,1
32,25 - 45,Male,Caucasian,1,M,0,0,0,1,2
51,Greater than 45,Male,Caucasian,3,F,0,0,0,0,3
21,Less than 25,Male,African-American,0,F,0,0,0,0,0
21,Less than 25,Male,African-American,2,F,0,0,0,1,0
27,25 - 45,Male,African-American,3,F,0,0,0,1,1
28,25 - 45,Male,Hispanic,0,F,0,0,0,0,1
31,25 - 45,Female,African-American,0,F,0,0,0,0,1
33,25 - 45,Male,African-American,0,M,0,0,0,1,2
49,Greater than 45,Female,Caucasian,2,F,0,0,0,0,3
41,25 - 45,Female,Other,2,F,0,0,0,0,2
20,Less than 25,Male,Caucasian,0,M,0,0,5,0,0
31,25 - 45,Male,African-American,10,F,0,0,1,1,1
25,25 - 45,Male,African-American,5,F,0,0,0,1,0
23,Less than 25,Male,African-American,4,F,0,1,0,1,0
26,25 - 45,Male,Caucasian,0,M,0,0,0,0,1
45,Greater than 45,Female,Asian,6,F,0,0,0,1,3
28,25 - 45,Male,Caucasian,1,M,0,0,0,0,1
28,25 - 45,Female,African-American,13,F,0,0,0,1,1
39,25 - 45,Male,Caucasian,0,F,0,0,0,1,2
59,Greater than 45,Male,Hispanic,1,F,0,0,0,1,3
52,Greater than 45,Male,African-American,4,M,0,0,0,0,3
36,25 - 45,Male,Hispanic,1,M,0,0,0,0,2
54,Greater than 45,Male,Hispanic,5,F,0,0,0,0,3
32,25 - 45,Male,Caucasian,0,F,0,0,0,1,2
54,Greater than 45,Male,African-American,3,M,0,0,0,0,3
30,25 - 45,Male,African-American,2,F,0,0,0,1,1
21,Less than 25,Female,African-American,0,M,0,0,0,1,0
25,25 - 45,Male,African-American,2,M,0,0,0,1,0
26,25 - 45,Male,Hispanic,1,F,1,0,0,1,1
22,Less than 25,Male,African-American,0,F,0,0,0,0,0
61,Greater than 45,Male,African-American,20,M,0,0,0,1,3
24,Less than 25,Male,Caucasian,2,F,0,0,2,0,0
32,25 - 45,Male,African-American,2,F,0,0,0,0,2
26,25 - 45,Female,Caucasian,2,F,0,0,0,1,1
34,25 - 45,Female,African-American,6,F,0,0,0,0,2
45,Greater than 45,Male,African-American,12,M,1,0,0,1,3
22,Less than 25,Male,African-American,1,F,0,0,0,1,0
54,Greater than 45,Male,African-American,4,F,0,0,0,1,3
51,Greater than 45,Male,African-American,8,M,0,0,0,0,3
28,25 - 45,Male,African-American,0,F,0,0,0,0,1
23,Less than 25,Male,Caucasian,0,F,0,0,0,0,0
30,25 - 45,Male,Caucasian,0,F,0,0,0,1,1
25,25 - 45,Male,African-American,0,M,0,0,0,1,0
25,25 - 45,Male,Caucasian,2,F,0,0,0,0,0
28,25 - 45,Male,Caucasian,2,F,0,0,0,0,1
32,25 - 45,Female,African-American,0,M,0,0,0,1,2
35,25 - 45,Male,African-American,7,F,0,0,0,0,2
49,Greater than 45,Male,African-American,0,M,0,0,0,1,3
36,25 - 45,Male,Caucasian,5,F,0,0,0,1,2
33,25 - 45,Male,African-American,16,M,0,0,0,1,2
30,25 - 45,Male,Other,1,F,0,0,0,0,1
58,Greater than 45,Female,Caucasian,1,M,0,0,0,0,3
22,Less than 25,Male,African-American,2,F,0,0,0,0,0
28,25 - 45,Male,Caucasian,2,F,0,0,0,1,1
28,25 - 45,Male,Hispanic,0,M,0,0,0,1,1
26,25 - 45,Male,African-American,6,F,0,1,0,1,1
36,25 - 45,Female,Caucasian,3,F,0,0,0,1,2
23,Less than 25,Male,Caucasian,0,F,0,0,0,0,0
22,Less than 25,Male,African-American,0,F,0,0,0,1,0
25,25 - 45,Male,African-American,10,F,0,1,0,1,0
26,25 - 45,Male,African-American,0,F,0,0,0,0,1
25,25 - 45,Male,African-American,1,F,0,0,0,0,0
26,25 - 45,Male,Caucasian,7,F,0,0,0,1,1
40,25 - 45,Male,Native American,2,M,0,0,0,0,2
28,25 - 45,Male,African-American,0,M,0,0,0,1,1
40,25 - 45,Male,Hispanic,1,M,0,0,0,0,2
56,Greater than 45,Male,African-American,1,F,0,0,0,0,3
51,Greater than 45,Male,Caucasian,3,F,0,0,0,0,3
36,25 - 45,Male,African-American,0,F,0,0,0,0,2
51,Greater than 45,Male,Caucasian,0,M,0,0,0,0,3
25,25 - 45,Male,Caucasian,2,F,0,0,0,0,0
22,Less than 25,Male,African-American,1,M,0,1,0,0,0
35,25 - 45,Female,African-American,9,F,2,0,0,0,2
24,Less than 25,Male,Caucasian,0,M,0,0,0,1,0
66,Greater than 45,Male,African-American,5,M,0,0,0,1,3
27,25 - 45,Male,African-American,6,M,0,0,0,1,1
22,Less than 25,Male,Caucasian,2,F,0,1,0,1,0
43,25 - 45,Male,Caucasian,2,F,0,0,0,0,3
22,Less than 25,Male,African-American,2,F,0,0,0,0,0
31,25 - 45,Male,African-American,4,M,0,0,0,1,1
23,Less than 25,Female,Caucasian,4,M,0,0,0,1,0
27,25 - 45,Female,Caucasian,0,M,0,0,0,1,1
31,25 - 45,Male,African-American,8,F,0,0,0,1,1
61,Greater than 45,Male,African-American,29,F,0,0,0,1,3
25,25 - 45,Male,Caucasian,3,F,0,0,1,0,0
52,Greater than 45,Female,Caucasian,0,M,0,0,0,0,3
35,25 - 45,Male,Hispanic,0,F,0,0,0,0,2
24,Less than 25,Female,Caucasian,0,F,0,0,0,0,0
50,Greater than 45,Male,African-American,13,M,1,0,0,1,3
57,Greater than 45,Male,Other,0,F,0,0,0,0,3
38,25 - 45,Male,Caucasian,2,F,0,0,0,0,2
22,Less than 25,Male,African-American,1,F,0,0,0,0,0
26,25 - 45,Male,Hispanic,1,M,0,0,0,0,1
25,25 - 45,Male,African-American,8,F,2,3,0,0,0
20,Less than 25,Male,African-American,3,F,0,0,0,1,0
34,25 - 45,Male,African-American,2,F,0,0,0,0,2
25,25 - 45,Male,African-American,11,M,0,0,0,1,0
24,Less than 25,Female,Caucasian,0,F,0,0,0,0,0
24,Less than 25,Male,Other,4,F,0,0,0,0,0
49,Greater than 45,Male,Caucasian,4,M,0,0,0,1,3
27,25 - 45,Male,African-American,15,F,0,0,0,1,1
28,25 - 45,Male,African-American,10,F,0,0,0,1,1
33,25 - 45,Male,African-American,15,M,0,0,0,1,2
55,Greater than 45,Male,Caucasian,0,F,0,0,0,0,3
25,25 - 45,Male,Caucasian,1,F,0,0,1,0,0
47,Greater than 45,Male,Caucasian,3,M,0,0,0,1,3
55,Greater than 45,Male,African-American,10,M,0,0,0,1,3
22,Less than 25,Male,African-American,0,F,0,0,0,1,0
32,25 - 45,Male,African-American,9,F,0,0,0,0,2
55,Greater than 45,Male,Caucasian,0,F,0,0,0,0,3
23,Less than 25,Male,African-American,3,M,0,0,0,0,0
54,Greater than 45,Male,Caucasian,2,F,0,0,0,1,3
40,25 - 45,Male,Asian,0,F,0,0,0,0,2
27,25 - 45,Male,African-American,0,M,0,0,0,1,1
36,25 - 45,Male,Caucasian,4,M,0,0,0,1,2
29,25 - 45,Female,African-American,5,F,0,0,0,0,1
45,Greater than 45,Female,Caucasian,0,M,0,0,0,0,3
25,25 - 45,Male,Other,2,M,0,0,0,0,0
40,25 - 45,Male,Caucasian,4,F,0,0,0,1,2
38,25 - 45,Male,African-American,7,F,0,0,0,1,2
57,Greater than 45,Male,Caucasian,3,F,0,0,0,0,3
26,25 - 45,Male,African-American,3,F,0,0,0,1,1
37,25 - 45,Female,African-American,0,F,0,0,0,0,2
42,25 - 45,Female,African-American,0,M,0,0,0,1,2
41,25 - 45,Male,Caucasian,1,F,0,0,0,0,2
33,25 - 45,Female,Other,0,F,0,0,0,0,2
57,Greater than 45,Male,African-American,1,F,0,0,0,0,3
34,25 - 45,Male,African-American,3,M,0,0,0,0,2
29,25 - 45,Male,African-American,1,F,0,0,0,1,1
45,Greater than 45,Male,Hispanic,8,F,0,0,0,0,3
22,Less than 25,Male,Caucasian,1,F,0,0,0,0,0
22,Less than 25,Female,African-American,0,M,0,0,0,1,0
42,25 - 45,Male,African-American,5,F,0,1,0,1,2
21,Less than 25,Male,African-American,0,M,0,0,0,0,0
56,Greater than 45,Male,Caucasian,1,M,0,0,0,0,3
48,Greater than 45,Male,African-American,4,F,0,0,0,0,3
27,25 - 45,Male,Hispanic,1,M,0,0,0,0,1
27,25 - 45,Male,Caucasian,2,F,0,0,0,1,1
34,25 - 45,Male,Hispanic,1,F,0,0,0,0,2
23,Less than 25,Male,African-American,5,F,0,0,1,1,0
47,Greater than 45,Male,African-American,3,F,0,0,0,1,3
33,25 - 45,Male,African-American,6,M,0,1,0,1,2
58,Greater than 45,Male,Caucasian,1,F,0,0,0,0,3
33,25 - 45,Female,African-American,1,F,0,0,0,0,2
40,25 - 45,Female,African-American,2,M,0,0,0,0,2
22,Less than 25,Male,Caucasian,0,F,0,0,0,0,0
39,25 - 45,Male,Caucasian,2,F,0,0,0,0,2
30,25 - 45,Male,Other,2,F,0,0,0,0,1
23,Less than 25,Female,African-American,3,F,0,0,0,0,0
35,25 - 45,Male,Caucasian,1,F,0,0,1,0,2
22,Less than 25,Male,Hispanic,0,M,0,0,0,0,0
43,25 - 45,Male,African-American,7,F,0,0,0,1,3
37,25 - 45,Male,Hispanic,4,M,0,0,0,0,2
38,25 - 45,Male,African-American,14,F,1,0,4,0,2
26,25 - 45,Male,African-American,2,F,0,0,0,1,1
60,Greater than 45,Male,Hispanic,0,F,0,0,0,0,3
39,25 - 45,Female,Caucasian,1,F,0,0,0,0,2
36,25 - 45,Male,African-American,16,M,0,0,1,1,2
25,25 - 45,Male,African-American,1,M,0,0,0,0,0
21,Less than 25,Male,Caucasian,0,M,0,0,0,1,0
28,25 - 45,Female,Hispanic,1,F,0,0,0,1,1
70,Greater than 45,Female,Other,0,F,0,0,0,0,3
25,25 - 45,Male,African-American,3,M,0,0,0,1,0
53,Greater than 45,Male,African-American,6,F,0,0,0,0,3
37,25 - 45,Male,Caucasian,0,F,0,0,0,0,2
21,Less than 25,Male,African-American,1,F,0,0,0,1,0
28,25 - 45,Male,African-American,1,F,0,0,0,0,1
21,Less than 25,Male,African-American,1,F,0,0,0,0,0
32,25 - 45,Male,African-American,2,F,0,0,0,0,2
56,Greater than 45,Male,African-American,0,F,0,0,0,0,3
30,25 - 45,Male,Caucasian,3,M,0,0,0,0,1
27,25 - 45,Male,Caucasian,0,F,0,0,0,1,1
37,25 - 45,Male,Hispanic,6,F,0,0,0,1,2
27,25 - 45,Male,African-American,1,F,0,0,0,0,1
41,25 - 45,Male,African-American,7,M,0,0,1,1,2
30,25 - 45,Female,African-American,7,M,0,0,0,1,1
32,25 - 45,Male,African-American,7,F,0,1,3,1,2
26,25 - 45,Male,Caucasian,7,F,0,0,0,0,1
31,25 - 45,Male,African-American,0,M,0,0,0,0,1
32,25 - 45,Male,African-American,3,F,0,0,0,0,2
34,25 - 45,Female,Caucasian,5,F,0,0,0,1,2
46,Greater than 45,Male,African-American,3,F,0,0,0,0,3
24,Less than 25,Male,African-American,1,F,0,0,0,1,0
32,25 - 45,Male,African-American,7,F,0,0,1,1,2
43,25 - 45,Male,Caucasian,6,F,0,0,0,1,3
50,Greater than 45,Male,Caucasian,3,F,0,0,0,0,3
30,25 - 45,Male,Caucasian,4,F,3,0,0,1,1
37,25 - 45,Male,African-American,3,M,0,0,0,0,2
31,25 - 45,Male,African-American,12,F,1,1,1,1,1
37,25 - 45,Male,Hispanic,1,F,0,0,0,0,2
21,Less than 25,Male,Caucasian,1,F,0,0,0,0,0
75,Greater than 45,Male,Hispanic,1,F,0,0,0,0,3
40,25 - 45,Male,Caucasian,3,M,0,0,0,0,2
53,Greater than 45,Female,Caucasian,0,M,0,0,0,0,3
31,25 - 45,Male,Other,6,M,0,0,0,1,1
33,25 - 45,Male,African-American,4,M,0,0,0,0,2
23,Less than 25,Male,African-American,2,F,1,0,0,1,0
22,Less than 25,Female,African-American,0,M,0,0,0,0,0
27,25 - 45,Male,African-American,2,M,0,0,0,1,1
25,25 - 45,Male,African-American,5,M,0,0,0,1,0
24,Less than 25,Male,Caucasian,2,F,0,0,0,0,0
24,Less than 25,Female,African-American,2,F,0,0,0,1,0
26,25 - 45,Female,African-American,1,F,0,0,0,0,1
56,Greater than 45,Male,African-American,9,F,0,0,0,0,3
26,25 - 45,Female,African-American,3,F,0,0,0,1,1
26,25 - 45,Male,African-American,7,M,0,0,1,1,1
20,Less than 25,Male,Caucasian,0,F,0,0,0,1,0
27,25 - 45,Male,African-American,4,M,0,0,0,1,1
24,Less than 25,Male,Caucasian,1,F,0,0,0,1,0
26,25 - 45,Male,African-American,8,F,0,0,0,1,1
26,25 - 45,Male,Caucasian,5,M,0,0,0,0,1
54,Greater than 45,Male,Hispanic,0,F,0,0,0,1,3
65,Greater than 45,Male,Caucasian,3,F,0,0,0,0,3
33,25 - 45,Female,Caucasian,5,M,0,0,0,1,2
64,Greater than 45,Male,African-American,13,M,0,0,0,0,3
24,Less than 25,Male,Caucasian,0,F,0,0,0,0,0
35,25 - 45,Male,African-American,29,F,0,0,0,0,2
57,Greater than 45,Female,Caucasian,0,M,0,0,0,0,3
46,Greater than 45,Female,Caucasian,0,M,0,0,0,0,3
56,Greater than 45,Male,African-American,16,F,0,0,0,0,3
39,25 - 45,Female,Caucasian,0,M,0,0,0,0,2
68,Greater than 45,Male,Caucasian,4,M,0,0,0,0,3
22,Less than 25,Female,African-American,5,F,0,0,0,1,0
28,25 - 45,Male,African-American,1,M,0,0,0,1,1
39,25 - 45,Male,African-American,19,M,0,0,0,1,2
38,25 - 45,Male,Caucasian,0,M,0,0,0,0,2
25,25 - 45,Female,African-American,3,M,0,0,0,0,0
25,25 - 45,Male,Caucasian,2,F,0,0,1,0,0
21,Less than 25,Male,African-American,3,F,0,0,0,1,0
31,25 - 45,Male,Caucasian,2,F,0,0,0,0,1
33,25 - 45,Male,African-American,3,F,0,0,0,1,2
26,25 - 45,Male,African-American,20,F,0,0,0,1,1
31,25 - 45,Male,African-American,2,F,0,0,0,0,1
35,25 - 45,Female,African-American,13,F,0,0,0,0,2
34,25 - 45,Male,African-American,19,M,0,6,1,0,2
41,25 - 45,Male,Other,31,F,0,0,0,1,2
57,Greater than 45,Male,Other,0,M,0,0,0,0,3
42,25 - 45,Female,African-American,1,F,0,0,0,0,2
26,25 - 45,Male,African-American,9,F,1,2,0,1,1
24,Less than 25,Male,Caucasian,1,F,0,0,0,0,0
36,25 - 45,Male,African-American,2,F,0,0,0,1,2
41,25 - 45,Male,African-American,24,F,1,1,0,1,2
27,25 - 45,Male,Caucasian,0,F,0,0,0,0,1
58,Greater than 45,Female,Other,0,F,0,0,0,1,3
45,Greater than 45,Male,Caucasian,3,F,0,0,0,1,3
34,25 - 45,Male,Caucasian,5,F,0,0,0,0,2
50,Greater than 45,Male,Hispanic,0,M,0,0,0,0,3
25,25 - 45,Male,Caucasian,6,F,0,1,0,1,0
24,Less than 25,Male,African-American,2,M,0,0,0,1,0
39,25 - 45,Male,Hispanic,2,M,0,0,0,0,2
27,25 - 45,Male,African-American,2,F,0,0,0,0,1
25,25 - 45,Male,African-American,3,F,0,0,0,0,0
30,25 - 45,Male,Caucasian,2,M,0,0,1,1,1
22,Less than 25,Male,Caucasian,3,F,0,2,0,1,0
27,25 - 45,Male,African-American,0,F,0,0,0,0,1
20,Less than 25,Male,Other,0,F,0,0,0,1,0
41,25 - 45,Male,African-American,19,F,0,0,0,1,2
30,25 - 45,Male,Caucasian,0,F,0,0,0,0,1
24,Less than 25,Male,African-American,3,F,0,0,0,0,0
39,25 - 45,Male,African-American,0,M,0,0,0,0,2
32,25 - 45,Male,African-American,6,F,0,0,0,1,2
32,25 - 45,Female,African-American,3,F,0,0,0,1,2
29,25 - 45,Female,Caucasian,0,F,0,0,0,1,1
37,25 - 45,Male,Other,0,F,0,0,0,1,2
26,25 - 45,Male,African-American,24,F,0,1,0,1,1
24,Less than 25,Male,African-American,2,F,0,0,0,1,0
30,25 - 45,Male,Other,2,F,0,0,0,0,1
20,Less than 25,Male,African-American,4,F,1,1,1,1,0
25,25 - 45,Male,African-American,1,M,0,0,1,1,0
31,25 - 45,Female,Caucasian,0,F,0,0,0,1,1
25,25 - 45,Male,African-American,0,M,0,0,0,1,0
41,25 - 45,Male,Caucasian,0,F,0,0,0,1,2
25,25 - 45,Male,Caucasian,0,F,0,0,0,0,0
25,25 - 45,Male,African-American,2,F,0,0,0,1,0
22,Less than 25,Male,African-American,1,F,0,0,0,1,0
25,25 - 45,Female,African-American,0,F,0,0,0,0,0
38,25 - 45,Male,African-American,0,M,0,0,0,0,2
40,25 - 45,Male,Hispanic,0,F,0,0,0,0,2
49,Greater than 45,Female,Caucasian,4,M,0,0,0,0,3
35,25 - 45,Female,Caucasian,2,M,0,0,0,0,2
21,Less than 25,Male,Native American,0,M,0,0,1,1,0
25,25 - 45,Male,Other,0,F,0,0,0,0,0
21,Less than 25,Male,Caucasian,1,F,0,0,0,0,0
24,Less than 25,Female,Caucasian,2,F,0,0,0,0,0
45,Greater than 45,Male,Hispanic,1,F,0,0,0,0,3
24,Less than 25,Female,African-American,11,M,0,0,1,1,0
28,25 - 45,Male,Caucasian,3,F,0,0,0,0,1
34,25 - 45,Female,African-American,1,M,0,0,0,0,2
34,25 - 45,Male,African-American,4,F,0,0,0,1,2
57,Greater than 45,Male,African-American,8,M,0,0,0,0,3
40,25 - 45,Male,African-American,15,F,0,0,0,1,2
22,Less than 25,Male,African-American,2,M,0,0,0,1,0
37,25 - 45,Male,African-American,3,M,0,0,0,1,2
43,25 - 45,Female,African-American,0,F,0,0,0,0,3
26,25 - 45,Male,African-American,5,F,0,0,0,1,1
24,Less than 25,Male,Caucasian,2,F,0,0,0,1,0
23,Less than 25,Male,African-American,1,F,0,0,0,0,0
56,Greater than 45,Male,Caucasian,1,F,0,0,0,1,3
23,Less than 25,Male,African-American,2,F,0,0,1,1,0
43,25 - 45,Male,Caucasian,12,F,0,0,0,0,3
32,25 - 45,Male,Asian,0,M,0,0,0,0,2
21,Less than 25,Male,African-American,0,F,0,0,0,1,0
51,Greater than 45,Male,African-American,2,F,0,0,0,0,3
20,Less than 25,Male,African-American,0,M,0,0,0,1,0
39,25 - 45,Male,Caucasian,1,F,0,0,0,0,2
42,25 - 45,Male,African-American,17,F,0,0,0,1,2
58,Greater than 45,Male,Hispanic,1,M,0,0,0,0,3
28,25 - 45,Female,Other,1,F,0,0,1,0,1
30,25 - 45,Female,African-American,2,M,0,0,0,0,1
28,25 - 45,Male,Caucasian,4,M,1,1,1,1,1
29,25 - 45,Male,African-American,6,F,0,0,0,1,1
24,Less than 25,Female,Caucasian,9,M,0,0,0,1,0
22,Less than 25,Male,African-American,1,F,0,0,0,1,0
27,25 - 45,Female,African-American,3,F,0,0,0,1,1
50,Greater than 45,Male,Caucasian,1,F,0,0,0,0,3
30,25 - 45,Male,African-American,5,M,0,0,0,0,1
28,25 - 45,Male,Caucasian,0,F,0,0,0,1,1
21,Less than 25,Male,African-American,3,F,0,0,0,1,0
26,25 - 45,Male,Hispanic,2,M,0,0,1,0,1
51,Greater than 45,Female,Caucasian,0,F,0,0,0,0,3
21,Less than 25,Male,African-American,1,F,0,0,0,0,0
29,25 - 45,Male,Caucasian,0,F,0,0,0,1,1
43,25 - 45,Male,Caucasian,0,M,0,0,0,0,3
22,Less than 25,Male,African-American,1,F,0,0,0,0,0
52,Greater than 45,Male,African-American,0,F,0,0,0,1,3
36,25 - 45,Male,African-American,0,F,0,0,0,0,2
24,Less than 25,Male,African-American,0,F,0,0,0,0,0
26,25 - 45,Male,African-American,5,F,0,1,0,0,1
27,25 - 45,Male,African-American,8,M,0,0,0,0,1
19,Less than 25,Male,Caucasian,0,M,0,0,0,1,0
26,25 - 45,Male,Caucasian,2,F,0,0,0,0,1
24,Less than 25,Male,African-American,1,F,0,0,0,0,0
29,25 - 45,Female,African-American,0,F,0,0,0,0,1
29,25 - 45,Female,Caucasian,20,F,0,0,0,1,1
38,25 - 45,Male,African-American,1,F,0,0,0,1,2
34,25 - 45,Male,African-American,5,F,1,0,0,0,2
23,Less than 25,Male,Other,2,F,0,0,0,0,0
26,25 - 45,Male,Other,0,F,0,0,0,1,1
29,25 - 45,Female,African-American,1,M,0,0,0,0,1
24,Less than 25,Male,African-American,1,F,0,0,0,0,0
31,25 - 45,Male,Hispanic,1,F,0,0,0,1,1
50,Greater than 45,Male,Caucasian,0,F,0,0,0,0,3
24,Less than 25,Female,African-American,0,M,0,0,0,0,0
31,25 - 45,Female,African-American,0,F,0,0,0,0,1
36,25 - 45,Male,African-American,13,F,0,0,0,1,2
32,25 - 45,Male,African-American,13,M,0,0,0,1,2
63,Greater than 45,Male,Caucasian,1,M,0,0,0,0,3
42,25 - 45,Male,African-American,1,M,0,0,0,1,2
22,Less than 25,Male,African-American,0,F,0,0,0,0,0
26,25 - 45,Male,African-American,5,F,0,0,0,1,1
26,25 - 45,Male,African-American,10,F,0,0,0,1,1
30,25 - 45,Male,Hispanic,3,M,0,0,0,1,1
53,Greater than 45,Male,Caucasian,3,M,0,0,0,1,3
23,Less than 25,Male,African-American,2,F,0,1,2,1,0
22,Less than 25,Male,Caucasian,0,F,0,0,0,0,0
27,25 - 45,Male,Caucasian,0,M,0,0,0,0,1
21,Less than 25,Female,Other,0,M,0,0,0,0,0
42,25 - 45,Male,Caucasian,2,F,0,0,0,1,2
31,25 - 45,Male,African-American,4,F,0,0,0,1,1
80,Greater than 45,Male,Caucasian,0,M,0,0,0,0,3
58,Greater than 45,Male,Caucasian,1,M,0,0,0,0,3
68,Greater than 45,Male,African-American,6,M,0,0,0,0,3
23,Less than 25,Male,African-American,1,F,0,0,0,0,0
36,25 - 45,Male,African-American,4,F,0,0,0,1,2
24,Less than 25,Male,Caucasian,0,F,0,0,0,0,0
41,25 - 45,Male,Caucasian,2,F,0,0,0,0,2
21,Less than 25,Male,Caucasian,0,F,0,0,1,1,0
26,25 - 45,Male,African-American,3,M,0,0,0,1,1
30,25 - 45,Female,African-American,8,F,0,0,0,1,1
39,25 - 45,Male,Hispanic,0,M,0,0,0,1,2
36,25 - 45,Male,Caucasian,1,F,0,0,0,0,2
21,Less than 25,Male,African-American,0,F,0,0,0,1,0
31,25 - 45,Female,African-American,1,M,0,0,0,0,1
20,Less than 25,Female,African-American,0,F,0,0,0,1,0
49,Greater than 45,Male,Caucasian,4,M,0,0,0,0,3
24,Less than 25,Male,Caucasian,0,F,0,0,0,0,0
20,Less than 25,Male,African-American,0,F,0,0,0,1,0
44,25 - 45,Male,Caucasian,1,M,0,0,0,0,3
25,25 - 45,Female,African-American,1,F,0,0,0,0,0
41,25 - 45,Male,Caucasian,11,F,0,0,0,1,2
25,25 - 45,Male,African-American,1,F,0,0,0,0,0
44,25 - 45,Male,Hispanic,0,M,0,0,0,0,3
33,25 - 45,Male,African-American,0,F,0,0,0,0,2
20,Less than 25,Male,African-American,0,F,0,0,0,1,0
21,Less than 25,Male,African-American,1,F,0,0,0,1,0
44,25 - 45,Male,Caucasian,3,F,0,0,0,0,3
23,Less than 25,Male,African-American,1,F,0,0,1,1,0
35,25 - 45,Male,African-American,0,M,0,0,0,1,2
41,25 - 45,Female,African-American,0,M,0,0,0,0,2
30,25 - 45,Male,African-American,1,F,0,0,0,0,1
23,Less than 25,Female,Caucasian,0,M,0,0,0,0,0
36,25 - 45,Male,African-American,7,F,0,0,0,1,2
26,25 - 45,Male,African-American,1,F,0,0,0,1,1
32,25 - 45,Female,Hispanic,0,F,0,0,0,0,2
26,25 - 45,Male,Caucasian,2,F,0,0,0,0,1
23,Less than 25,Male,Caucasian,0,M,0,0,0,1,0
43,25 - 45,Female,African-American,9,M,0,0,1,0,3
30,25 - 45,Male,African-American,3,F,0,0,0,1,1
44,25 - 45,Male,Caucasian,1,F,0,0,0,1,3
37,25 - 45,Male,African-American,1,F,0,0,0,1,2
39,25 - 45,Male,Caucasian,1,F,0,0,0,0,2
37,25 - 45,Male,Hispanic,2,F,0,0,0,1,2
49,Greater than 45,Female,African-American,1,F,0,0,0,0,3
31,25 - 45,Male,African-American,6,F,0,0,0,1,1
63,Greater than 45,Male,Caucasian,5,M,0,0,0,0,3
66,Greater than 45,Female,African-American,11,F,0,0,0,1,3
19,Less than 25,Male,Hispanic,2,F,2,0,0,1,0
24,Less than 25,Male,Caucasian,3,F,0,0,2,0,0
21,Less than 25,Male,Caucasian,2,M,1,0,3,0,0
48,Greater than 45,Female,Caucasian,0,F,0,0,0,0,3
37,25 - 45,Male,African-American,0,F,0,0,0,0,2
21,Less than 25,Male,African-American,0,M,0,0,0,1,0
31,25 - 45,Male,Hispanic,1,F,0,0,0,1,1
20,Less than 25,Female,Other,0,M,0,0,0,0,0
64,Greater than 45,Female,Caucasian,0,M,0,0,0,0,3
22,Less than 25,Male,Caucasian,0,M,0,0,0,0,0
43,25 - 45,Male,Caucasian,8,F,0,0,0,0,3
25,25 - 45,Male,Caucasian,3,F,0,0,0,1,0
33,25 - 45,Male,Caucasian,10,F,0,0,0,0,2
26,25 - 45,Male,African-American,1,F,0,0,0,0,1
33,25 - 45,Female,Caucasian,1,M,0,0,0,0,2
25,25 - 45,Male,Caucasian,3,F,0,0,0,0,0
30,25 - 45,Female,African-American,3,M,0,0,0,0,1
20,Less than 25,Female,African-American,3,M,0,3,0,0,0
44,25 - 45,Male,African-American,0,F,0,0,0,0,3
31,25 - 45,Male,African-American,0,F,0,0,0,0,1
50,Greater than 45,Male,Caucasian,9,M,0,0,0,1,3
33,25 - 45,Male,African-American,16,F,0,2,2,1,2
50,Greater than 45,Female,Caucasian,1,M,0,0,0,0,3
31,25 - 45,Male,African-American,1,F,0,0,0,1,1
25,25 - 45,Female,Hispanic,0,M,0,0,0,0,0
43,25 - 45,Female,African-American,2,M,0,0,0,0,3
51,Greater than 45,Female,Caucasian,2,F,0,0,0,1,3
27,25 - 45,Male,African-American,0,M,0,0,0,1,1
34,25 - 45,Male,Other,2,M,0,0,0,0,2
44,25 - 45,Male,Other,0,F,0,0,0,0,3
31,25 - 45,Male,African-American,6,M,0,0,0,1,1
30,25 - 45,Male,Hispanic,14,F,0,1,0,1,1
26,25 - 45,Male,African-American,2,F,0,0,0,1,1
20,Less than 25,Male,African-American,4,F,2,2,0,1,0
41,25 - 45,Male,Hispanic,1,F,0,0,0,1,2
55,Greater than 45,Female,Hispanic,0,M,0,0,0,0,3
29,25 - 45,Male,African-American,6,F,3,0,0,0,1
31,25 - 45,Male,Other,0,M,0,0,0,0,1
31,25 - 45,Male,African-American,11,F,0,0,1,1,1
52,Greater than 45,Male,Other,0,F,0,0,0,0,3
59,Greater than 45,Male,Caucasian,0,M,0,0,0,0,3
49,Greater than 45,Male,African-American,1,M,0,0,0,1,3
36,25 - 45,Male,Caucasian,11,M,0,0,0,1,2
23,Less than 25,Female,African-American,1,F,0,0,0,0,0
46,Greater than 45,Male,Caucasian,26,F,0,0,0,1,3
59,Greater than 45,Male,Caucasian,2,M,0,0,0,1,3
51,Greater than 45,Male,Hispanic,1,F,0,0,0,0,3
34,25 - 45,Male,African-American,0,F,0,0,0,0,2
32,25 - 45,Male,Other,0,F,0,0,0,0,2
54,Greater than 45,Male,African-American,1,F,0,0,0,0,3
24,Less than 25,Male,African-American,3,F,0,1,0,1,0
35,25 - 45,Male,Caucasian,16,F,0,1,0,1,2
32,25 - 45,Male,Other,0,M,0,0,0,1,2
22,Less than 25,Male,Caucasian,0,F,0,0,0,1,0
36,25 - 45,Male,African-American,0,F,0,0,0,0,2
61,Greater than 45,Male,Caucasian,0,M,0,0,0,0,3
38,25 - 45,Female,African-American,0,M,0,0,0,0,2
41,25 - 45,Male,Hispanic,9,F,0,0,0,0,2
34,25 - 45,Male,Hispanic,2,M,0,0,0,1,2
32,25 - 45,Male,African-American,0,F,0,0,0,0,2
37,25 - 45,Male,Caucasian,1,F,0,0,0,1,2
46,Greater than 45,Male,African-American,18,F,0,0,0,0,3
21,Less than 25,Male,African-American,4,F,0,0,0,0,0
57,Greater than 45,Male,African-American,0,F,0,0,0,1,3
68,Greater than 45,Male,African-American,2,F,0,0,0,0,3
24,Less than 25,Male,African-American,0,M,0,0,0,0,0
46,Greater than 45,Male,African-American,3,F,0,0,0,1,3
41,25 - 45,Male,Caucasian,1,F,0,0,0,1,2
30,25 - 45,Male,Other,0,F,0,0,0,0,1
25,25 - 45,Male,African-American,8,F,0,0,2,1,0
24,Less than 25,Male,African-American,7,F,0,0,0,1,0
41,25 - 45,Male,African-American,1,F,0,0,0,0,2
55,Greater than 45,Male,Other,4,F,0,0,0,0,3
26,25 - 45,Male,Hispanic,1,F,0,0,0,0,1
39,25 - 45,Male,Hispanic,2,F,0,0,0,0,2
33,25 - 45,Male,Caucasian,1,F,0,0,0,0,2
23,Less than 25,Male,African-American,0,F,0,0,0,0,0
47,Greater than 45,Female,Caucasian,28,F,0,0,0,1,3
51,Greater than 45,Female,Caucasian,0,F,0,0,0,0,3
36,25 - 45,Male,Caucasian,1,M,0,0,0,0,2
57,Greater than 45,Male,Hispanic,0,M,0,0,0,0,3
43,25 - 45,Male,African-American,0,M,0,0,0,0,3
26,25 - 45,Male,African-American,4,F,0,0,0,1,1
47,Greater than 45,Male,Other,0,M,0,0,0,0,3
60,Greater than 45,Male,African-American,1,F,0,0,0,0,3
24,Less than 25,Male,African-American,0,M,0,0,0,1,0
20,Less than 25,Male,Caucasian,0,F,0,0,0,1,0
39,25 - 45,Male,Caucasian,3,M,0,1,0,1,2
28,25 - 45,Female,Caucasian,0,M,0,0,0,0,1
28,25 - 45,Male,African-American,7,F,0,2,0,1,1
58,Greater than 45,Male,Caucasian,2,M,0,0,0,1,3
67,Greater than 45,Male,Caucasian,2,F,0,0,0,0,3
54,Greater than 45,Male,Other,1,F,0,0,0,0,3
26,25 - 45,Female,African-American,1,F,0,0,0,0,1
24,Less than 25,Female,African-American,2,F,0,0,0,1,0
34,25 - 45,Female,Other,0,M,0,0,0,0,2
48,Greater than 45,Male,Other,1,F,0,0,0,0,3
37,25 - 45,Male,African-American,0,F,0,0,0,0,2
28,25 - 45,Male,African-American,8,F,0,0,0,1,1
46,Greater than 45,Male,Caucasian,14,F,0,0,0,1,3
45,Greater than 45,Male,Caucasian,2,M,0,0,0,0,3
20,Less than 25,Male,African-American,2,F,0,0,1,1,0
52,Greater than 45,Male,African-American,0,M,0,0,0,0,3
29,25 - 45,Male,African-American,0,M,0,0,0,0,1
34,25 - 45,Male,African-American,11,F,0,0,4,1,2
24,Less than 25,Male,African-American,0,F,0,0,0,1,0
28,25 - 45,Male,African-American,6,F,0,0,0,1,1
28,25 - 45,Male,African-American,2,F,0,0,0,1,1
29,25 - 45,Male,African-American,0,F,0,0,0,0,1
55,Greater than 45,Female,Caucasian,2,F,0,0,0,0,3
68,Greater than 45,Male,Hispanic,0,M,0,0,0,0,3
22,Less than 25,Male,Hispanic,0,F,0,0,0,1,0
24,Less than 25,Male,Caucasian,3,F,0,0,0,1,0
20,Less than 25,Male,African-American,0,F,0,0,0,0,0
23,Less than 25,Male,African-American,0,M,0,0,0,0,0
44,25 - 45,Male,African-American,6,F,0,0,0,1,3
34,25 - 45,Male,African-American,8,F,2,0,1,1,2
55,Greater than 45,Male,African-American,0,M,0,0,0,1,3
23,Less than 25,Female,African-American,0,F,0,0,0,1,0
23,Less than 25,Female,African-American,3,F,0,0,0,1,0
24,Less than 25,Male,Hispanic,0,F,0,0,0,0,0
77,Greater than 45,Male,African-American,0,M,0,0,0,0,3
52,Greater than 45,Male,Caucasian,3,M,0,0,0,0,3
34,25 - 45,Male,African-American,8,F,2,0,0,1,2
39,25 - 45,Male,Hispanic,0,F,0,0,0,0,2
30,25 - 45,Male,Caucasian,2,M,0,0,0,1,1
53,Greater than 45,Male,African-American,5,M,0,0,0,1,3
30,25 - 45,Male,African-American,3,M,0,0,0,1,1
26,25 - 45,Male,African-American,0,F,0,0,0,1,1
51,Greater than 45,Female,Caucasian,1,M,0,0,0,0,3
34,25 - 45,Male,African-American,2,F,0,0,0,0,2
23,Less than 25,Male,Caucasian,0,F,0,0,0,0,0
32,25 - 45,Male,Caucasian,2,F,0,0,0,0,2
38,25 - 45,Male,African-American,8,M,1,5,0,0,2
21,Less than 25,Male,African-American,0,F,0,0,0,1,0
34,25 - 45,Male,Hispanic,5,F,0,0,0,1,2
53,Greater than 45,Male,Caucasian,8,M,0,0,0,1,3
34,25 - 45,Male,Caucasian,1,F,0,0,0,0,2
28,25 - 45,Male,Hispanic,1,M,0,0,0,0,1
25,25 - 45,Male,Caucasian,5,F,0,0,0,1,0
54,Greater than 45,Male,African-American,1,M,0,0,0,0,3
25,25 - 45,Male,Caucasian,2,M,0,0,0,1,0
25,25 - 45,Male,Other,3,F,0,0,0,1,0
34,25 - 45,Male,Hispanic,1,M,0,0,0,0,2
46,Greater than 45,Male,Other,0,F,0,0,0,1,3
22,Less than 25,Male,African-American,0,F,0,0,1,1,0
23,Less than 25,Female,African-American,2,F,0,0,0,1,0
27,25 - 45,Male,Caucasian,1,M,0,0,0,1,1
45,Greater than 45,Male,African-American,7,F,0,0,0,0,3
46,Greater than 45,Male,Hispanic,12,F,0,0,0,1,3
31,25 - 45,Female,Caucasian,9,F,0,0,0,1,1
45,Greater than 45,Male,Caucasian,1,M,0,0,0,0,3
28,25 - 45,Male,African-American,12,F,1,0,0,0,1
24,Less than 25,Male,African-American,1,F,0,0,1,1,0
28,25 - 45,Female,Caucasian,6,M,0,0,0,1,1
41,25 - 45,Male,African-American,2,F,0,0,0,0,2
35,25 - 45,Male,African-American,3,M,0,0,2,1,2
20,Less than 25,Male,African-American,1,F,1,0,0,1,0
32,25 - 45,Male,African-American,19,F,0,3,0,1,2
28,25 - 45,Male,African-American,2,F,0,0,0,0,1
33,25 - 45,Male,African-American,7,F,0,0,0,1,2
26,25 - 45,Male,African-American,8,F,0,1,1,1,1
22,Less than 25,Male,African-American,1,M,0,0,0,1,0
25,25 - 45,Female,African-American,4,F,0,0,0,0,0
21,Less than 25,Male,Hispanic,0,F,0,0,2,1,0
23,Less than 25,Female,Caucasian,1,M,0,0,2,0,0
30,25 - 45,Male,African-American,2,F,0,0,0,1,1
69,Greater than 45,Male,Caucasian,6,M,0,0,0,1,3
25,25 - 45,Male,African-American,11,M,0,0,0,1,0
56,Greater than 45,Female,African-American,2,F,0,0,0,0,3
27,25 - 45,Male,Hispanic,0,M,0,0,0,1,1
33,25 - 45,Male,African-American,3,F,0,0,0,1,2
35,25 - 45,Male,Caucasian,3,M,0,0,0,0,2
34,25 - 45,Male,Caucasian,13,F,0,0,0,1,2
37,25 - 45,Male,African-American,2,F,0,0,0,1,2
55,Greater than 45,Female,Caucasian,0,F,0,0,0,1,3
43,25 - 45,Male,Caucasian,1,M,0,0,0,0,3
27,25 - 45,Male,African-American,27,M,0,5,1,1,1
26,25 - 45,Male,African-American,7,F,0,0,0,0,1
42,25 - 45,Female,Caucasian,4,M,0,0,0,1,2
27,25 - 45,Male,Hispanic,0,M,0,0,0,0,1
41,25 - 45,Male,Caucasian,1,F,0,0,0,0,2
21,Less than 25,Male,African-American,2,M,0,1,0,1,0
30,25 - 45,Male,African-American,4,M,0,0,0,1,1
30,25 - 45,Male,Caucasian,1,F,0,0,0,0,1
45,Greater than 45,Female,Caucasian,0,F,0,0,0,1,3
23,Less than 25,Male,African-American,2,F,0,0,0,1,0
31,25 - 45,Female,African-American,2,F,0,0,0,1,1
40,25 - 45,Male,African-American,8,M,0,0,0,1,2
33,25 - 45,Male,African-American,1,F,0,0,0,0,2
40,25 - 45,Male,African-American,11,M,0,0,0,1,2
56,Greater than 45,Male,Caucasian,1,F,0,0,0,0,3
21,Less than 25,Male,African-American,0,M,0,0,0,1,0
22,Less than 25,Male,Caucasian,1,F,0,0,0,0,0
51,Greater than 45,Male,African-American,4,F,0,0,0,0,3
36,25 - 45,Male,Caucasian,0,M,0,0,0,0,2
25,25 - 45,Male,Hispanic,3,F,0,0,0,1,0
30,25 - 45,Male,Caucasian,0,M,0,0,0,0,1
21,Less than 25,Female,Caucasian,0,F,0,0,0,0,0
25,25 - 45,Male,Hispanic,2,F,0,1,1,1,0
38,25 - 45,Male,Hispanic,0,F,0,0,0,0,2
28,25 - 45,Male,Caucasian,3,M,0,0,0,1,1
41,25 - 45,Male,African-American,3,M,0,0,0,1,2
22,Less than 25,Female,Caucasian,0,F,0,0,0,1,0
29,25 - 45,Male,Other,8,F,0,0,0,1,1
21,Less than 25,Male,Hispanic,0,F,0,0,0,1,0
40,25 - 45,Female,African-American,2,F,0,0,0,0,2
47,Greater than 45,Male,African-American,12,F,0,0,0,1,3
37,25 - 45,Male,African-American,2,F,0,0,0,0,2
37,25 - 45,Female,African-American,0,F,0,0,0,0,2
23,Less than 25,Female,African-American,2,F,0,0,0,1,0
55,Greater than 45,Male,Hispanic,0,F,0,0,0,0,3
19,Less than 25,Male,African-American,1,F,0,0,0,1,0
26,25 - 45,Male,Caucasian,1,F,0,0,0,1,1
25,25 - 45,Male,African-American,4,F,0,0,0,1,0
25,25 - 45,Male,African-American,0,M,0,0,0,0,0
48,Greater than 45,Male,Caucasian,3,F,0,0,0,0,3
39,25 - 45,Male,Caucasian,17,F,0,0,0,1,2
36,25 - 45,Male,Caucasian,0,F,0,0,0,1,2
26,25 - 45,Male,African-American,6,M,0,0,0,0,1
51,Greater than 45,Male,African-American,8,M,0,0,0,1,3
20,Less than 25,Male,African-American,0,F,0,0,0,0,0
43,25 - 45,Female,Caucasian,0,M,0,0,0,0,3
22,Less than 25,Male,African-American,0,F,0,0,0,1,0
24,Less than 25,Female,Caucasian,0,M,0,0,0,1,0
35,25 - 45,Male,African-American,2,F,0,0,0,0,2
57,Greater than 45,Male,African-American,12,F,0,0,0,1,3
25,25 - 45,Male,Caucasian,6,M,0,0,0,1,0
55,Greater than 45,Male,Caucasian,0,M,0,0,0,0,3
52,Greater than 45,Female,African-American,0,M,0,0,0,0,3
33,25 - 45,Female,African-American,0,M,0,0,0,0,2
30,25 - 45,Male,Other,0,F,0,0,0,0,1
32,25 - 45,Male,African-American,3,F,0,0,0,1,2
20,Less than 25,Male,African-American,5,F,1,2,0,1,0
67,Greater than 45,Male,African-American,8,F,0,0,0,0,3
31,25 - 45,Male,African-American,7,M,0,0,0,0,1
21,Less than 25,Male,Caucasian,0,F,0,0,0,1,0
30,25 - 45,Male,African-American,4,M,0,0,0,0,1
55,Greater than 45,Male,Caucasian,0,M,0,0,0,0,3
25,25 - 45,Male,African-American,0,F,0,0,0,0,0
25,25 - 45,Male,African-American,0,F,0,0,0,0,0
47,Greater than 45,Male,African-American,17,F,0,0,0,0,3
27,25 - 45,Male,African-American,10,F,0,0,0,1,1
22,Less than 25,Male,African-American,0,F,0,0,0,0,0
37,25 - 45,Male,African-American,8,F,0,0,0,0,2
68,Greater than 45,Male,Caucasian,7,F,0,0,0,1,3
37,25 - 45,Male,Caucasian,0,F,0,0,0,0,2
42,25 - 45,Female,African-American,1,F,0,0,0,0,2
22,Less than 25,Male,Caucasian,5,M,0,0,0,1,0
30,25 - 45,Male,African-American,4,M,0,0,0,0,1
34,25 - 45,Male,African-American,1,M,0,0,0,0,2
28,25 - 45,Male,Other,0,M,0,0,0,0,1
37,25 - 45,Male,Caucasian,4,M,0,0,0,1,2
41,25 - 45,Female,African-American,8,F,0,0,0,1,2
52,Greater than 45,Male,Hispanic,0,M,0,0,0,0,3
36,25 - 45,Male,Caucasian,2,M,0,0,0,0,2
26,25 - 45,Male,Caucasian,2,F,0,0,0,0,1
24,Less than 25,Male,Caucasian,0,F,0,0,0,0,0
27,25 - 45,Male,African-American,0,F,0,0,0,0,1
37,25 - 45,Female,Caucasian,0,M,0,0,0,0,2
31,25 - 45,Male,African-American,1,F,0,0,0,0,1
37,25 - 45,Male,Hispanic,1,F,0,0,0,0,2
23,Less than 25,Male,African-American,3,F,0,0,0,1,0
58,Greater than 45,Male,Caucasian,5,M,0,0,0,0,3
62,Greater than 45,Female,Caucasian,1,M,0,0,0,1,3
41,25 - 45,Female,African-American,0,F,0,0,0,0,2
33,25 - 45,Male,Hispanic,0,M,0,0,0,0,2
33,25 - 45,Male,African-American,0,M,0,0,0,0,2
33,25 - 45,Male,African-American,12,F,4,0,0,1,2
41,25 - 45,Male,African-American,14,F,0,0,0,1,2
22,Less than 25,Male,Hispanic,0,F,0,0,0,0,0
26,25 - 45,Male,Caucasian,3,F,0,0,0,1,1
33,25 - 45,Female,Caucasian,0,F,0,0,0,0,2
25,25 - 45,Male,African-American,0,M,0,0,0,0,0
37,25 - 45,Male,African-American,0,M,0,0,0,1,2
23,Less than 25,Male,Caucasian,11,F,8,2,0,1,0
37,25 - 45,Male,Caucasian,8,F,0,0,0,1,2
21,Less than 25,Male,African-American,0,M,0,0,0,0,0
45,Greater than 45,Male,Caucasian,21,F,0,0,0,1,3
37,25 - 45,Male,Caucasian,13,F,1,6,0,0,2
24,Less than 25,Male,African-American,2,M,0,0,0,0,0
35,25 - 45,Male,African-American,0,F,0,0,0,0,2
22,Less than 25,Female,African-American,0,F,0,0,0,1,0
29,25 - 45,Male,Caucasian,10,F,4,1,0,1,1
41,25 - 45,Male,African-American,6,F,2,0,0,1,2
22,Less than 25,Male,African-American,3,F,0,0,0,1,0
34,25 - 45,Male,African-American,5,M,2,1,0,0,2
55,Greater than 45,Male,Caucasian,18,F,0,0,0,1,3
40,25 - 45,Female,Caucasian,3,F,0,0,0,1,2
37,25 - 45,Male,Hispanic,8,F,0,0,0,1,2
51,Greater than 45,Male,African-American,19,F,1,0,0,1,3
26,25 - 45,Female,African-American,1,F,0,0,0,1,1
46,Greater than 45,Male,African-American,2,M,0,0,0,0,3
41,25 - 45,Male,Caucasian,0,F,0,0,0,0,2
31,25 - 45,Male,Caucasian,9,F,0,0,3,1,1
25,25 - 45,Male,African-American,2,F,0,0,0,0,0
27,25 - 45,Male,African-American,1,M,0,0,0,0,1
31,25 - 45,Male,African-American,13,F,1,1,1,1,1
23,Less than 25,Male,Caucasian,0,M,0,0,0,0,0
52,Greater than 45,Male,African-American,7,M,0,0,0,1,3
29,25 - 45,Male,African-American,6,F,0,0,0,1,1
40,25 - 45,Male,Caucasian,10,F,0,0,0,1,2
49,Greater than 45,Female,Caucasian,0,F,0,0,0,0,3
49,Greater than 45,Male,Caucasian,8,F,0,0,0,0,3
24,Less than 25,Male,African-American,3,F,0,0,0,1,0
41,25 - 45,Male,African-American,7,M,0,0,0,0,2
27,25 - 45,Female,African-American,3,M,0,0,0,1,1
40,25 - 45,Male,African-American,1,F,0,0,0,1,2
47,Greater than 45,Male,Caucasian,0,M,0,0,0,1,3
20,Less than 25,Female,Caucasian,0,F,0,0,0,1,0
21,Less than 25,Male,African-American,2,M,0,0,0,1,0
44,25 - 45,Male,African-American,8,M,0,0,0,1,3
41,25 - 45,Male,Caucasian,0,M,0,0,0,0,2
31,25 - 45,Male,African-American,5,M,0,1,0,1,1
42,25 - 45,Male,Hispanic,1,M,0,0,0,0,2
67,Greater than 45,Female,African-American,0,F,0,0,0,0,3
42,25 - 45,Male,Caucasian,1,M,0,0,0,0,2
25,25 - 45,Male,African-American,0,F,0,0,0,0,0
27,25 - 45,Male,Hispanic,6,F,0,0,1,1,1
43,25 - 45,Male,Other,2,M,0,0,0,0,3
23,Less than 25,Male,Caucasian,6,F,0,0,0,1,0
27,25 - 45,Male,African-American,13,F,0,0,1,1,1
23,Less than 25,Male,African-American,2,F,0,1,0,0,0
33,25 - 45,Male,Caucasian,2,F,0,0,0,0,2
41,25 - 45,Male,Caucasian,0,M,0,0,0,0,2
31,25 - 45,Female,Caucasian,1,F,0,0,0,0,1
23,Less than 25,Female,African-American,2,M,0,0,0,1,0
21,Less than 25,Male,African-American,2,F,0,0,0,1,0
53,Greater than 45,Male,African-American,5,F,0,0,0,0,3
36,25 - 45,Male,African-American,1,M,0,0,0,0,2
58,Greater than 45,Male,Caucasian,10,M,0,0,0,0,3
62,Greater than 45,Male,Caucasian,0,F,0,0,0,0,3
25,25 - 45,Male,Caucasian,4,F,0,0,0,0,0
51,Greater than 45,Male,African-American,15,F,0,0,0,1,3
46,Greater than 45,Male,Caucasian,2,F,0,0,0,0,3
28,25 - 45,Male,African-American,4,M,0,0,0,1,1
24,Less than 25,Male,Caucasian,2,F,0,0,0,1,0
32,25 - 45,Male,Caucasian,6,F,0,0,0,0,2
56,Greater than 45,Male,Caucasian,13,M,0,0,0,0,3
23,Less than 25,Male,African-American,2,F,1,0,0,1,0
25,25 - 45,Male,African-American,1,F,0,0,0,0,0
26,25 - 45,Male,African-American,2,F,0,0,0,0,1
58,Greater than 45,Female,Caucasian,0,M,0,0,0,0,3
33,25 - 45,Male,Caucasian,3,F,0,0,0,1,2
59,Greater than 45,Male,African-American,8,F,0,0,0,1,3
44,25 - 45,Male,Caucasian,5,F,0,0,0,0,3
20,Less than 25,Male,African-American,0,F,0,0,0,1,0
57,Greater than 45,Male,Caucasian,0,M,0,0,0,1,3
37,25 - 45,Male,Caucasian,1,F,0,0,0,1,2
43,25 - 45,Male,African-American,0,F,0,0,0,1,3
36,25 - 45,Female,African-American,1,M,0,0,0,0,2
59,Greater than 45,Male,Caucasian,0,M,0,0,0,0,3
35,25 - 45,Male,Caucasian,4,F,0,0,0,1,2
29,25 - 45,Male,African-American,5,F,0,0,0,1,1
21,Less than 25,Female,African-American,0,M,0,0,0,0,0
28,25 - 45,Male,Caucasian,0,M,0,0,0,0,1
34,25 - 45,Male,African-American,5,M,0,0,0,1,2
42,25 - 45,Female,African-American,16,F,0,0,0,0,2
21,Less than 25,Male,African-American,3,F,0,2,1,1,0
69,Greater than 45,Male,African-American,1,F,0,0,0,1,3
49,Greater than 45,Female,Caucasian,1,M,0,0,0,0,3
24,Less than 25,Female,Caucasian,0,M,0,0,0,0,0
27,25 - 45,Male,African-American,4,F,0,0,0,1,1
55,Greater than 45,Female,African-American,1,M,0,0,0,0,3
19,Less than 25,Male,African-American,3,F,1,2,0,1,0
24,Less than 25,Male,African-American,7,M,2,0,0,1,0
39,25 - 45,Male,Other,1,M,0,0,0,0,2
21,Less than 25,Male,Caucasian,1,F,0,0,0,0,0
28,25 - 45,Male,Caucasian,0,F,0,0,0,1,1
34,25 - 45,Male,African-American,4,M,0,0,0,0,2
27,25 - 45,Male,African-American,2,F,0,0,0,0,1
37,25 - 45,Male,African-American,12,M,3,0,0,0,2
40,25 - 45,Male,African-American,1,F,0,0,0,0,2
36,25 - 45,Female,Caucasian,4,F,0,0,0,1,2
23,Less than 25,Male,Caucasian,0,F,0,0,0,0,0
34,25 - 45,Male,African-American,19,F,0,0,0,1,2
27,25 - 45,Male,African-American,5,F,0,0,1,1,1
50,Greater than 45,Male,African-American,1,F,0,0,0,0,3
22,Less than 25,Male,African-American,1,F,0,1,2,0,0
43,25 - 45,Male,African-American,1,F,0,0,0,1,3
29,25 - 45,Male,Caucasian,0,M,0,0,0,1,1
50,Greater than 45,Female,Hispanic,1,F,0,0,0,1,3
61,Greater than 45,Male,Caucasian,1,F,0,0,0,1,3
34,25 - 45,Male,African-American,1,F,0,0,0,0,2
56,Greater than 45,Male,African-American,1,F,0,0,0,0,3
31,25 - 45,Male,African-American,16,F,3,0,0,1,1
21,Less than 25,Male,Caucasian,0,F,0,0,0,0,0
23,Less than 25,Male,African-American,1,F,0,0,1,1,0
45,Greater than 45,Male,Other,1,F,0,0,0,0,3
24,Less than 25,Male,African-American,1,M,0,0,0,1,0
30,25 - 45,Male,African-American,1,F,0,0,0,0,1
32,25 - 45,Male,African-American,17,F,0,6,5,1,2
61,Greater than 45,Male,Caucasian,0,M,0,0,0,0,3
27,25 - 45,Male,Caucasian,3,M,0,0,0,0,1
27,25 - 45,Female,African-American,2,M,0,0,0,0,1
41,25 - 45,Male,Hispanic,2,M,0,0,0,0,2
60,Greater than 45,Male,Caucasian,0,M,0,0,0,0,3
23,Less than 25,Male,African-American,1,M,0,0,0,0,0
40,25 - 45,Male,Caucasian,0,M,0,0,0,0,2
30,25 - 45,Male,Caucasian,0,F,0,0,0,0,1
20,Less than 25,Female,Caucasian,1,F,0,0,0,0,0
20,Less than 25,Female,African-American,0,F,0,0,0,0,0
48,Greater than 45,Male,Asian,0,F,0,0,0,0,3
24,Less than 25,Male,African-American,0,M,0,0,0,1,0
30,25 - 45,Male,African-American,5,M,0,0,0,0,1
20,Less than 25,Female,African-American,0,M,0,0,0,1,0
25,25 - 45,Male,African-American,0,M,0,0,0,0,0
38,25 - 45,Male,Caucasian,0,M,0,0,0,0,2
29,25 - 45,Male,African-American,0,F,0,0,0,1,1
38,25 - 45,Female,Caucasian,1,M,0,0,0,1,2
27,25 - 45,Male,African-American,1,F,0,0,0,0,1
21,Less than 25,Male,Caucasian,0,M,0,0,0,1,0
24,Less than 25,Male,African-American,1,F,0,0,0,0,0
53,Greater than 45,Male,Caucasian,3,F,0,0,0,1,3
36,25 - 45,Male,Caucasian,4,F,0,0,0,1,2
64,Greater than 45,Male,African-American,8,M,0,0,0,1,3
23,Less than 25,Male,African-American,0,M,0,0,0,1,0
26,25 - 45,Male,Caucasian,3,M,0,0,0,0,1
48,Greater than 45,Male,Caucasian,0,F,0,0,0,0,3
27,25 - 45,Male,Other,6,F,0,0,0,1,1
21,Less than 25,Male,African-American,0,F,0,0,0,0,0
20,Less than 25,Male,African-American,0,F,0,0,0,1,0
37,25 - 45,Male,African-American,17,M,0,0,0,0,2
51,Greater than 45,Male,Caucasian,8,F,0,0,0,1,3
47,Greater than 45,Male,Caucasian,2,F,0,0,0,1,3
29,25 - 45,Male,Caucasian,2,M,0,0,0,1,1
27,25 - 45,Male,African-American,2,F,0,0,1,1,1
45,Greater than 45,Male,African-American,16,F,1,0,0,0,3
41,25 - 45,Male,Caucasian,0,F,0,0,0,1,2
31,25 - 45,Male,Caucasian,3,M,0,0,0,1,1
28,25 - 45,Male,Asian,9,F,0,0,0,0,1
29,25 - 45,Female,African-American,1,F,0,0,0,0,1
39,25 - 45,Male,Caucasian,1,F,0,0,0,0,2
33,25 - 45,Male,Caucasian,0,F,0,0,0,0,2
21,Less than 25,Female,African-American,1,F,0,1,0,1,0
48,Greater than 45,Male,Asian,0,M,0,0,0,0,3
27,25 - 45,Male,African-American,3,M,0,0,0,0,1
24,Less than 25,Male,Hispanic,0,F,0,0,0,0,0
24,Less than 25,Female,Caucasian,0,M,0,0,0,0,0
29,25 - 45,Male,African-American,3,M,0,0,0,1,1
33,25 - 45,Male,Hispanic,3,F,0,0,0,0,2
21,Less than 25,Male,Caucasian,0,F,0,0,0,1,0
31,25 - 45,Female,Caucasian,14,F,0,0,2,0,1
32,25 - 45,Male,Hispanic,1,F,0,0,0,0,2
62,Greater than 45,Male,Caucasian,0,M,0,0,0,0,3
39,25 - 45,Male,Caucasian,3,F,0,0,0,1,2
56,Greater than 45,Male,Caucasian,2,M,0,0,0,0,3
28,25 - 45,Male,African-American,6,F,0,0,0,0,1
26,25 - 45,Female,African-American,6,F,0,0,0,1,1
24,Less than 25,Male,African-American,5,F,0,0,0,1,0
51,Greater than 45,Male,Hispanic,0,M,0,0,0,0,3
51,Greater than 45,Male,Hispanic,1,F,0,0,0,0,3
28,25 - 45,Male,African-American,7,F,0,0,1,0,1
36,25 - 45,Female,African-American,1,M,0,0,0,0,2
39,25 - 45,Male,Hispanic,0,F,0,0,0,0,2
38,25 - 45,Female,Caucasian,0,M,0,0,0,0,2
23,Less than 25,Male,African-American,1,F,0,0,0,0,0
28,25 - 45,Male,Caucasian,5,M,0,0,0,1,1
29,25 - 45,Female,Caucasian,7,F,0,0,0,1,1
20,Less than 25,Male,African-American,6,F,4,2,1,1,0
38,25 - 45,Female,Other,0,F,0,0,0,0,2
29,25 - 45,Male,African-American,0,M,0,0,0,0,1
34,25 - 45,Female,Asian,1,F,0,0,0,0,2
29,25 - 45,Male,African-American,11,F,0,0,0,1,1
34,25 - 45,Male,African-American,8,M,0,0,0,0,2
26,25 - 45,Male,African-American,6,F,0,0,0,1,1
58,Greater than 45,Male,African-American,0,F,0,0,0,0,3
37,25 - 45,Male,Hispanic,6,F,0,0,0,1,2
23,Less than 25,Male,African-American,1,F,0,0,0,0,0
48,Greater than 45,Male,Caucasian,0,M,0,0,0,1,3
61,Greater than 45,Male,African-American,9,F,0,0,0,0,3
30,25 - 45,Male,African-American,1,F,0,0,0,1,1
44,25 - 45,Male,African-American,0,F,0,0,0,0,3
26,25 - 45,Male,African-American,3,F,0,0,0,0,1
46,Greater than 45,Male,African-American,3,F,0,0,0,1,3
36,25 - 45,Male,Caucasian,5,F,0,0,0,0,2
29,25 - 45,Female,African-American,11,F,0,1,0,1,1
23,Less than 25,Female,Other,0,M,0,0,0,0,0
53,Greater than 45,Male,African-American,3,F,0,0,0,1,3
33,25 - 45,Male,Other,5,F,0,0,0,0,2
35,25 - 45,Male,African-American,8,M,0,0,0,0,2
39,25 - 45,Female,Caucasian,3,F,0,0,0,0,2
21,Less than 25,Male,Hispanic,1,F,1,0,0,1,0
26,25 - 45,Female,Caucasian,2,F,0,0,0,1,1
26,25 - 45,Male,African-American,10,F,1,0,0,1,1
28,25 - 45,Male,African-American,8,M,0,0,0,1,1
21,Less than 25,Female,Caucasian,3,M,0,3,1,1,0
37,25 - 45,Male,African-American,8,F,0,0,0,0,2
29,25 - 45,Male,Caucasian,1,F,0,0,0,0,1
22,Less than 25,Male,African-American,12,F,1,0,0,1,0
59,Greater than 45,Male,African-American,4,M,0,0,0,0,3
28,25 - 45,Male,African-American,12,F,0,8,2,1,1
56,Greater than 45,Female,Caucasian,0,M,0,0,0,0,3
32,25 - 45,Female,Caucasian,2,M,0,0,0,0,2
30,25 - 45,Male,Caucasian,0,F,0,0,0,0,1
27,25 - 45,Male,African-American,2,F,0,0,0,0,1
29,25 - 45,Male,Other,0,F,0,0,0,0,1
24,Less than 25,Male,African-American,1,F,0,0,0,0,0
27,25 - 45,Female,Caucasian,6,F,0,0,0,0,1
43,25 - 45,Male,African-American,15,M,0,0,0,1,3
53,Greater than 45,Female,African-American,5,F,0,0,0,0,3
27,25 - 45,Male,African-American,6,F,1,0,0,1,1
26,25 - 45,Male,African-American,6,M,0,1,0,0,1
24,Less than 25,Female,Caucasian,1,F,0,0,0,0,0
30,25 - 45,Male,African-American,0,F,0,0,0,0,1
56,Greater than 45,Male,Other,6,F,0,0,0,1,3
26,25 - 45,Male,African-American,4,F,0,0,0,0,1
24,Less than 25,Male,African-American,3,M,2,1,0,1,0
30,25 - 45,Male,Hispanic,6,M,0,0,0,1,1
37,25 - 45,Male,Hispanic,4,F,0,0,0,0,2
54,Greater than 45,Male,African-American,4,F,0,0,0,0,3
23,Less than 25,Male,Hispanic,0,F,0,0,0,1,0
25,25 - 45,Male,Other,1,F,0,0,0,1,0
48,Greater than 45,Female,African-American,18,F,0,0,3,1,3
36,25 - 45,Female,African-American,13,F,0,0,0,1,2
21,Less than 25,Male,African-American,1,F,0,0,0,1,0
26,25 - 45,Male,Caucasian,10,F,0,0,0,1,1
26,25 - 45,Male,Caucasian,10,M,0,0,3,1,1
45,Greater than 45,Male,Caucasian,0,F,0,0,0,0,3
47,Greater than 45,Male,Caucasian,1,M,0,0,0,0,3
30,25 - 45,Male,Hispanic,7,F,0,0,0,1,1
41,25 - 45,Male,African-American,14,M,2,0,1,1,2
50,Greater than 45,Male,Caucasian,1,F,0,0,0,0,3
57,Greater than 45,Male,Caucasian,3,M,0,0,0,0,3
31,25 - 45,Male,African-American,2,F,0,0,0,0,1
21,Less than 25,Male,African-American,0,F,0,0,0,1,0
28,25 - 45,Female,African-American,1,M,1,0,0,1,1
29,25 - 45,Male,Caucasian,9,F,1,0,1,1,1
28,25 - 45,Male,African-American,2,F,0,0,0,0,1
25,25 - 45,Female,Caucasian,1,M,0,0,0,1,0
22,Less than 25,Male,African-American,0,F,0,0,0,1,0
21,Less than 25,Female,African-American,0,F,0,0,0,0,0
48,Greater than 45,Male,Caucasian,0,F,0,0,0,1,3
25,25 - 45,Male,African-American,4,F,0,0,1,1,0
37,25 - 45,Male,African-American,7,F,0,0,0,0,2
31,25 - 45,Male,Caucasian,5,F,0,0,0,1,1
56,Greater than 45,Male,Other,0,M,0,0,0,0,3
24,Less than 25,Male,African-American,0,M,0,0,0,0,0
30,25 - 45,Male,African-American,15,F,0,0,0,1,1
47,Greater than 45,Male,Caucasian,5,M,0,0,0,0,3
66,Greater than 45,Male,Caucasian,2,M,0,0,0,0,3
51,Greater than 45,Male,African-American,21,F,0,0,0,1,3
64,Greater than 45,Male,Caucasian,8,F,0,0,0,1,3
76,Greater than 45,Male,Asian,0,F,0,0,0,0,3
28,25 - 45,Female,Caucasian,3,F,0,0,0,1,1
35,25 - 45,Male,African-American,1,M,0,0,0,0,2
44,25 - 45,Male,Other,6,F,0,0,0,1,3
39,25 - 45,Female,African-American,3,F,0,0,0,0,2
38,25 - 45,Male,Hispanic,7,F,1,0,1,1,2
24,Less than 25,Male,African-American,0,F,0,0,0,0,0
27,25 - 45,Male,Caucasian,4,F,0,0,0,0,1
36,25 - 45,Male,Caucasian,0,F,0,0,0,0,2
20,Less than 25,Male,Hispanic,0,F,0,0,0,1,0
21,Less than 25,Male,African-American,0,F,0,0,1,1,0
27,25 - 45,Male,African-American,7,F,0,0,0,1,1
28,25 - 45,Male,African-American,18,F,0,1,0,1,1
52,Greater than 45,Male,Hispanic,0,M,0,0,0,1,3
39,25 - 45,Male,Caucasian,16,F,0,0,0,1,2
19,Less than 25,Male,African-American,0,F,0,0,0,1,0
46,Greater than 45,Male,Caucasian,1,F,0,0,0,0,3
40,25 - 45,Male,African-American,2,F,0,0,0,0,2
30,25 - 45,Male,Caucasian,5,F,0,0,0,1,1
28,25 - 45,Male,Caucasian,0,F,0,0,0,1,1
27,25 - 45,Male,Caucasian,0,M,0,0,0,0,1
23,Less than 25,Male,Hispanic,3,F,0,0,0,1,0
33,25 - 45,Male,African-American,8,F,2,0,0,1,2
25,25 - 45,Male,African-American,7,F,0,0,0,0,0
25,25 - 45,Male,African-American,3,F,0,0,0,1,0
33,25 - 45,Male,Caucasian,4,F,0,0,0,0,2
24,Less than 25,Female,African-American,0,F,0,0,0,0,0
44,25 - 45,Male,Caucasian,0,F,0,0,0,0,3
44,25 - 45,Male,African-American,0,F,0,0,0,0,3
23,Less than 25,Female,African-American,0,M,0,0,0,0,0
31,25 - 45,Female,Caucasian,2,F,0,0,1,1,1
27,25 - 45,Male,African-American,0,F,0,0,1,0,1
26,25 - 45,Female,Caucasian,1,F,0,0,0,1,1
57,Greater than 45,Male,African-American,16,M,0,0,0,1,3
55,Greater than 45,Male,Caucasian,0,F,0,0,0,0,3
67,Greater than 45,Male,Hispanic,0,M,0,0,0,1,3
36,25 - 45,Female,Caucasian,7,F,0,0,0,1,2
45,Greater than 45,Male,Hispanic,6,F,0,0,0,0,3
30,25 - 45,Male,African-American,18,M,0,0,0,1,1
34,25 - 45,Male,African-American,0,F,0,0,0,1,2
24,Less than 25,Male,African-American,1,F,0,0,0,0,0
21,Less than 25,Male,Other,0,F,0,0,0,1,0
42,25 - 45,Male,African-American,7,F,0,0,0,0,2
34,25 - 45,Female,Caucasian,12,F,0,0,0,1,2
30,25 - 45,Male,Hispanic,3,M,0,0,0,0,1
40,25 - 45,Male,Caucasian,6,F,0,0,0,0,2
24,Less than 25,Male,Hispanic,1,F,0,0,0,0,0
24,Less than 25,Male,Asian,4,F,0,0,0,1,0
30,25 - 45,Male,Other,13,F,0,0,0,1,1
30,25 - 45,Male,African-American,4,F,0,0,0,0,1
31,25 - 45,Male,Caucasian,3,M,0,0,0,1,1
33,25 - 45,Male,Caucasian,2,F,0,0,0,1,2
27,25 - 45,Male,Caucasian,1,M,0,0,0,0,1
22,Less than 25,Male,Hispanic,0,F,0,0,1,1,0
37,25 - 45,Male,African-American,3,M,0,0,0,0,2
25,25 - 45,Male,African-American,1,F,0,0,0,0,0
45,Greater than 45,Male,Caucasian,2,F,0,0,0,0,3
22,Less than 25,Male,Hispanic,1,F,0,0,0,1,0
31,25 - 45,Male,Caucasian,1,F,0,0,0,0,1
23,Less than 25,Male,African-American,0,F,0,0,0,0,0
21,Less than 25,Male,African-American,0,F,0,0,0,0,0
28,25 - 45,Male,African-American,6,M,0,0,0,1,1
35,25 - 45,Male,African-American,0,F,0,0,0,0,2
29,25 - 45,Male,African-American,4,F,0,1,1,1,1
23,Less than 25,Male,African-American,2,F,0,0,0,1,0
28,25 - 45,Male,African-American,7,F,0,0,0,1,1
34,25 - 45,Female,Caucasian,0,M,0,0,0,1,2
32,25 - 45,Female,Caucasian,5,F,0,0,0,0,2
52,Greater than 45,Male,Caucasian,2,M,0,0,0,0,3
25,25 - 45,Male,African-American,2,F,0,0,0,0,0
34,25 - 45,Male,Caucasian,15,F,0,1,0,0,2
47,Greater than 45,Male,African-American,4,F,0,0,0,1,3
50,Greater than 45,Male,African-American,9,F,0,0,0,0,3
30,25 - 45,Female,African-American,4,F,0,0,0,0,1
22,Less than 25,Male,Caucasian,0,M,0,0,0,1,0
53,Greater than 45,Male,Caucasian,1,M,0,0,0,1,3
47,Greater than 45,Female,African-American,7,F,0,0,0,1,3
37,25 - 45,Male,Caucasian,3,F,0,0,0,0,2
37,25 - 45,Male,African-American,8,M,0,0,0,0,2
26,25 - 45,Male,African-American,7,F,0,0,0,1,1
31,25 - 45,Female,Caucasian,0,M,0,0,0,0,1
20,Less than 25,Male,Caucasian,0,F,0,0,3,1,0
22,Less than 25,Male,African-American,0,F,0,0,0,1,0
33,25 - 45,Male,African-American,14,F,0,0,1,1,2
30,25 - 45,Male,African-American,1,M,0,0,0,0,1
27,25 - 45,Male,Caucasian,5,F,0,0,0,1,1
24,Less than 25,Male,African-American,2,M,0,0,0,1,0
20,Less than 25,Female,Other,1,M,0,0,0,0,0
29,25 - 45,Male,African-American,0,M,0,0,0,0,1
24,Less than 25,Male,Caucasian,0,F,0,0,0,0,0
44,25 - 45,Male,African-American,29,F,0,0,0,1,3
46,Greater than 45,Female,Caucasian,1,M,0,0,0,1,3
36,25 - 45,Female,African-American,1,F,0,0,0,0,2
23,Less than 25,Male,African-American,0,M,0,0,0,1,0
21,Less than 25,Male,African-American,1,F,0,0,1,1,0
29,25 - 45,Male,African-American,6,F,0,0,0,1,1
25,25 - 45,Male,Hispanic,10,F,1,4,0,1,0
22,Less than 25,Female,Hispanic,1,F,0,0,0,0,0
29,25 - 45,Male,African-American,4,M,0,0,0,0,1
26,25 - 45,Female,African-American,0,M,0,0,0,0,1
50,Greater than 45,Female,Caucasian,7,M,0,0,0,1,3
32,25 - 45,Male,African-American,1,F,0,0,0,0,2
45,Greater than 45,Male,Hispanic,0,F,0,0,0,0,3
30,25 - 45,Male,African-American,1,F,0,0,0,0,1
25,25 - 45,Male,African-American,0,F,0,0,0,0,0
44,25 - 45,Female,Caucasian,10,F,0,0,0,1,3
58,Greater than 45,Male,African-American,0,F,0,0,0,1,3
24,Less than 25,Male,African-American,5,F,0,0,0,0,0
20,Less than 25,Male,African-American,1,F,0,1,0,1,0
29,25 - 45,Male,Caucasian,0,M,0,0,0,1,1
21,Less than 25,Male,Caucasian,1,F,0,0,0,0,0
38,25 - 45,Male,African-American,22,M,1,2,2,1,2
62,Greater than 45,Male,Hispanic,5,F,0,0,0,0,3
46,Greater than 45,Female,Caucasian,1,F,0,0,0,0,3
29,25 - 45,Male,African-American,17,F,0,1,0,1,1
30,25 - 45,Male,African-American,0,F,0,0,0,1,1
55,Greater than 45,Male,African-American,8,F,0,0,0,1,3
25,25 - 45,Male,African-American,10,F,0,0,0,1,0
47,Greater than 45,Male,Caucasian,2,M,0,0,0,0,3
27,25 - 45,Male,Hispanic,1,M,0,0,0,0,1
30,25 - 45,Male,African-American,13,F,0,0,0,1,1
24,Less than 25,Male,African-American,4,F,0,0,3,1,0
48,Greater than 45,Male,Caucasian,2,F,0,0,0,1,3
45,Greater than 45,Male,Caucasian,0,F,0,0,0,1,3
26,25 - 45,Male,African-American,2,M,0,0,0,0,1
42,25 - 45,Female,Caucasian,0,M,0,0,0,0,2
34,25 - 45,Male,African-American,1,M,0,0,0,0,2
21,Less than 25,Male,African-American,0,M,0,0,0,1,0
69,Greater than 45,Female,Caucasian,2,M,0,0,0,0,3
24,Less than 25,Male,Caucasian,5,F,0,0,1,1,0
45,Greater than 45,Male,African-American,1,M,0,0,0,0,3
28,25 - 45,Male,African-American,3,M,0,0,0,0,1
25,25 - 45,Male,African-American,8,M,0,3,1,1,0
52,Greater than 45,Male,African-American,2,M,0,0,0,0,3
30,25 - 45,Male,Caucasian,0,F,0,0,0,0,1
26,25 - 45,Female,Hispanic,0,M,0,0,0,0,1
34,25 - 45,Male,Other,0,F,0,0,0,1,2
32,25 - 45,Male,Caucasian,5,F,0,1,0,1,2
47,Greater than 45,Male,Caucasian,11,F,0,0,0,0,3
38,25 - 45,Male,African-American,2,M,0,0,0,1,2
32,25 - 45,Male,African-American,2,F,0,0,0,0,2
23,Less than 25,Male,African-American,4,F,0,2,2,1,0
30,25 - 45,Male,Hispanic,0,M,0,0,0,0,1
59,Greater than 45,Male,African-American,9,F,0,0,0,1,3
24,Less than 25,Male,Caucasian,5,F,0,0,0,1,0
22,Less than 25,Female,African-American,0,F,0,0,0,0,0
35,25 - 45,Male,African-American,6,F,0,0,0,0,2
24,Less than 25,Male,African-American,0,F,0,0,0,1,0
35,25 - 45,Male,African-American,1,M,0,0,0,0,2
25,25 - 45,Male,African-American,2,F,0,0,0,0,0
58,Greater than 45,Male,Caucasian,3,M,0,0,0,0,3
27,25 - 45,Male,African-American,7,F,0,0,0,1,1
24,Less than 25,Male,African-American,6,F,0,0,1,1,0
33,25 - 45,Male,Caucasian,2,M,0,0,0,0,2
44,25 - 45,Male,Caucasian,4,F,0,0,0,0,3
30,25 - 45,Male,African-American,3,F,0,0,0,0,1
39,25 - 45,Female,Hispanic,2,F,0,0,0,0,2
28,25 - 45,Male,Caucasian,0,F,0,0,0,0,1
34,25 - 45,Male,African-American,1,F,0,0,0,0,2
26,25 - 45,Male,African-American,1,F,0,0,0,1,1
23,Less than 25,Male,African-American,0,F,0,0,0,0,0
29,25 - 45,Male,Caucasian,11,F,0,0,1,1,1
31,25 - 45,Male,African-American,0,M,0,0,0,0,1
38,25 - 45,Male,Other,1,F,0,0,0,0,2
30,25 - 45,Male,African-American,14,F,0,0,0,1,1
21,Less than 25,Male,Caucasian,2,F,0,0,0,1,0
44,25 - 45,Male,African-American,0,F,0,0,0,0,3
52,Greater than 45,Male,African-American,0,F,0,0,0,0,3
30,25 - 45,Male,African-American,6,F,0,0,0,1,1
31,25 - 45,Male,African-American,9,F,0,0,0,1,1
21,Less than 25,Female,African-American,2,F,0,1,0,0,0
77,Greater than 45,Male,Caucasian,1,M,0,0,0,0,3
61,Greater than 45,Male,Caucasian,4,F,0,0,0,0,3
41,25 - 45,Female,African-American,0,M,0,0,0,0,2
24,Less than 25,Female,Caucasian,0,M,0,0,0,0,0
34,25 - 45,Female,African-American,5,F,0,0,0,0,2
34,25 - 45,Male,Caucasian,3,F,0,0,0,1,2
27,25 - 45,Male,Hispanic,1,F,0,0,0,0,1
25,25 - 45,Male,African-American,6,M,0,0,2,1,0
30,25 - 45,Male,African-American,1,F,0,0,0,0,1
59,Greater than 45,Male,Hispanic,0,F,0,0,0,0,3
55,Greater than 45,Male,Caucasian,1,F,0,0,0,1,3
22,Less than 25,Female,African-American,1,M,0,1,0,0,0
32,25 - 45,Male,Caucasian,0,F,0,0,0,1,2
53,Greater than 45,Male,African-American,5,M,0,0,0,0,3
50,Greater than 45,Male,Caucasian,1,M,0,0,0,0,3
26,25 - 45,Male,Other,1,F,0,0,0,1,1
21,Less than 25,Male,Hispanic,2,F,0,0,1,1,0
36,25 - 45,Male,African-American,7,F,0,0,0,1,2
35,25 - 45,Male,African-American,16,F,0,0,0,1,2
25,25 - 45,Female,Caucasian,0,M,0,0,0,0,0
31,25 - 45,Female,Caucasian,2,M,0,0,0,0,1
26,25 - 45,Female,African-American,1,F,0,0,0,0,1
25,25 - 45,Male,Caucasian,0,M,0,0,0,0,0
32,25 - 45,Male,African-American,0,M,0,0,0,0,2
40,25 - 45,Male,Caucasian,5,F,0,0,0,0,2
35,25 - 45,Male,African-American,0,F,0,0,0,0,2
27,25 - 45,Male,African-American,2,F,0,0,0,0,1
33,25 - 45,Male,African-American,12,F,0,0,0,1,2
36,25 - 45,Male,Asian,1,F,0,0,0,0,2
30,25 - 45,Male,Caucasian,2,F,0,0,0,0,1
30,25 - 45,Male,African-American,0,F,0,0,0,0,1
41,25 - 45,Male,African-American,19,F,0,0,0,0,2
21,Less than 25,Female,Caucasian,1,M,0,0,0,0,0
29,25 - 45,Female,Caucasian,0,F,0,0,0,0,1
32,25 - 45,Male,Caucasian,1,M,0,0,0,0,2
25,25 - 45,Male,Caucasian,0,F,0,0,0,0,0
50,Greater than 45,Male,Caucasian,0,F,0,0,0,0,3
35,25 - 45,Male,Caucasian,4,F,0,0,0,0,2
37,25 - 45,Male,African-American,17,F,1,0,0,1,2
43,25 - 45,Male,African-American,4,F,0,0,0,1,3
29,25 - 45,Male,Caucasian,12,M,0,0,0,1,1
61,Greater than 45,Female,Caucasian,0,F,0,0,0,0,3
22,Less than 25,Female,African-American,4,F,0,0,0,1,0
27,25 - 45,Male,Caucasian,2,F,0,0,0,1,1
31,25 - 45,Male,African-American,0,M,0,0,0,0,1
44,25 - 45,Male,African-American,12,F,0,0,0,0,3
34,25 - 45,Female,African-American,1,M,0,0,0,0,2
24,Less than 25,Male,Other,0,F,0,0,0,0,0
34,25 - 45,Female,Caucasian,1,F,0,0,0,0,2
20,Less than 25,Female,African-American,0,M,0,0,1,1,0
30,25 - 45,Male,African-American,0,M,0,0,0,0,1
43,25 - 45,Female,African-American,0,M,0,0,0,0,3
51,Greater than 45,Male,Caucasian,4,F,0,0,0,1,3
37,25 - 45,Male,Hispanic,9,F,0,0,0,0,2
42,25 - 45,Male,African-American,7,F,1,0,0,1,2
29,25 - 45,Female,Hispanic,1,F,0,0,0,0,1
44,25 - 45,Male,Caucasian,4,F,0,0,0,0,3
24,Less than 25,Female,Caucasian,0,M,0,0,0,0,0
36,25 - 45,Male,Caucasian,12,F,0,0,0,0,2
39,25 - 45,Male,Caucasian,0,F,0,0,0,1,2
32,25 - 45,Male,African-American,2,M,0,0,0,0,2
30,25 - 45,Male,African-American,1,F,0,0,0,0,1
38,25 - 45,Male,African-American,0,M,0,0,0,0,2
27,25 - 45,Female,African-American,8,F,0,0,0,0,1
24,Less than 25,Male,Caucasian,2,M,0,0,0,0,0
30,25 - 45,Female,Caucasian,0,F,0,0,0,1,1
43,25 - 45,Female,Caucasian,0,M,0,0,0,1,3
30,25 - 45,Male,African-American,8,M,6,0,0,1,1
22,Less than 25,Male,African-American,2,F,0,0,0,1,0
26,25 - 45,Female,Caucasian,1,M,0,0,0,0,1
37,25 - 45,Male,Caucasian,3,F,0,0,0,0,2
25,25 - 45,Male,Caucasian,5,F,0,0,0,1,0
65,Greater than 45,Male,Caucasian,1,F,0,0,0,1,3
52,Greater than 45,Male,Other,0,F,0,0,0,1,3
37,25 - 45,Male,Hispanic,9,F,0,0,0,0,2
29,25 - 45,Male,Caucasian,1,F,0,0,0,0,1
32,25 - 45,Male,Caucasian,3,F,0,0,0,0,2
36,25 - 45,Male,Hispanic,0,M,0,0,0,1,2
21,Less than 25,Male,African-American,8,F,0,2,6,1,0
21,Less than 25,Male,Caucasian,1,F,0,0,0,0,0
47,Greater than 45,Male,Caucasian,13,M,0,0,0,1,3
36,25 - 45,Female,African-American,4,F,0,0,0,0,2
25,25 - 45,Female,African-American,6,F,0,0,0,1,0
32,25 - 45,Male,Caucasian,4,M,0,0,0,1,2
43,25 - 45,Male,Caucasian,1,F,0,0,0,0,3
27,25 - 45,Male,African-American,2,F,0,0,0,0,1
26,25 - 45,Male,African-American,8,M,0,0,0,1,1
21,Less than 25,Male,African-American,1,F,0,0,0,0,0
34,25 - 45,Male,Asian,0,M,0,0,0,0,2
46,Greater than 45,Male,Hispanic,1,M,0,0,0,0,3
40,25 - 45,Male,African-American,23,M,2,0,0,1,2
38,25 - 45,Male,Caucasian,3,M,0,0,0,0,2
41,25 - 45,Male,African-American,7,F,0,0,0,0,2
25,25 - 45,Male,Caucasian,7,F,0,0,0,1,0
21,Less than 25,Male,Caucasian,1,F,0,0,0,0,0
74,Greater than 45,Female,Caucasian,0,M,0,0,0,0,3
41,25 - 45,Male,Caucasian,5,M,0,0,0,1,2
57,Greater than 45,Male,African-American,11,F,0,0,0,1,3
27,25 - 45,Female,Hispanic,0,M,0,0,0,0,1
30,25 - 45,Male,African-American,1,M,0,1,0,0,1
33,25 - 45,Female,Caucasian,3,F,0,0,0,1,2
24,Less than 25,Male,Caucasian,2,M,0,0,0,0,0
52,Greater than 45,Male,Asian,0,F,0,0,0,0,3
29,25 - 45,Female,Caucasian,0,M,0,0,0,0,1
42,25 - 45,Female,Caucasian,0,F,0,0,0,1,2
30,25 - 45,Female,Caucasian,1,F,0,0,1,0,1
33,25 - 45,Male,African-American,0,F,0,0,0,0,2
38,25 - 45,Male,Hispanic,1,F,0,0,0,0,2
21,Less than 25,Male,African-American,2,F,0,0,1,1,0
41,25 - 45,Female,Caucasian,9,M,0,0,0,1,2
28,25 - 45,Female,African-American,5,M,0,0,0,0,1
28,25 - 45,Male,Hispanic,3,F,0,0,0,0,1
52,Greater than 45,Female,African-American,3,F,0,0,0,0,3
21,Less than 25,Male,Hispanic,1,F,0,0,3,0,0
22,Less than 25,Female,Hispanic,1,F,0,0,0,0,0
32,25 - 45,Male,Hispanic,3,F,0,0,0,0,2
25,25 - 45,Male,African-American,0,F,0,0,0,1,0
27,25 - 45,Female,African-American,0,M,0,0,0,0,1
35,25 - 45,Male,Caucasian,0,F,0,0,0,0,2
40,25 - 45,Male,African-American,2,M,0,0,0,0,2
29,25 - 45,Female,Other,0,F,0,0,0,0,1
24,Less than 25,Male,African-American,2,M,0,0,2,1,0
24,Less than 25,Male,African-American,10,F,5,1,0,1,0
36,25 - 45,Male,Hispanic,26,F,0,1,0,1,2
54,Greater than 45,Male,African-American,13,F,0,0,0,0,3
26,25 - 45,Male,Hispanic,5,F,0,0,0,0,1
50,Greater than 45,Male,Caucasian,1,F,0,0,0,0,3
21,Less than 25,Male,African-American,1,F,0,0,0,1,0
51,Greater than 45,Male,Hispanic,0,M,0,0,0,0,3
24,Less than 25,Male,African-American,2,F,0,0,2,1,0
33,25 - 45,Male,African-American,11,F,0,2,3,1,2
29,25 - 45,Male,African-American,3,M,0,0,0,0,1
25,25 - 45,Female,Caucasian,0,M,0,0,0,0,0
38,25 - 45,Male,African-American,0,F,0,0,0,1,2
46,Greater than 45,Male,Caucasian,1,F,0,0,0,0,3
33,25 - 45,Male,African-American,9,M,0,0,2,1,2
31,25 - 45,Male,Hispanic,19,F,0,1,0,1,1
21,Less than 25,Male,Other,0,M,0,0,0,0,0
60,Greater than 45,Male,Other,1,M,0,0,0,1,3
39,25 - 45,Female,African-American,3,F,0,0,0,1,2
23,Less than 25,Male,African-American,1,F,0,0,0,0,0
23,Less than 25,Female,African-American,3,M,0,0,0,1,0
35,25 - 45,Male,African-American,4,F,0,0,0,0,2
49,Greater than 45,Male,Caucasian,12,F,0,0,0,1,3
26,25 - 45,Male,Other,1,M,0,0,0,0,1
27,25 - 45,Male,Caucasian,0,M,0,0,0,0,1
22,Less than 25,Male,African-American,2,F,0,1,3,0,0
29,25 - 45,Female,African-American,0,F,0,0,0,1,1
31,25 - 45,Male,African-American,0,M,0,0,0,0,1
31,25 - 45,Male,Hispanic,5,F,0,0,0,1,1
29,25 - 45,Female,Hispanic,0,F,0,0,0,0,1
65,Greater than 45,Female,Caucasian,0,F,0,0,0,0,3
34,25 - 45,Female,Hispanic,1,M,0,0,0,0,2
24,Less than 25,Male,Caucasian,6,F,0,0,2,0,0
46,Greater than 45,Male,African-American,0,M,0,0,0,0,3
26,25 - 45,Male,Other,3,F,0,0,0,0,1
20,Less than 25,Male,African-American,0,F,0,0,0,1,0
29,25 - 45,Male,African-American,16,F,0,0,0,1,1
29,25 - 45,Male,African-American,7,F,0,0,0,0,1
56,Greater than 45,Female,Caucasian,3,F,0,0,0,0,3
21,Less than 25,Male,African-American,0,F,0,0,0,0,0
40,25 - 45,Male,African-American,0,F,0,0,0,1,2
22,Less than 25,Male,African-American,2,M,0,0,0,1,0
39,25 - 45,Male,Caucasian,0,M,0,0,0,0,2
22,Less than 25,Male,African-American,1,F,0,1,0,1,0
27,25 - 45,Female,Other,5,F,0,0,0,1,1
36,25 - 45,Male,Caucasian,1,F,0,0,0,0,2
30,25 - 45,Male,African-American,0,F,0,0,0,0,1
56,Greater than 45,Male,Caucasian,17,F,0,0,0,1,3
36,25 - 45,Male,African-American,0,M,0,0,0,0,2
38,25 - 45,Male,African-American,5,M,0,0,0,0,2
32,25 - 45,Male,African-American,0,F,0,0,0,0,2
34,25 - 45,Female,African-American,5,F,0,0,0,1,2
23,Less than 25,Male,Other,0,M,0,0,0,0,0
52,Greater than 45,Male,Caucasian,0,M,0,0,0,0,3
20,Less than 25,Male,Caucasian,1,F,0,1,1,1,0
38,25 - 45,Male,African-American,5,M,0,0,0,0,2
46,Greater than 45,Male,Caucasian,0,M,0,0,0,0,3
27,25 - 45,Male,African-American,0,F,0,0,0,1,1
20,Less than 25,Male,African-American,2,F,0,0,0,1,0
51,Greater than 45,Female,African-American,1,M,0,0,0,0,3
29,25 - 45,Female,Caucasian,1,F,0,0,0,1,1
35,25 - 45,Female,African-American,7,F,0,0,0,1,2
37,25 - 45,Male,Caucasian,1,M,0,0,0,1,2
63,Greater than 45,Male,Caucasian,0,F,0,0,0,0,3
27,25 - 45,Male,African-American,2,F,0,0,0,0,1
27,25 - 45,Male,African-American,1,F,0,0,0,1,1
27,25 - 45,Male,African-American,0,F,0,0,0,0,1
24,Less than 25,Male,African-American,2,M,0,0,0,1,0
30,25 - 45,Male,Hispanic,1,F,0,0,0,1,1
32,25 - 45,Male,African-American,13,M,0,1,0,1,2
25,25 - 45,Male,Caucasian,4,F,0,0,0,1,0
24,Less than 25,Male,African-American,10,M,2,1,0,0,0
27,25 - 45,Male,African-American,0,M,0,0,0,0,1
48,Greater than 45,Female,African-American,0,M,0,0,0,0,3
26,25 - 45,Female,African-American,1,M,0,0,0,0,1
58,Greater than 45,Male,Other,0,F,0,0,0,0,3
23,Less than 25,Male,Caucasian,1,F,0,0,2,1,0
22,Less than 25,Male,Caucasian,3,M,0,1,1,1,0
51,Greater than 45,Female,African-American,4,F,0,0,0,0,3
41,25 - 45,Male,African-American,0,F,0,0,0,0,2
21,Less than 25,Male,African-American,0,F,0,0,0,0,0
32,25 - 45,Male,African-American,1,M,0,0,0,0,2
26,25 - 45,Male,Other,0,M,0,0,0,0,1
39,25 - 45,Female,African-American,3,M,0,0,0,0,2
48,Greater than 45,Female,Other,0,M,0,0,0,0,3
46,Greater than 45,Male,Caucasian,0,M,0,0,0,0,3
56,Greater than 45,Male,Hispanic,2,M,0,0,0,0,3
22,Less than 25,Male,African-American,1,M,0,0,0,1,0
33,25 - 45,Male,Other,7,F,0,1,0,1,2
36,25 - 45,Male,African-American,2,F,0,0,0,1,2
20,Less than 25,Male,Native American,1,F,0,1,0,1,0
32,25 - 45,Male,Caucasian,0,M,0,0,0,0,2
38,25 - 45,Male,African-American,17,M,0,0,0,1,2
64,Greater than 45,Male,Hispanic,1,M,0,0,0,0,3
22,Less than 25,Male,African-American,1,F,0,0,0,1,0
69,Greater than 45,Male,Caucasian,0,M,0,0,0,1,3
26,25 - 45,Male,African-American,2,F,0,0,0,0,1
27,25 - 45,Female,African-American,1,M,0,0,0,1,1
30,25 - 45,Female,Caucasian,1,M,0,0,0,0,1
22,Less than 25,Male,African-American,2,F,0,0,0,0,0
43,25 - 45,Female,Caucasian,0,F,0,0,0,0,3
24,Less than 25,Male,Hispanic,0,F,0,0,0,1,0
22,Less than 25,Male,Caucasian,2,M,0,0,0,1,0
55,Greater than 45,Female,Caucasian,0,M,0,0,0,0,3
34,25 - 45,Male,Hispanic,0,M,0,0,0,0,2
20,Less than 25,Male,African-American,1,F,0,0,2,0,0
22,Less than 25,Male,African-American,1,M,0,0,0,1,0
29,25 - 45,Male,African-American,15,F,0,4,1,1,1
33,25 - 45,Male,Caucasian,9,F,0,0,0,1,2
55,Greater than 45,Male,Caucasian,7,F,0,0,0,0,3
22,Less than 25,Male,African-American,1,F,0,0,0,0,0
55,Greater than 45,Male,African-American,1,F,0,0,0,0,3
43,25 - 45,Female,Caucasian,0,F,0,0,0,1,3
21,Less than 25,Male,African-American,0,F,0,0,3,1,0
38,25 - 45,Male,African-American,6,F,1,0,0,0,2
23,Less than 25,Male,African-American,0,F,0,0,0,0,0
28,25 - 45,Female,Caucasian,1,M,0,0,0,0,1
45,Greater than 45,Male,Other,0,F,0,0,0,0,3
39,25 - 45,Male,African-American,1,F,0,0,0,0,2
79,Greater than 45,Male,Caucasian,1,M,0,0,0,0,3
48,Greater than 45,Male,Caucasian,1,F,0,0,0,0,3
20,Less than 25,Male,Hispanic,2,F,0,2,1,1,0
31,25 - 45,Male,African-American,5,M,1,0,0,0,1
30,25 - 45,Male,Caucasian,4,M,0,1,0,1,1
32,25 - 45,Male,African-American,5,F,0,0,0,1,2
56,Greater than 45,Male,Caucasian,1,M,0,0,0,0,3
28,25 - 45,Female,African-American,0,M,0,0,0,1,1
43,25 - 45,Male,African-American,2,M,0,0,0,0,3
20,Less than 25,Male,Hispanic,0,F,0,0,2,0,0
27,25 - 45,Male,African-American,21,F,0,0,0,1,1
41,25 - 45,Male,African-American,0,M,0,0,0,0,2
24,Less than 25,Male,Other,1,F,0,0,0,0,0
43,25 - 45,Male,African-American,3,M,0,0,0,1,3
33,25 - 45,Female,African-American,1,F,0,0,0,0,2
22,Less than 25,Male,African-American,0,F,0,0,0,0,0
34,25 - 45,Male,African-American,3,F,0,0,0,0,2
36,25 - 45,Male,Caucasian,0,M,0,0,0,0,2
69,Greater than 45,Male,Caucasian,0,F,0,0,0,0,3
32,25 - 45,Male,Caucasian,5,F,0,0,0,1,2
22,Less than 25,Male,African-American,1,F,0,0,0,1,0
46,Greater than 45,Male,Caucasian,0,F,0,0,0,0,3
34,25 - 45,Male,Caucasian,1,M,0,0,0,0,2
32,25 - 45,Female,Hispanic,0,M,0,0,0,0,2
39,25 - 45,Male,African-American,0,M,0,0,0,0,2
25,25 - 45,Male,African-American,6,M,0,0,1,1,0
21,Less than 25,Female,Hispanic,0,M,0,0,1,1,0
63,Greater than 45,Male,African-American,9,F,0,0,0,1,3
24,Less than 25,Male,Caucasian,8,F,0,0,0,1,0
29,25 - 45,Male,Caucasian,2,M,0,0,0,0,1
20,Less than 25,Male,African-American,3,F,0,3,0,1,0
40,25 - 45,Female,Caucasian,0,M,0,0,0,0,2
30,25 - 45,Male,African-American,7,F,0,0,0,1,1
36,25 - 45,Male,Caucasian,10,M,0,0,0,1,2
50,Greater than 45,Male,Caucasian,5,F,0,0,0,0,3
37,25 - 45,Male,African-American,4,M,0,0,0,1,2
34,25 - 45,Male,African-American,1,F,0,0,0,0,2
35,25 - 45,Female,Hispanic,0,F,0,0,0,0,2
31,25 - 45,Female,African-American,1,M,0,0,0,1,1
23,Less than 25,Male,Caucasian,10,F,0,0,1,0,0
22,Less than 25,Male,Hispanic,0,F,0,0,0,1,0
37,25 - 45,Male,Caucasian,2,F,0,0,0,1,2
20,Less than 25,Male,Other,0,F,0,0,0,0,0
54,Greater than 45,Male,African-American,22,F,0,0,0,1,3
26,25 - 45,Male,Caucasian,2,F,0,0,0,0,1
34,25 - 45,Male,African-American,12,F,0,0,0,1,2
59,Greater than 45,Male,Caucasian,2,M,0,0,0,1,3
45,Greater than 45,Male,Caucasian,2,F,0,0,0,0,3
37,25 - 45,Male,Caucasian,2,M,0,0,0,0,2
38,25 - 45,Male,Other,0,F,0,0,0,1,2
45,Greater than 45,Male,Caucasian,1,F,0,0,0,1,3
22,Less than 25,Male,African-American,1,F,0,0,0,0,0
24,Less than 25,Male,African-American,3,F,0,0,1,1,0
25,25 - 45,Male,African-American,5,F,0,0,0,0,0
24,Less than 25,Male,African-American,6,F,0,0,0,1,0
52,Greater than 45,Female,African-American,3,M,0,0,0,0,3
20,Less than 25,Male,African-American,1,M,0,0,0,1,0
32,25 - 45,Male,African-American,6,F,0,0,0,0,2
32,25 - 45,Female,Caucasian,2,F,0,0,0,1,2
39,25 - 45,Male,Caucasian,8,F,0,0,0,0,2
49,Greater than 45,Male,African-American,3,F,0,0,0,1,3
20,Less than 25,Male,African-American,1,F,1,0,0,1,0
31,25 - 45,Male,Caucasian,11,F,0,0,0,1,1
58,Greater than 45,Male,Caucasian,7,F,0,0,0,1,3
50,Greater than 45,Male,Hispanic,2,M,0,0,0,0,3
26,25 - 45,Male,African-American,11,F,0,1,1,1,1
20,Less than 25,Male,African-American,1,F,1,0,0,0,0
39,25 - 45,Male,Caucasian,1,F,0,0,0,0,2
51,Greater than 45,Male,Caucasian,1,M,0,0,0,1,3
30,25 - 45,Male,African-American,2,M,0,0,0,0,1
39,25 - 45,Male,Other,0,M,0,0,0,0,2
26,25 - 45,Male,Caucasian,9,F,1,0,0,1,1
26,25 - 45,Male,African-American,2,F,0,0,0,0,1
35,25 - 45,Male,African-American,13,F,1,0,0,1,2
20,Less than 25,Male,Other,0,M,0,0,0,0,0
51,Greater than 45,Female,Caucasian,7,F,0,0,0,0,3
26,25 - 45,Female,Caucasian,0,F,0,0,0,0,1
26,25 - 45,Male,African-American,5,F,0,0,0,0,1
20,Less than 25,Male,Caucasian,0,F,0,0,2,0,0
28,25 - 45,Male,African-American,0,F,0,0,0,1,1
23,Less than 25,Male,African-American,1,M,0,1,2,1,0
21,Less than 25,Female,African-American,0,M,0,0,0,0,0
25,25 - 45,Male,Other,0,F,0,0,0,1,0
30,25 - 45,Male,Caucasian,0,F,0,0,0,0,1
21,Less than 25,Male,Caucasian,2,F,0,2,7,1,0
20,Less than 25,Male,Caucasian,1,F,1,0,0,1,0
24,Less than 25,Male,Caucasian,5,F,0,0,0,1,0
35,25 - 45,Male,African-American,22,F,0,0,0,1,2
27,25 - 45,Female,Other,0,F,0,0,0,1,1
50,Greater than 45,Male,Caucasian,2,F,0,0,0,1,3
25,25 - 45,Male,African-American,5,M,0,0,0,0,0
48,Greater than 45,Female,Caucasian,1,F,0,0,0,0,3
31,25 - 45,Male,African-American,12,M,1,1,1,1,1
26,25 - 45,Male,African-American,0,F,0,0,0,0,1
22,Less than 25,Male,African-American,0,F,0,0,0,0,0
29,25 - 45,Male,African-American,0,F,0,0,0,0,1
33,25 - 45,Male,Other,2,F,0,0,0,1,2
52,Greater than 45,Male,Caucasian,1,F,0,0,0,0,3
37,25 - 45,Male,Hispanic,0,M,0,0,0,1,2
21,Less than 25,Male,African-American,0,F,0,0,0,0,0
21,Less than 25,Male,Caucasian,1,F,0,0,0,0,0
20,Less than 25,Female,Caucasian,0,F,0,0,0,1,0
43,25 - 45,Male,Hispanic,1,M,0,0,0,1,3
30,25 - 45,Male,Caucasian,1,F,0,0,0,1,1
33,25 - 45,Female,African-American,3,M,0,0,0,1,2
24,Less than 25,Male,African-American,3,F,0,0,0,0,0
52,Greater than 45,Female,Hispanic,0,M,0,0,0,1,3
30,25 - 45,Female,African-American,11,F,0,0,0,1,1
30,25 - 45,Female,Caucasian,0,M,0,0,0,0,1
47,Greater than 45,Male,African-American,13,F,0,0,0,1,3
41,25 - 45,Male,African-American,9,M,0,1,0,0,2
21,Less than 25,Male,Hispanic,4,F,1,0,0,1,0
53,Greater than 45,Male,Hispanic,1,F,0,0,0,0,3
48,Greater than 45,Male,Caucasian,6,F,0,0,0,0,3
52,Greater than 45,Male,African-American,2,F,0,0,0,1,3
34,25 - 45,Female,African-American,1,M,0,0,0,0,2
35,25 - 45,Male,Caucasian,0,F,0,0,0,1,2
25,25 - 45,Male,Other,1,F,0,0,0,1,0
39,25 - 45,Male,Other,1,F,0,0,0,0,2
24,Less than 25,Male,African-American,1,F,0,0,1,1,0
48,Greater than 45,Female,Caucasian,17,F,0,0,0,0,3
31,25 - 45,Male,Hispanic,1,F,0,0,0,0,1
26,25 - 45,Male,Hispanic,0,M,0,0,0,0,1
43,25 - 45,Male,African-American,3,F,0,0,0,1,3
25,25 - 45,Male,African-American,1,M,0,0,0,0,0
34,25 - 45,Male,African-American,20,F,0,1,0,1,2
25,25 - 45,Male,African-American,2,F,0,0,0,1,0
24,Less than 25,Male,Hispanic,4,F,1,0,0,1,0
56,Greater than 45,Male,Caucasian,6,F,0,0,0,0,3
23,Less than 25,Male,African-American,0,F,0,0,0,0,0
21,Less than 25,Male,Caucasian,0,M,0,0,0,0,0
66,Greater than 45,Male,Caucasian,0,M,0,0,0,0,3
28,25 - 45,Male,African-American,7,M,0,0,0,0,1
29,25 - 45,Male,Caucasian,0,M,0,0,0,0,1
22,Less than 25,Male,Caucasian,3,F,0,0,0,1,0
39,25 - 45,Male,Caucasian,0,F,0,0,0,0,2
33,25 - 45,Male,African-American,9,M,0,0,1,1,2
29,25 - 45,Male,Caucasian,2,F,0,0,0,1,1
31,25 - 45,Male,Caucasian,1,F,0,0,0,0,1
22,Less than 25,Male,African-American,0,M,0,0,0,0,0
22,Less than 25,Female,Caucasian,0,M,0,0,0,0,0
35,25 - 45,Male,Caucasian,3,F,0,0,2,0,2
29,25 - 45,Male,Caucasian,3,F,0,0,0,1,1
37,25 - 45,Female,African-American,0,F,0,0,0,0,2
30,25 - 45,Female,African-American,0,F,0,0,0,0,1
56,Greater than 45,Male,Caucasian,1,F,0,0,0,0,3
34,25 - 45,Female,African-American,0,F,0,0,0,0,2
23,Less than 25,Male,African-American,1,F,0,0,0,1,0
27,25 - 45,Male,African-American,1,F,1,0,0,1,1
43,25 - 45,Male,Caucasian,2,F,0,0,0,0,3
38,25 - 45,Male,Caucasian,0,F,0,0,0,0,2
39,25 - 45,Male,Caucasian,3,F,0,0,0,0,2
24,Less than 25,Male,African-American,1,F,0,0,1,1,0
26,25 - 45,Male,African-American,2,M,0,0,0,0,1
55,Greater than 45,Female,Caucasian,0,M,0,0,0,0,3
35,25 - 45,Male,African-American,1,F,0,0,0,1,2
61,Greater than 45,Male,African-American,25,F,0,0,0,0,3
33,25 - 45,Male,Other,0,M,0,0,0,0,2
40,25 - 45,Male,Caucasian,4,F,0,0,0,0,2
33,25 - 45,Male,African-American,3,F,0,0,0,0,2
26,25 - 45,Male,Caucasian,0,F,0,0,0,1,1
32,25 - 45,Male,Caucasian,15,F,0,1,0,1,2
28,25 - 45,Male,African-American,0,F,0,0,0,0,1
45,Greater than 45,Male,Caucasian,0,M,0,0,0,0,3
30,25 - 45,Male,Caucasian,0,F,0,0,0,1,1
57,Greater than 45,Female,Caucasian,4,F,0,0,0,0,3
26,25 - 45,Male,African-American,3,F,0,0,0,1,1
35,25 - 45,Male,African-American,1,F,0,0,0,0,2
54,Greater than 45,Male,Hispanic,0,F,0,0,0,0,3
29,25 - 45,Female,African-American,0,F,0,0,0,0,1
40,25 - 45,Female,Caucasian,0,M,0,0,0,0,2
28,25 - 45,Male,Caucasian,1,F,0,0,0,1,1
25,25 - 45,Female,African-American,0,M,0,0,1,0,0
44,25 - 45,Male,African-American,3,M,0,0,0,0,3
48,Greater than 45,Male,Caucasian,1,M,0,0,0,0,3
59,Greater than 45,Female,Caucasian,1,F,0,0,0,0,3
23,Less than 25,Male,Caucasian,4,F,0,0,1,1,0
29,25 - 45,Male,African-American,0,F,0,0,0,0,1
56,Greater than 45,Male,Caucasian,0,M,0,0,0,0,3
27,25 - 45,Female,African-American,0,M,0,0,0,0,1
29,25 - 45,Female,Caucasian,0,M,0,0,0,0,1
34,25 - 45,Female,Caucasian,4,M,0,0,0,0,2
22,Less than 25,Female,African-American,0,F,0,0,0,0,0
40,25 - 45,Male,Caucasian,5,F,0,0,0,1,2
31,25 - 45,Male,Caucasian,0,F,0,0,0,0,1
47,Greater than 45,Male,African-American,3,F,0,0,0,0,3
24,Less than 25,Male,African-American,8,F,0,0,0,1,0
20,Less than 25,Female,Caucasian,1,F,0,0,0,0,0
39,25 - 45,Male,African-American,4,F,0,0,0,0,2
29,25 - 45,Male,African-American,10,F,0,0,0,1,1
30,25 - 45,Male,Hispanic,2,F,0,0,0,0,1
26,25 - 45,Female,African-American,4,F,0,0,0,1,1
61,Greater than 45,Male,African-American,2,M,0,0,0,0,3
37,25 - 45,Male,Hispanic,3,M,0,0,0,0,2
38,25 - 45,Male,Other,1,F,0,0,0,1,2
24,Less than 25,Male,Caucasian,2,F,0,0,0,1,0
30,25 - 45,Male,African-American,0,M,0,0,0,0,1
20,Less than 25,Male,African-American,0,M,0,0,1,1,0
56,Greater than 45,Male,African-American,22,F,0,0,0,1,3
50,Greater than 45,Female,Caucasian,3,F,0,0,0,1,3
47,Greater than 45,Male,Other,0,F,0,0,0,0,3
56,Greater than 45,Male,Caucasian,5,F,0,0,0,0,3
58,Greater than 45,Female,Hispanic,1,F,0,0,0,0,3
30,25 - 45,Male,African-American,10,F,0,0,0,1,1
28,25 - 45,Male,African-American,12,M,0,0,0,1,1
59,Greater than 45,Male,African-American,1,M,0,0,0,0,3
20,Less than 25,Male,African-American,1,F,1,0,0,1,0
23,Less than 25,Male,Caucasian,4,M,0,1,0,1,0
28,25 - 45,Female,Caucasian,2,F,0,0,0,1,1
50,Greater than 45,Male,Hispanic,3,F,0,0,0,1,3
35,25 - 45,Male,Caucasian,3,M,0,0,0,1,2
22,Less than 25,Male,African-American,1,F,0,0,0,1,0
41,25 - 45,Female,Hispanic,0,F,0,0,0,0,2
22,Less than 25,Male,African-American,0,F,0,0,0,0,0
46,Greater than 45,Male,African-American,3,M,0,0,0,1,3
61,Greater than 45,Male,African-American,8,F,0,0,0,1,3
26,25 - 45,Male,African-American,5,F,0,0,0,0,1
44,25 - 45,Male,Caucasian,1,F,0,0,0,0,3
34,25 - 45,Female,African-American,0,M,0,0,0,1,2
29,25 - 45,Male,Caucasian,1,F,0,0,0,1,1
20,Less than 25,Male,Hispanic,1,F,0,0,0,1,0
29,25 - 45,Male,African-American,8,M,0,0,0,0,1
48,Greater than 45,Male,African-American,5,F,0,0,0,1,3
31,25 - 45,Female,African-American,0,M,0,0,0,0,1
21,Less than 25,Male,Caucasian,2,F,0,0,0,0,0
34,25 - 45,Male,Caucasian,4,F,0,0,0,0,2
54,Greater than 45,Male,African-American,21,F,0,0,0,0,3
20,Less than 25,Male,Caucasian,4,F,0,4,0,0,0
31,25 - 45,Male,Caucasian,1,F,0,0,0,1,1
22,Less than 25,Male,Caucasian,0,M,0,0,0,0,0
36,25 - 45,Male,African-American,6,M,0,0,0,0,2
34,25 - 45,Male,African-American,9,F,3,1,0,1,2
36,25 - 45,Male,Caucasian,3,M,0,0,0,0,2
32,25 - 45,Male,African-American,3,F,0,0,0,1,2
50,Greater than 45,Male,African-American,15,M,0,0,0,0,3
47,Greater than 45,Male,Native American,22,F,4,0,0,1,3
49,Greater than 45,Female,Other,0,M,0,0,0,0,3
25,25 - 45,Female,African-American,7,F,0,0,0,1,0
31,25 - 45,Male,African-American,1,M,0,0,0,0,1
49,Greater than 45,Male,African-American,10,F,0,0,0,1,3
21,Less than 25,Male,African-American,2,F,1,0,1,0,0
26,25 - 45,Female,African-American,5,F,0,0,0,1,1
29,25 - 45,Male,Other,0,F,0,0,0,0,1
61,Greater than 45,Male,Hispanic,0,F,0,0,0,0,3
25,25 - 45,Female,Caucasian,2,F,0,0,0,1,0
26,25 - 45,Female,Other,1,F,0,0,0,0,1
38,25 - 45,Male,Caucasian,5,F,0,0,0,0,2
35,25 - 45,Male,Caucasian,2,M,0,0,0,0,2
50,Greater than 45,Male,African-American,10,F,0,0,0,0,3
55,Greater than 45,Male,Other,8,F,0,0,0,1,3
32,25 - 45,Male,African-American,4,F,0,0,0,1,2
29,25 - 45,Male,Caucasian,1,F,0,0,0,0,1
46,Greater than 45,Male,Caucasian,0,F,0,0,0,0,3
53,Greater than 45,Male,Caucasian,1,M,0,0,0,0,3
27,25 - 45,Female,Caucasian,1,F,0,0,0,1,1
29,25 - 45,Male,Caucasian,4,F,0,0,0,0,1
26,25 - 45,Male,Other,0,F,0,0,0,1,1
23,Less than 25,Male,African-American,3,M,0,0,0,1,0
43,25 - 45,Male,Hispanic,3,M,0,0,0,1,3
24,Less than 25,Male,Caucasian,1,M,0,0,0,0,0
33,25 - 45,Male,African-American,18,F,0,0,0,1,2
32,25 - 45,Male,African-American,1,M,0,0,0,1,2
38,25 - 45,Female,African-American,7,F,0,0,0,1,2
40,25 - 45,Male,African-American,20,F,0,0,0,0,2
55,Greater than 45,Female,Other,5,F,0,0,0,1,3
36,25 - 45,Female,African-American,1,M,0,0,0,0,2
34,25 - 45,Male,African-American,16,F,0,0,0,1,2
41,25 - 45,Male,Caucasian,1,M,0,0,0,1,2
57,Greater than 45,Male,Caucasian,7,F,0,0,0,0,3
26,25 - 45,Male,African-American,1,F,0,0,0,0,1
39,25 - 45,Male,Caucasian,2,F,0,0,0,1,2
45,Greater than 45,Male,African-American,0,F,0,0,0,1,3
26,25 - 45,Male,African-American,2,F,0,0,1,0,1
48,Greater than 45,Female,Caucasian,0,F,0,0,0,0,3
52,Greater than 45,Male,Caucasian,7,M,0,0,0,0,3
22,Less than 25,Male,Hispanic,2,F,0,0,0,1,0
43,25 - 45,Female,African-American,0,M,0,0,0,0,3
35,25 - 45,Male,African-American,2,F,0,0,0,0,2
24,Less than 25,Male,Caucasian,3,F,0,0,0,0,0
27,25 - 45,Male,African-American,11,F,0,0,0,1,1
23,Less than 25,Male,Hispanic,2,F,0,1,0,0,0
56,Greater than 45,Male,African-American,28,F,0,0,0,0,3
28,25 - 45,Male,African-American,2,F,0,0,0,1,1
21,Less than 25,Male,African-American,0,F,0,0,0,0,0
33,25 - 45,Male,African-American,5,M,0,0,0,1,2
25,25 - 45,Male,African-American,1,F,0,0,0,1,0
36,25 - 45,Male,African-American,17,F,0,2,0,1,2
25,25 - 45,Female,Caucasian,0,F,0,0,0,0,0
31,25 - 45,Male,Other,3,F,0,0,0,0,1
46,Greater than 45,Male,Caucasian,0,M,0,0,0,0,3
24,Less than 25,Female,African-American,0,F,0,0,0,0,0
28,25 - 45,Male,African-American,4,F,0,0,0,1,1
28,25 - 45,Male,African-American,12,M,0,0,1,1,1
23,Less than 25,Male,African-American,0,M,0,0,0,1,0
24,Less than 25,Male,Other,0,M,0,0,0,0,0
40,25 - 45,Male,Hispanic,0,M,0,0,0,0,2
36,25 - 45,Male,Hispanic,1,M,0,0,0,0,2
50,Greater than 45,Male,Caucasian,1,M,0,0,0,1,3
33,25 - 45,Male,Hispanic,1,M,0,0,0,0,2
24,Less than 25,Male,Caucasian,0,M,0,0,0,0,0
55,Greater than 45,Female,African-American,2,F,0,0,0,0,3
22,Less than 25,Male,African-American,0,F,0,0,0,1,0
38,25 - 45,Male,African-American,14,F,0,0,0,0,2
31,25 - 45,Male,African-American,1,F,0,0,0,0,1
30,25 - 45,Female,African-American,3,F,0,0,0,0,1
52,Greater than 45,Male,Caucasian,1,F,0,0,0,0,3
37,25 - 45,Male,African-American,16,F,0,0,0,1,2
41,25 - 45,Female,Caucasian,1,M,0,0,0,0,2
20,Less than 25,Male,African-American,0,F,0,0,0,1,0
21,Less than 25,Male,Caucasian,0,M,0,0,0,1,0
22,Less than 25,Male,Caucasian,1,M,0,0,0,0,0
38,25 - 45,Male,African-American,7,M,0,0,0,0,2
31,25 - 45,Male,African-American,0,F,0,0,0,0,1
28,25 - 45,Male,Caucasian,0,F,0,0,0,0,1
21,Less than 25,Male,Hispanic,2,F,0,1,0,1,0
39,25 - 45,Male,African-American,1,F,0,0,0,0,2
34,25 - 45,Male,African-American,22,F,0,0,0,1,2
32,25 - 45,Male,Caucasian,2,F,0,1,0,0,2
45,Greater than 45,Male,Hispanic,0,M,0,0,0,0,3
36,25 - 45,Male,African-American,7,M,0,0,2,0,2
24,Less than 25,Male,African-American,0,M,0,0,0,1,0
27,25 - 45,Male,African-American,9,F,0,0,0,1,1
30,25 - 45,Male,Hispanic,0,F,0,0,0,0,1
61,Greater than 45,Male,African-American,8,M,0,0,0,0,3
43,25 - 45,Male,African-American,2,F,0,0,0,0,3
26,25 - 45,Male,African-American,1,F,0,0,0,0,1
32,25 - 45,Male,African-American,7,F,0,3,0,0,2
57,Greater than 45,Female,Caucasian,2,F,0,0,0,0,3
40,25 - 45,Female,Caucasian,0,M,0,0,0,0,2
33,25 - 45,Male,Caucasian,6,F,0,0,0,1,2
30,25 - 45,Male,African-American,2,F,0,0,0,1,1
29,25 - 45,Male,Caucasian,1,M,0,0,0,0,1
21,Less than 25,Female,Caucasian,1,F,0,0,0,0,0
36,25 - 45,Male,African-American,2,M,0,0,0,0,2
59,Greater than 45,Male,African-American,17,F,0,0,0,0,3
35,25 - 45,Male,African-American,6,F,0,0,0,1,2
49,Greater than 45,Male,Hispanic,0,M,0,0,0,0,3
26,25 - 45,Male,Hispanic,5,F,0,0,0,1,1
21,Less than 25,Male,African-American,2,F,0,1,0,1,0
49,Greater than 45,Male,African-American,29,F,0,0,0,1,3
23,Less than 25,Male,Hispanic,1,F,0,0,0,0,0
37,25 - 45,Female,African-American,23,M,0,0,0,1,2
33,25 - 45,Male,Hispanic,0,M,0,0,0,0,2
20,Less than 25,Male,African-American,1,F,1,0,0,1,0
28,25 - 45,Male,Caucasian,1,F,0,0,0,0,1
29,25 - 45,Male,African-American,3,F,0,0,0,1,1
25,25 - 45,Male,African-American,1,F,0,0,1,1,0
20,Less than 25,Male,African-American,2,F,0,0,0,1,0
30,25 - 45,Male,Caucasian,3,M,0,0,0,1,1
55,Greater than 45,Male,African-American,5,F,0,0,0,0,3
26,25 - 45,Male,Caucasian,0,M,0,0,0,0,1
52,Greater than 45,Female,Caucasian,6,F,0,0,0,0,3
52,Greater than 45,Male,African-American,16,F,0,0,0,1,3
27,25 - 45,Male,Hispanic,1,F,0,0,0,1,1
60,Greater than 45,Male,Caucasian,2,M,0,0,0,0,3
44,25 - 45,Male,Caucasian,0,M,0,0,0,0,3
30,25 - 45,Male,Hispanic,1,F,0,0,0,0,1
25,25 - 45,Female,African-American,2,M,0,0,0,0,0
20,Less than 25,Female,Caucasian,4,F,0,0,0,1,0
28,25 - 45,Male,Caucasian,3,F,0,0,0,1,1
39,25 - 45,Male,African-American,3,M,0,0,0,0,2
22,Less than 25,Male,Caucasian,1,F,0,0,0,0,0
24,Less than 25,Male,Caucasian,1,F,0,0,0,1,0
28,25 - 45,Female,African-American,0,F,0,0,0,0,1
35,25 - 45,Male,African-American,10,F,0,0,0,1,2
30,25 - 45,Male,Caucasian,0,M,0,0,0,0,1
22,Less than 25,Male,African-American,0,F,0,0,2,1,0
39,25 - 45,Male,African-American,9,F,0,0,0,0,2
46,Greater than 45,Female,Other,1,F,0,0,0,0,3
47,Greater than 45,Male,Other,3,M,0,0,0,0,3
26,25 - 45,Male,African-American,5,M,0,0,0,0,1
33,25 - 45,Male,African-American,3,F,0,0,0,0,2
23,Less than 25,Female,African-American,0,F,0,0,0,0,0
52,Greater than 45,Female,African-American,0,F,0,0,0,1,3
22,Less than 25,Female,African-American,0,M,0,0,5,1,0
54,Greater than 45,Male,Caucasian,0,F,0,0,0,0,3
50,Greater than 45,Male,African-American,2,M,0,0,0,0,3
20,Less than 25,Male,African-American,2,F,0,0,4,1,0
25,25 - 45,Male,Caucasian,1,F,0,0,0,0,0
46,Greater than 45,Female,Caucasian,0,F,0,0,0,0,3
26,25 - 45,Male,African-American,1,F,0,0,1,1,1
22,Less than 25,Male,Caucasian,0,M,0,0,0,0,0
38,25 - 45,Male,Caucasian,10,F,1,0,0,1,2
36,25 - 45,Female,Hispanic,9,F,0,0,0,1,2
34,25 - 45,Female,African-American,5,F,0,0,0,1,2
18,Less than 25,Male,African-American,4,F,5,0,2,1,0
26,25 - 45,Female,Caucasian,3,F,0,0,0,1,1
23,Less than 25,Female,Caucasian,0,F,0,0,0,0,0
32,25 - 45,Female,Hispanic,8,M,0,0,1,1,2
44,25 - 45,Male,Caucasian,1,M,0,0,0,1,3
53,Greater than 45,Male,Caucasian,9,F,0,0,0,1,3
27,25 - 45,Male,African-American,6,F,0,0,0,0,1
27,25 - 45,Male,African-American,4,F,0,0,0,1,1
25,25 - 45,Male,Caucasian,2,F,0,0,0,0,0
48,Greater than 45,Male,Caucasian,18,F,0,0,0,1,3
19,Less than 25,Male,Caucasian,1,F,0,1,3,1,0
53,Greater than 45,Male,Caucasian,0,F,0,0,0,0,3
39,25 - 45,Male,African-American,0,M,0,0,0,0,2
37,25 - 45,Male,Other,2,F,0,0,0,1,2
27,25 - 45,Male,African-American,6,F,1,0,0,1,1
29,25 - 45,Female,Caucasian,1,F,0,0,0,1,1
21,Less than 25,Female,African-American,2,F,0,0,0,1,0
24,Less than 25,Female,African-American,7,F,0,0,0,0,0
33,25 - 45,Male,Caucasian,0,M,0,0,0,0,2
24,Less than 25,Female,Caucasian,1,M,0,0,4,0,0
46,Greater than 45,Male,Caucasian,1,F,0,0,0,0,3
32,25 - 45,Male,Hispanic,7,F,0,0,0,0,2
24,Less than 25,Male,Hispanic,2,F,0,0,0,0,0
38,25 - 45,Female,Caucasian,0,F,0,0,0,0,2
30,25 - 45,Male,African-American,13,F,0,2,2,1,1
26,25 - 45,Male,African-American,27,M,0,2,2,1,1
57,Greater than 45,Male,Caucasian,2,F,0,0,0,0,3
43,25 - 45,Male,Caucasian,0,F,0,0,0,0,3
22,Less than 25,Male,African-American,0,M,0,0,0,0,0
26,25 - 45,Male,Caucasian,1,M,0,0,0,0,1
28,25 - 45,Female,African-American,9,M,0,0,0,1,1
51,Greater than 45,Male,Caucasian,3,F,0,0,0,0,3
41,25 - 45,Male,Hispanic,3,F,0,0,0,0,2
24,Less than 25,Male,Caucasian,1,F,0,0,0,0,0
48,Greater than 45,Male,African-American,3,F,0,0,0,1,3
26,25 - 45,Male,Caucasian,0,M,0,0,0,1,1
31,25 - 45,Male,African-American,6,F,0,0,0,1,1
27,25 - 45,Male,African-American,6,M,1,2,1,0,1
25,25 - 45,Male,African-American,0,M,0,0,0,0,0
56,Greater than 45,Male,Caucasian,3,M,0,0,0,0,3
29,25 - 45,Female,African-American,1,M,0,0,0,0,1
30,25 - 45,Female,Caucasian,3,F,0,0,0,1,1
21,Less than 25,Male,African-American,0,F,0,0,0,0,0
22,Less than 25,Male,Caucasian,1,F,0,0,0,1,0
28,25 - 45,Female,African-American,0,M,0,0,0,0,1
35,25 - 45,Male,African-American,2,F,0,0,0,0,2
23,Less than 25,Male,Caucasian,0,F,0,0,0,0,0
48,Greater than 45,Male,African-American,4,F,0,0,0,0,3
22,Less than 25,Male,Caucasian,4,M,0,1,2,1,0
37,25 - 45,Male,African-American,2,F,0,0,0,0,2
33,25 - 45,Male,African-American,0,F,0,0,0,0,2
23,Less than 25,Male,African-American,5,F,0,0,1,1,0
22,Less than 25,Male,African-American,0,M,0,0,1,1,0
24,Less than 25,Male,African-American,0,F,0,0,0,0,0
44,25 - 45,Male,African-American,2,M,0,0,0,0,3
26,25 - 45,Male,African-American,4,M,0,0,0,0,1
26,25 - 45,Female,African-American,0,M,0,0,0,0,1
29,25 - 45,Male,African-American,2,F,0,0,0,0,1
26,25 - 45,Male,Hispanic,0,F,0,0,1,0,1
30,25 - 45,Male,Caucasian,1,M,0,0,0,0,1
23,Less than 25,Male,African-American,1,F,0,0,0,1,0
42,25 - 45,Male,Other,1,F,0,0,0,0,2
28,25 - 45,Female,African-American,0,F,0,0,0,1,1
20,Less than 25,Male,African-American,0,F,0,0,0,0,0
24,Less than 25,Female,Caucasian,7,M,0,2,0,0,0
36,25 - 45,Female,Other,6,F,0,1,0,1,2
37,25 - 45,Male,African-American,6,F,0,0,0,1,2
21,Less than 25,Female,African-American,1,F,0,0,0,0,0
27,25 - 45,Male,African-American,8,F,0,0,0,1,1
26,25 - 45,Male,African-American,2,F,0,0,0,1,1
42,25 - 45,Male,Caucasian,0,M,0,0,0,0,2
23,Less than 25,Male,African-American,8,F,0,0,0,1,0
43,25 - 45,Male,Caucasian,1,F,0,0,0,0,3
55,Greater than 45,Female,Caucasian,0,M,0,0,0,0,3
38,25 - 45,Male,Caucasian,0,F,0,0,0,1,2
24,Less than 25,Male,Caucasian,1,F,0,0,0,1,0
23,Less than 25,Male,African-American,0,M,0,0,0,0,0
64,Greater than 45,Female,African-American,0,F,0,0,0,0,3
48,Greater than 45,Male,Other,0,M,0,0,0,0,3
32,25 - 45,Male,African-American,11,F,0,1,2,1,2
39,25 - 45,Female,African-American,0,F,0,0,0,1,2
30,25 - 45,Male,Caucasian,0,M,0,0,0,0,1
22,Less than 25,Female,African-American,1,M,0,0,0,0,0
20,Less than 25,Male,African-American,2,F,0,0,0,1,0
21,Less than 25,Male,African-American,0,F,0,0,0,1,0
24,Less than 25,Male,Caucasian,0,F,0,0,0,0,0
49,Greater than 45,Male,Hispanic,2,M,0,0,0,0,3
50,Greater than 45,Male,Caucasian,2,F,0,0,0,0,3
30,25 - 45,Male,African-American,3,M,0,0,0,0,1
51,Greater than 45,Male,African-American,12,F,0,0,0,1,3
21,Less than 25,Male,African-American,2,M,0,2,0,1,0
21,Less than 25,Male,African-American,1,F,1,0,2,1,0
31,25 - 45,Male,African-American,1,F,0,0,0,0,1
23,Less than 25,Male,African-American,2,M,0,0,0,1,0
23,Less than 25,Male,Hispanic,0,M,0,0,0,0,0
32,25 - 45,Male,African-American,4,F,0,0,0,1,2
28,25 - 45,Male,African-American,11,F,0,0,0,1,1
50,Greater than 45,Male,Caucasian,16,F,1,0,0,1,3
24,Less than 25,Male,African-American,0,F,0,0,1,0,0
19,Less than 25,Female,African-American,1,F,0,0,0,1,0
31,25 - 45,Male,Other,1,M,0,0,0,0,1
29,25 - 45,Male,African-American,3,F,0,0,0,1,1
41,25 - 45,Male,African-American,6,F,0,0,0,1,2
28,25 - 45,Male,African-American,4,M,0,0,0,1,1
29,25 - 45,Male,Caucasian,6,F,0,0,0,1,1
49,Greater than 45,Male,Caucasian,0,F,0,0,0,0,3
42,25 - 45,Male,Caucasian,0,M,0,0,0,0,2
38,25 - 45,Male,African-American,4,M,0,0,0,0,2
22,Less than 25,Male,African-American,3,F,0,0,1,1,0
46,Greater than 45,Male,Caucasian,0,M,0,0,0,1,3
63,Greater than 45,Male,Caucasian,1,F,0,0,0,0,3
38,25 - 45,Male,African-American,0,F,0,0,0,1,2
36,25 - 45,Male,African-American,0,F,0,0,0,0,2
27,25 - 45,Female,African-American,10,M,0,1,0,1,1
22,Less than 25,Male,Caucasian,6,F,0,0,0,1,0
29,25 - 45,Male,African-American,11,M,0,0,0,0,1
23,Less than 25,Male,African-American,6,F,0,0,0,1,0
39,25 - 45,Male,African-American,2,M,0,0,0,0,2
47,Greater than 45,Male,Caucasian,0,M,0,0,0,0,3
26,25 - 45,Male,African-American,7,F,0,0,0,1,1
21,Less than 25,Female,African-American,0,F,0,0,0,1,0
55,Greater than 45,Male,African-American,12,F,0,0,0,0,3
63,Greater than 45,Male,African-American,2,M,0,0,0,0,3
27,25 - 45,Male,African-American,2,F,0,0,0,1,1
55,Greater than 45,Male,Caucasian,27,M,0,0,0,0,3
57,Greater than 45,Male,Caucasian,21,M,0,0,0,1,3
24,Less than 25,Male,Hispanic,1,F,0,0,0,0,0
54,Greater than 45,Male,Other,2,M,0,0,0,1,3
30,25 - 45,Male,African-American,2,F,0,0,0,1,1
26,25 - 45,Male,African-American,3,M,0,1,0,0,1
26,25 - 45,Male,Caucasian,0,F,0,0,0,1,1
37,25 - 45,Male,Caucasian,1,M,0,0,0,0,2
25,25 - 45,Male,African-American,4,M,0,0,0,0,0
34,25 - 45,Male,African-American,0,F,0,0,0,0,2
48,Greater than 45,Female,Hispanic,4,F,0,0,0,1,3
25,25 - 45,Male,African-American,2,F,1,1,0,1,0
57,Greater than 45,Male,Other,0,F,0,0,0,0,3
46,Greater than 45,Male,Caucasian,2,F,0,0,0,0,3
21,Less than 25,Male,Hispanic,0,F,0,0,0,1,0
32,25 - 45,Male,African-American,8,F,0,0,1,0,2
25,25 - 45,Female,African-American,5,F,0,0,0,1,0
35,25 - 45,Male,African-American,4,F,0,0,0,1,2
33,25 - 45,Female,African-American,2,F,0,0,0,1,2
26,25 - 45,Male,African-American,2,F,0,0,0,1,1
49,Greater than 45,Male,Caucasian,10,F,0,0,0,1,3
29,25 - 45,Male,African-American,2,M,0,0,0,0,1
28,25 - 45,Male,Caucasian,6,M,0,0,0,1,1
53,Greater than 45,Male,African-American,20,F,0,0,0,0,3
57,Greater than 45,Male,Hispanic,1,M,0,0,0,0,3
29,25 - 45,Male,African-American,3,F,0,1,0,1,1
27,25 - 45,Male,Caucasian,0,F,0,0,0,0,1
48,Greater than 45,Male,Caucasian,0,F,0,0,0,0,3
29,25 - 45,Male,Hispanic,0,M,0,0,0,1,1
25,25 - 45,Male,Caucasian,1,M,0,0,0,1,0
67,Greater than 45,Male,Caucasian,0,F,0,0,0,0,3
29,25 - 45,Male,African-American,2,M,0,0,1,0,1
53,Greater than 45,Female,African-American,3,F,0,0,0,0,3
23,Less than 25,Male,Caucasian,1,F,0,0,0,0,0
49,Greater than 45,Male,African-American,0,F,0,0,0,0,3
44,25 - 45,Female,Caucasian,0,M,0,0,0,0,3
55,Greater than 45,Female,Hispanic,0,F,0,0,0,0,3
26,25 - 45,Male,African-American,10,F,1,0,0,1,1
51,Greater than 45,Male,Caucasian,2,F,0,0,0,1,3
46,Greater than 45,Male,African-American,0,M,0,0,0,0,3
30,25 - 45,Male,Caucasian,1,F,0,0,0,1,1
48,Greater than 45,Female,African-American,0,F,0,0,0,1,3
77,Greater than 45,Male,African-American,1,M,0,0,0,1,3
21,Less than 25,Male,African-American,2,F,0,2,2,1,0
46,Greater than 45,Male,Caucasian,11,F,0,0,0,1,3
54,Greater than 45,Male,African-American,4,F,0,0,0,1,3
54,Greater than 45,Male,Caucasian,3,F,0,0,0,0,3
26,25 - 45,Male,African-American,15,F,0,0,0,0,1
23,Less than 25,Male,African-American,8,F,0,1,1,1,0
27,25 - 45,Male,Hispanic,1,F,0,0,0,0,1
39,25 - 45,Male,Caucasian,2,F,0,0,0,0,2
35,25 - 45,Male,Hispanic,13,F,0,0,0,0,2
29,25 - 45,Male,African-American,1,M,0,0,0,1,1
30,25 - 45,Male,African-American,9,M,1,0,0,1,1
41,25 - 45,Male,African-American,6,F,0,0,0,0,2
32,25 - 45,Male,African-American,1,M,0,0,0,0,2
48,Greater than 45,Male,African-American,12,M,0,0,0,0,3
39,25 - 45,Male,Caucasian,2,F,0,0,0,0,2
52,Greater than 45,Male,African-American,0,M,0,0,0,1,3
31,25 - 45,Male,African-American,3,F,0,1,0,1,1
22,Less than 25,Male,Caucasian,1,F,0,0,3,1,0
56,Greater than 45,Male,African-American,4,M,0,0,0,1,3
46,Greater than 45,Female,Caucasian,0,M,0,0,0,0,3
52,Greater than 45,Female,Caucasian,23,F,0,0,0,1,3
29,25 - 45,Male,African-American,7,F,0,0,0,1,1
22,Less than 25,Female,African-American,0,F,0,0,0,0,0
32,25 - 45,Male,Hispanic,1,F,0,0,0,0,2
39,25 - 45,Male,African-American,8,F,0,0,0,0,2
35,25 - 45,Male,African-American,9,F,0,0,0,0,2
26,25 - 45,Male,African-American,1,M,0,0,0,0,1
27,25 - 45,Male,African-American,1,F,0,0,0,0,1
27,25 - 45,Male,African-American,5,F,0,0,0,1,1
34,25 - 45,Female,Caucasian,10,F,0,0,0,1,2
47,Greater than 45,Male,African-American,21,F,0,0,0,1,3
27,25 - 45,Male,African-American,2,M,0,0,0,0,1
27,25 - 45,Male,Hispanic,6,F,0,0,0,0,1
32,25 - 45,Female,African-American,0,M,0,0,0,1,2
28,25 - 45,Male,Hispanic,8,M,0,0,0,1,1
25,25 - 45,Male,African-American,5,F,0,0,1,1,0
22,Less than 25,Male,Caucasian,2,M,0,0,1,1,0
43,25 - 45,Male,Caucasian,4,M,0,0,0,0,3
52,Greater than 45,Male,African-American,7,F,0,0,0,1,3
21,Less than 25,Male,African-American,2,F,0,0,0,1,0
28,25 - 45,Male,African-American,11,F,0,1,0,1,1
21,Less than 25,Male,African-American,1,F,0,0,0,1,0
26,25 - 45,Male,Hispanic,0,F,0,0,0,0,1
23,Less than 25,Male,Caucasian,4,M,0,1,0,1,0
39,25 - 45,Male,Hispanic,3,M,0,0,0,0,2
31,25 - 45,Male,African-American,1,M,0,0,0,0,1
34,25 - 45,Male,Caucasian,1,M,0,0,0,0,2
32,25 - 45,Male,African-American,0,M,0,0,0,0,2
50,Greater than 45,Female,Caucasian,0,M,0,0,0,1,3
27,25 - 45,Male,African-American,1,M,0,0,0,0,1
26,25 - 45,Female,African-American,4,F,0,1,0,0,1
27,25 - 45,Male,African-American,4,F,1,0,0,1,1
29,25 - 45,Male,Caucasian,0,F,0,0,0,1,1
30,25 - 45,Male,Caucasian,11,M,0,0,0,1,1
58,Greater than 45,Male,African-American,0,M,0,0,0,0,3
27,25 - 45,Male,African-American,14,F,2,0,0,1,1
28,25 - 45,Male,African-American,5,F,0,0,0,1,1
24,Less than 25,Male,African-American,15,F,0,5,1,1,0
45,Greater than 45,Male,African-American,1,F,0,0,0,1,3
50,Greater than 45,Male,Caucasian,0,M,0,0,0,0,3
30,25 - 45,Female,African-American,15,F,0,0,0,1,1
25,25 - 45,Male,Hispanic,1,F,0,0,0,1,0
46,Greater than 45,Male,Hispanic,0,F,0,0,0,0,3
43,25 - 45,Male,Caucasian,0,F,0,0,0,1,3
24,Less than 25,Male,Caucasian,0,F,0,0,0,1,0
34,25 - 45,Male,African-American,10,F,0,0,0,0,2
56,Greater than 45,Male,Hispanic,2,F,0,0,0,0,3
26,25 - 45,Male,Caucasian,2,F,0,0,0,0,1
31,25 - 45,Male,Caucasian,0,F,0,0,0,0,1
23,Less than 25,Male,African-American,1,F,0,0,3,1,0
39,25 - 45,Male,African-American,0,F,0,0,0,0,2
50,Greater than 45,Male,African-American,4,F,0,0,0,1,3
22,Less than 25,Female,African-American,0,M,0,0,0,0,0
25,25 - 45,Female,African-American,0,M,0,0,0,0,0
21,Less than 25,Female,African-American,2,F,0,1,0,0,0
20,Less than 25,Male,Caucasian,1,F,0,0,0,0,0
54,Greater than 45,Male,African-American,12,M,0,0,0,1,3
27,25 - 45,Female,African-American,2,F,0,0,0,1,1
45,Greater than 45,Male,Caucasian,5,F,0,0,0,1,3
34,25 - 45,Male,African-American,13,F,3,1,0,1,2
55,Greater than 45,Female,Caucasian,0,F,0,0,0,0,3
24,Less than 25,Male,African-American,0,M,0,0,0,0,0
20,Less than 25,Male,African-American,0,F,0,0,1,1,0
37,25 - 45,Male,African-American,5,M,0,0,0,1,2
34,25 - 45,Female,Caucasian,1,M,0,0,0,0,2
41,25 - 45,Female,African-American,2,F,0,0,0,1,2
21,Less than 25,Male,African-American,1,F,0,0,0,1,0
22,Less than 25,Male,African-American,3,F,0,0,0,1,0
24,Less than 25,Male,African-American,0,F,0,0,0,0,0
42,25 - 45,Male,Caucasian,8,F,0,0,0,0,2
23,Less than 25,Female,African-American,0,M,0,0,0,1,0
40,25 - 45,Female,African-American,1,F,0,0,0,0,2
19,Less than 25,Male,African-American,2,F,3,0,0,1,0
20,Less than 25,Male,Caucasian,0,M,0,0,0,0,0
44,25 - 45,Female,Caucasian,0,F,0,0,0,1,3
20,Less than 25,Male,African-American,0,M,0,0,0,0,0
27,25 - 45,Male,African-American,5,M,0,0,0,0,1
20,Less than 25,Male,Caucasian,0,M,0,0,0,1,0
20,Less than 25,Male,African-American,0,F,0,0,0,0,0
28,25 - 45,Male,Caucasian,1,F,0,0,0,1,1
29,25 - 45,Male,African-American,9,F,0,0,0,1,1
21,Less than 25,Male,African-American,0,F,0,0,0,1,0
45,Greater than 45,Male,African-American,4,M,0,0,0,1,3
24,Less than 25,Female,African-American,2,F,0,0,0,1,0
60,Greater than 45,Male,African-American,15,F,0,0,0,1,3
43,25 - 45,Male,African-American,8,F,1,0,0,1,3
21,Less than 25,Male,Other,0,F,0,0,0,1,0
24,Less than 25,Female,African-American,0,F,0,0,0,0,0
23,Less than 25,Male,African-American,3,F,0,1,0,1,0
27,25 - 45,Male,Caucasian,0,F,0,0,0,0,1
24,Less than 25,Male,Caucasian,0,F,0,0,0,0,0
31,25 - 45,Male,African-American,6,M,0,1,0,1,1
22,Less than 25,Male,African-American,0,F,0,0,0,1,0
46,Greater than 45,Female,African-American,4,F,0,0,0,0,3
53,Greater than 45,Male,African-American,3,M,0,0,0,0,3
54,Greater than 45,Male,Caucasian,0,F,0,0,0,0,3
37,25 - 45,Female,Caucasian,5,F,0,0,0,1,2
35,25 - 45,Female,African-American,7,F,0,0,0,1,2
53,Greater than 45,Female,African-American,0,F,0,0,0,0,3
26,25 - 45,Male,African-American,9,M,0,0,0,1,1
48,Greater than 45,Male,African-American,7,M,0,0,0,1,3
63,Greater than 45,Male,African-American,22,M,0,0,0,1,3
56,Greater than 45,Female,African-American,2,M,0,0,0,1,3
25,25 - 45,Male,African-American,6,F,0,0,0,1,0
49,Greater than 45,Female,Caucasian,0,F,0,0,0,0,3
34,25 - 45,Male,Caucasian,0,M,0,0,0,1,2
21,Less than 25,Male,African-American,0,M,0,0,0,1,0
23,Less than 25,Male,Caucasian,0,F,0,0,0,1,0
57,Greater than 45,Male,Caucasian,0,F,0,0,0,0,3
29,25 - 45,Male,Caucasian,8,F,0,1,0,1,1
34,25 - 45,Female,Other,0,F,0,0,0,0,2
25,25 - 45,Male,Caucasian,5,F,0,0,0,1,0
42,25 - 45,Female,African-American,1,F,0,0,0,0,2
51,Greater than 45,Male,African-American,1,F,0,0,0,0,3
26,25 - 45,Male,African-American,7,F,0,0,0,0,1
31,25 - 45,Male,Other,5,M,0,1,0,0,1
34,25 - 45,Male,African-American,9,F,0,1,0,0,2
53,Greater than 45,Male,African-American,13,M,0,0,0,0,3
43,25 - 45,Female,African-American,6,F,0,0,0,0,3
34,25 - 45,Male,African-American,0,F,0,0,0,0,2
27,25 - 45,Female,Caucasian,2,F,0,0,0,1,1
51,Greater than 45,Male,African-American,0,M,0,0,0,0,3
26,25 - 45,Male,Caucasian,1,M,0,0,0,0,1
47,Greater than 45,Male,African-American,5,F,0,0,0,0,3
22,Less than 25,Male,Caucasian,0,F,0,0,1,0,0
36,25 - 45,Female,Caucasian,0,F,0,0,0,0,2
36,25 - 45,Female,Hispanic,1,M,0,0,0,0,2
41,25 - 45,Male,Caucasian,4,F,0,0,0,1,2
37,25 - 45,Male,African-American,2,M,0,0,0,0,2
21,Less than 25,Male,African-American,2,F,0,0,0,0,0
25,25 - 45,Male,African-American,6,M,0,3,1,0,0
27,25 - 45,Male,Hispanic,1,F,0,0,0,1,1
31,25 - 45,Female,Hispanic,2,F,0,0,0,1,1
24,Less than 25,Male,African-American,7,M,0,0,1,1,0
33,25 - 45,Male,Caucasian,0,M,0,0,0,0,2
46,Greater than 45,Male,Caucasian,5,F,0,0,0,0,3
44,25 - 45,Female,Caucasian,3,F,0,0,0,1,3
46,Greater than 45,Male,Caucasian,0,F,0,0,0,1,3
28,25 - 45,Female,African-American,1,F,0,0,0,0,1
28,25 - 45,Male,African-American,5,F,1,0,0,1,1
66,Greater than 45,Male,African-American,5,F,0,0,0,1,3
20,Less than 25,Male,Caucasian,0,M,0,0,0,0,0
27,25 - 45,Male,African-American,2,F,0,0,0,0,1
24,Less than 25,Female,Other,0,F,0,0,0,0,0
25,25 - 45,Male,African-American,3,F,0,0,0,1,0
31,25 - 45,Male,Caucasian,8,M,0,0,0,0,1
39,25 - 45,Female,African-American,1,F,0,0,0,0,2
41,25 - 45,Female,African-American,7,F,0,0,0,1,2
26,25 - 45,Male,African-American,0,F,0,0,0,0,1
25,25 - 45,Male,African-American,2,M,0,0,0,1,0
35,25 - 45,Male,African-American,5,F,0,0,0,0,2
55,Greater than 45,Male,Hispanic,0,M,0,0,0,0,3
22,Less than 25,Male,African-American,2,F,0,0,0,1,0
29,25 - 45,Female,Other,2,M,0,0,0,1,1
25,25 - 45,Male,African-American,7,F,0,0,0,1,0
50,Greater than 45,Male,Caucasian,18,M,0,0,0,1,3
27,25 - 45,Female,Caucasian,2,M,0,0,0,0,1
50,Greater than 45,Male,Hispanic,5,F,0,0,0,1,3
20,Less than 25,Female,Caucasian,0,M,0,0,0,1,0
56,Greater than 45,Male,Caucasian,5,M,0,0,0,0,3
25,25 - 45,Male,African-American,5,F,0,0,0,1,0
48,Greater than 45,Female,African-American,1,F,0,0,0,0,3
21,Less than 25,Male,African-American,1,F,0,0,0,0,0
31,25 - 45,Male,Caucasian,2,M,0,0,0,1,1
35,25 - 45,Male,Caucasian,0,M,0,0,0,0,2
25,25 - 45,Male,Hispanic,6,M,0,0,0,1,0
34,25 - 45,Male,African-American,2,F,0,0,0,1,2
32,25 - 45,Male,African-American,0,F,0,0,0,0,2
33,25 - 45,Male,Hispanic,1,M,0,0,0,0,2
31,25 - 45,Female,African-American,1,F,0,0,0,1,1
29,25 - 45,Male,African-American,6,F,0,0,0,1,1
25,25 - 45,Male,African-American,2,F,0,0,0,0,0
26,25 - 45,Male,African-American,13,M,0,0,0,0,1
44,25 - 45,Female,Hispanic,0,M,0,0,0,0,3
31,25 - 45,Male,African-American,11,M,0,0,0,1,1
28,25 - 45,Male,African-American,3,M,0,0,0,1,1
47,Greater than 45,Female,Hispanic,1,F,0,0,0,0,3
27,25 - 45,Female,African-American,10,F,0,1,0,1,1
24,Less than 25,Male,African-American,0,F,0,0,2,1,0
49,Greater than 45,Male,Caucasian,0,F,0,0,0,0,3
40,25 - 45,Female,Caucasian,0,F,0,0,0,0,2
22,Less than 25,Male,African-American,4,M,0,0,0,0,0
28,25 - 45,Male,African-American,5,F,0,0,0,1,1
51,Greater than 45,Female,Caucasian,1,F,0,0,0,0,3
24,Less than 25,Male,African-American,2,F,0,0,0,1,0
49,Greater than 45,Male,Caucasian,1,M,0,0,0,0,3
33,25 - 45,Male,Caucasian,0,M,0,0,0,1,2
34,25 - 45,Male,African-American,6,F,0,0,0,1,2
30,25 - 45,Male,African-American,8,M,0,0,1,1,1
44,25 - 45,Male,Caucasian,0,F,0,0,0,1,3
41,25 - 45,Male,African-American,12,F,0,0,3,1,2
46,Greater than 45,Male,Caucasian,0,F,0,0,0,0,3
57,Greater than 45,Male,African-American,2,M,0,0,0,0,3
44,25 - 45,Female,Caucasian,1,M,0,0,0,0,3
32,25 - 45,Male,African-American,0,F,0,0,0,0,2
36,25 - 45,Male,African-American,1,M,0,0,0,0,2
30,25 - 45,Male,African-American,1,M,0,0,0,0,1
28,25 - 45,Male,African-American,0,M,0,0,0,0,1
31,25 - 45,Male,Caucasian,3,M,0,0,0,1,1
29,25 - 45,Male,African-American,8,F,1,0,0,1,1
21,Less than 25,Male,African-American,1,M,0,0,0,0,0
23,Less than 25,Male,African-American,5,F,1,0,0,1,0
27,25 - 45,Male,Other,0,M,0,0,0,0,1
25,25 - 45,Male,Caucasian,4,F,0,0,0,0,0
49,Greater than 45,Female,African-American,25,F,0,0,0,1,3
35,25 - 45,Male,Other,2,F,0,0,0,0,2
35,25 - 45,Male,Hispanic,0,F,0,0,0,1,2
25,25 - 45,Female,African-American,1,M,0,0,0,1,0
32,25 - 45,Male,Hispanic,2,M,1,0,0,1,2
35,25 - 45,Male,African-American,9,F,0,0,0,0,2
33,25 - 45,Male,Caucasian,4,M,0,0,0,0,2
38,25 - 45,Male,Caucasian,8,F,0,0,0,0,2
32,25 - 45,Male,African-American,0,M,0,0,0,0,2
23,Less than 25,Female,African-American,0,M,0,0,0,0,0
67,Greater than 45,Male,African-American,3,F,0,0,0,0,3
23,Less than 25,Male,African-American,4,F,1,1,2,0,0
26,25 - 45,Female,African-American,0,M,0,0,0,0,1
31,25 - 45,Male,African-American,9,F,0,0,0,1,1
22,Less than 25,Male,African-American,0,M,0,0,0,1,0
20,Less than 25,Female,Caucasian,0,F,0,0,0,1,0
24,Less than 25,Male,African-American,1,F,0,0,0,0,0
37,25 - 45,Male,African-American,0,M,0,0,0,0,2
29,25 - 45,Male,African-American,0,F,0,0,0,0,1
34,25 - 45,Male,Other,0,F,0,0,0,0,2
29,25 - 45,Male,African-American,9,F,0,0,1,1,1
49,Greater than 45,Male,Caucasian,3,F,0,0,0,0,3
31,25 - 45,Male,African-American,2,F,0,0,0,0,1
59,Greater than 45,Male,Caucasian,0,M,0,0,0,0,3
39,25 - 45,Male,African-American,2,M,0,0,0,1,2
23,Less than 25,Male,African-American,1,F,0,0,1,0,0
27,25 - 45,Male,African-American,3,F,0,0,0,1,1
22,Less than 25,Male,African-American,1,F,0,0,0,0,0
21,Less than 25,Male,Caucasian,0,F,0,0,0,1,0
36,25 - 45,Male,African-American,0,F,0,0,0,0,2
30,25 - 45,Male,African-American,10,F,0,0,1,1,1
31,25 - 45,Male,Caucasian,3,M,0,0,0,0,1
29,25 - 45,Female,Hispanic,0,M,0,0,0,0,1
47,Greater than 45,Male,Other,5,M,0,0,0,1,3
25,25 - 45,Male,African-American,7,F,0,0,0,0,0
26,25 - 45,Male,Caucasian,0,F,0,0,0,0,1
24,Less than 25,Male,African-American,0,M,0,0,0,0,0
43,25 - 45,Male,Other,1,F,0,0,0,0,3
27,25 - 45,Male,African-American,11,F,1,2,0,0,1
28,25 - 45,Male,Caucasian,4,F,0,0,0,0,1
33,25 - 45,Female,Other,0,F,0,0,0,0,2
54,Greater than 45,Male,Caucasian,3,F,0,0,0,1,3
57,Greater than 45,Male,Caucasian,0,M,0,0,0,0,3
54,Greater than 45,Male,Caucasian,11,F,0,0,0,1,3
30,25 - 45,Male,African-American,2,F,0,0,0,0,1
27,25 - 45,Male,Other,0,M,0,0,0,0,1
31,25 - 45,Female,African-American,4,F,0,0,0,0,1
29,25 - 45,Male,Caucasian,0,F,0,0,0,0,1
29,25 - 45,Female,Hispanic,0,M,0,0,0,1,1
33,25 - 45,Male,Hispanic,2,M,0,0,0,0,2
22,Less than 25,Male,African-American,0,M,0,0,0,0,0
28,25 - 45,Male,African-American,2,F,0,0,0,0,1
35,25 - 45,Male,African-American,0,M,0,0,0,1,2
29,25 - 45,Male,African-American,2,F,0,0,0,1,1
30,25 - 45,Male,African-American,14,F,0,1,0,0,1
44,25 - 45,Female,African-American,1,M,0,0,0,0,3
27,25 - 45,Male,African-American,2,F,0,0,0,1,1
63,Greater than 45,Female,Caucasian,0,M,0,0,0,0,3
27,25 - 45,Male,African-American,6,F,0,0,0,1,1
34,25 - 45,Male,Other,3,M,0,0,0,0,2
36,25 - 45,Male,Caucasian,0,F,0,0,0,1,2
31,25 - 45,Male,African-American,5,F,0,0,1,1,1
21,Less than 25,Male,African-American,0,F,0,0,0,0,0
23,Less than 25,Male,Caucasian,1,F,0,0,0,0,0
55,Greater than 45,Male,African-American,1,F,0,0,0,0,3
40,25 - 45,Male,African-American,1,F,0,0,0,0,2
30,25 - 45,Male,African-American,3,M,0,0,0,1,1
41,25 - 45,Male,African-American,1,M,0,0,0,0,2
56,Greater than 45,Male,Caucasian,0,M,0,0,0,0,3
23,Less than 25,Male,African-American,1,F,0,0,0,1,0
61,Greater than 45,Male,African-American,14,M,0,0,0,0,3
22,Less than 25,Male,Hispanic,0,F,0,0,0,1,0
20,Less than 25,Male,African-American,0,F,0,0,0,1,0
49,Greater than 45,Male,Caucasian,2,F,0,0,0,1,3
31,25 - 45,Male,African-American,6,F,2,0,0,0,1
50,Greater than 45,Male,African-American,7,F,0,0,0,1,3
31,25 - 45,Female,African-American,3,M,0,0,0,1,1
32,25 - 45,Male,African-American,4,F,1,0,2,0,2
26,25 - 45,Female,Caucasian,7,F,0,0,0,1,1
44,25 - 45,Male,African-American,0,F,0,0,0,1,3
56,Greater than 45,Male,Other,0,M,0,0,0,0,3
62,Greater than 45,Male,African-American,0,M,0,0,0,0,3
43,25 - 45,Male,African-American,3,F,0,0,0,1,3
31,25 - 45,Male,Hispanic,8,M,2,1,0,1,1
24,Less than 25,Female,African-American,1,M,0,0,0,1,0
41,25 - 45,Male,African-American,13,F,0,0,0,1,2
23,Less than 25,Male,Caucasian,0,M,0,0,0,0,0
25,25 - 45,Male,African-American,1,F,0,0,0,0,0
53,Greater than 45,Male,Other,0,M,0,0,0,0,3
67,Greater than 45,Male,Caucasian,0,M,0,0,0,0,3
38,25 - 45,Male,Hispanic,0,M,0,0,0,0,2
40,25 - 45,Male,Other,1,F,0,0,0,0,2
20,Less than 25,Male,African-American,0,F,0,0,0,1,0
45,Greater than 45,Female,Other,1,F,0,0,0,0,3
29,25 - 45,Male,African-American,3,M,1,0,0,1,1
32,25 - 45,Male,Hispanic,0,M,0,0,0,0,2
34,25 - 45,Female,Caucasian,0,F,0,0,1,1,2
23,Less than 25,Male,African-American,1,M,0,0,0,1,0
39,25 - 45,Female,Other,0,F,0,0,0,0,2
29,25 - 45,Male,African-American,0,F,0,0,0,0,1
46,Greater than 45,Male,African-American,4,F,0,0,0,0,3
31,25 - 45,Male,African-American,9,M,0,0,0,1,1
24,Less than 25,Male,African-American,1,M,0,0,0,0,0
28,25 - 45,Male,African-American,1,F,0,0,0,1,1
25,25 - 45,Female,African-American,0,M,0,0,0,1,0
24,Less than 25,Female,African-American,0,M,0,0,0,0,0
29,25 - 45,Male,Other,5,F,0,0,0,0,1
28,25 - 45,Male,Hispanic,3,F,0,0,0,1,1
36,25 - 45,Male,Caucasian,1,F,0,0,0,0,2
25,25 - 45,Male,African-American,2,M,0,0,0,0,0
29,25 - 45,Male,Caucasian,0,F,0,0,0,0,1
26,25 - 45,Female,Caucasian,1,F,0,0,0,0,1
23,Less than 25,Male,African-American,3,F,1,0,0,1,0
20,Less than 25,Male,Other,1,F,0,0,0,1,0
32,25 - 45,Male,African-American,4,F,0,0,0,1,2
29,25 - 45,Male,Hispanic,1,F,0,0,0,0,1
26,25 - 45,Female,Caucasian,0,F,0,0,0,0,1
45,Greater than 45,Male,Hispanic,3,F,0,0,0,0,3
35,25 - 45,Male,Caucasian,0,M,0,0,0,1,2
23,Less than 25,Male,African-American,0,M,0,0,0,1,0
46,Greater than 45,Female,Caucasian,0,M,0,0,0,0,3
41,25 - 45,Male,Caucasian,0,F,0,0,0,0,2
22,Less than 25,Male,Caucasian,0,M,0,0,1,1,0
27,25 - 45,Male,African-American,7,M,0,0,0,1,1
38,25 - 45,Female,Other,0,M,0,0,0,0,2
24,Less than 25,Female,African-American,1,F,0,0,0,1,0
27,25 - 45,Male,African-American,10,F,0,0,0,1,1
22,Less than 25,Male,Caucasian,1,M,0,0,0,0,0
43,25 - 45,Female,African-American,3,F,0,0,0,1,3
26,25 - 45,Male,African-American,3,M,0,1,0,1,1
26,25 - 45,Male,Caucasian,7,M,0,0,0,0,1
29,25 - 45,Male,Caucasian,3,F,0,0,0,1,1
42,25 - 45,Female,African-American,17,F,3,0,0,1,2
30,25 - 45,Male,African-American,0,M,0,0,0,0,1
34,25 - 45,Male,Caucasian,1,F,0,0,0,0,2
23,Less than 25,Male,Caucasian,3,M,0,0,7,0,0
47,Greater than 45,Female,Caucasian,0,M,0,0,0,0,3
55,Greater than 45,Male,Caucasian,2,M,0,0,0,0,3
30,25 - 45,Female,Caucasian,5,F,0,0,0,1,1
30,25 - 45,Male,Hispanic,0,M,0,0,0,0,1
43,25 - 45,Male,African-American,2,F,0,0,0,0,3
45,Greater than 45,Male,African-American,38,F,0,0,0,1,3
30,25 - 45,Male,Hispanic,0,M,0,0,0,0,1
61,Greater than 45,Female,Caucasian,15,F,0,0,0,0,3
63,Greater than 45,Male,African-American,16,M,0,0,0,0,3
49,Greater than 45,Male,Caucasian,0,F,0,0,0,0,3
49,Greater than 45,Male,African-American,1,M,0,0,0,0,3
42,25 - 45,Male,African-American,1,F,0,0,0,0,2
24,Less than 25,Male,African-American,1,M,0,0,0,0,0
51,Greater than 45,Male,Caucasian,0,F,0,0,0,0,3
32,25 - 45,Male,Hispanic,6,M,0,0,0,1,2
28,25 - 45,Male,Caucasian,4,F,0,0,0,1,1
26,25 - 45,Male,Caucasian,2,F,0,0,1,1,1
28,25 - 45,Male,Caucasian,2,F,0,0,0,1,1
49,Greater than 45,Male,African-American,2,F,0,0,0,0,3
33,25 - 45,Female,African-American,6,M,0,0,0,1,2
47,Greater than 45,Male,Caucasian,1,F,0,0,0,0,3
56,Greater than 45,Male,Caucasian,1,F,0,0,0,0,3
53,Greater than 45,Male,Caucasian,8,M,0,0,0,0,3
27,25 - 45,Male,Other,2,M,0,0,0,1,1
34,25 - 45,Male,Hispanic,17,F,0,0,0,1,2
41,25 - 45,Male,Caucasian,3,M,0,0,0,0,2
45,Greater than 45,Male,African-American,6,F,0,0,0,0,3
47,Greater than 45,Male,Caucasian,2,M,0,0,0,0,3
21,Less than 25,Female,African-American,0,F,0,0,0,0,0
27,25 - 45,Male,Caucasian,2,M,0,0,1,1,1
21,Less than 25,Male,African-American,0,F,0,0,0,0,0
31,25 - 45,Male,Caucasian,0,F,0,0,0,0,1
45,Greater than 45,Female,Hispanic,0,M,0,0,0,0,3
30,25 - 45,Male,African-American,8,F,2,0,0,0,1
43,25 - 45,Male,Hispanic,1,M,0,0,0,1,3
23,Less than 25,Male,African-American,0,F,0,0,0,0,0
52,Greater than 45,Male,Caucasian,1,F,0,0,0,0,3
48,Greater than 45,Male,African-American,11,M,0,0,0,1,3
51,Greater than 45,Female,African-American,3,M,0,0,0,0,3
30,25 - 45,Male,Caucasian,1,M,0,0,0,1,1
29,25 - 45,Female,African-American,5,F,0,0,0,1,1
44,25 - 45,Female,African-American,0,F,0,0,0,0,3
34,25 - 45,Male,African-American,12,F,0,0,0,1,2
25,25 - 45,Female,Hispanic,0,F,0,0,0,0,0
28,25 - 45,Male,African-American,5,F,1,2,0,1,1
28,25 - 45,Male,African-American,9,F,0,0,0,1,1
37,25 - 45,Male,Other,0,M,0,0,0,0,2
34,25 - 45,Female,Caucasian,0,F,0,0,0,0,2
23,Less than 25,Male,African-American,3,M,0,2,1,1,0
71,Greater than 45,Male,Caucasian,3,M,0,0,0,0,3
45,Greater than 45,Male,Caucasian,2,M,0,0,0,0,3
33,25 - 45,Female,Native American,5,F,0,0,0,1,2
29,25 - 45,Male,African-American,0,M,0,0,0,0,1
52,Greater than 45,Male,African-American,23,F,0,0,0,1,3
26,25 - 45,Male,Caucasian,1,F,0,0,0,0,1
31,25 - 45,Male,Hispanic,0,M,0,0,0,1,1
36,25 - 45,Male,Hispanic,5,F,0,0,0,0,2
52,Greater than 45,Male,African-American,17,F,0,0,0,1,3
42,25 - 45,Male,Hispanic,1,F,0,0,0,1,2
21,Less than 25,Male,African-American,0,M,0,0,0,0,0
29,25 - 45,Male,Caucasian,2,M,0,0,0,0,1
54,Greater than 45,Male,Caucasian,0,M,0,0,0,0,3
58,Greater than 45,Male,Caucasian,12,F,0,0,0,1,3
22,Less than 25,Female,Caucasian,1,M,0,0,0,0,0
27,25 - 45,Male,Caucasian,0,F,0,0,0,1,1
29,25 - 45,Male,Caucasian,1,M,0,0,0,0,1
25,25 - 45,Female,Hispanic,14,F,0,1,2,0,0
62,Greater than 45,Male,Other,0,M,0,0,0,0,3
23,Less than 25,Female,African-American,2,M,0,0,0,1,0
22,Less than 25,Male,Other,1,F,0,0,0,1,0
65,Greater than 45,Female,Caucasian,1,F,0,0,0,0,3
28,25 - 45,Female,Caucasian,5,F,0,0,0,1,1
31,25 - 45,Male,African-American,15,F,0,3,4,1,1
31,25 - 45,Male,Caucasian,0,F,0,0,0,0,1
21,Less than 25,Male,African-American,0,F,0,0,0,0,0
27,25 - 45,Male,African-American,17,F,0,2,0,1,1
33,25 - 45,Male,Caucasian,1,F,0,0,0,0,2
25,25 - 45,Male,African-American,3,F,0,1,0,0,0
39,25 - 45,Male,Caucasian,1,F,0,0,0,0,2
29,25 - 45,Male,African-American,8,M,0,0,0,1,1
27,25 - 45,Male,African-American,15,F,0,0,0,1,1
42,25 - 45,Female,Caucasian,0,F,0,0,0,0,2
21,Less than 25,Male,Caucasian,0,F,0,0,0,0,0
27,25 - 45,Male,African-American,5,M,0,0,1,1,1
36,25 - 45,Male,African-American,2,M,0,0,0,1,2
24,Less than 25,Female,African-American,0,F,0,0,0,1,0
67,Greater than 45,Female,Caucasian,0,M,0,0,0,0,3
29,25 - 45,Male,Other,4,F,0,0,0,1,1
27,25 - 45,Female,African-American,2,F,0,0,0,0,1
39,25 - 45,Male,African-American,3,F,0,0,0,1,2
42,25 - 45,Male,Caucasian,5,F,0,0,0,0,2
41,25 - 45,Male,Hispanic,1,M,0,0,0,0,2
25,25 - 45,Female,African-American,1,F,0,0,0,0,0
40,25 - 45,Male,Caucasian,8,F,0,0,0,1,2
37,25 - 45,Male,African-American,4,M,0,0,0,1,2
42,25 - 45,Female,African-American,8,F,0,0,0,1,2
27,25 - 45,Female,African-American,12,M,0,0,0,1,1
26,25 - 45,Male,African-American,8,F,0,0,0,1,1
23,Less than 25,Male,African-American,1,M,0,0,0,0,0
32,25 - 45,Male,Caucasian,8,M,0,0,0,1,2
31,25 - 45,Female,Caucasian,1,M,0,0,0,1,1
20,Less than 25,Male,Caucasian,1,F,0,0,0,1,0
26,25 - 45,Male,Caucasian,4,F,0,0,0,1,1
51,Greater than 45,Male,Caucasian,2,M,0,0,0,1,3
67,Greater than 45,Male,Caucasian,0,M,0,0,0,0,3
27,25 - 45,Male,African-American,10,F,0,0,0,0,1
26,25 - 45,Female,Caucasian,1,M,0,0,0,0,1
55,Greater than 45,Male,African-American,3,M,0,0,0,1,3
51,Greater than 45,Male,Caucasian,1,F,0,0,0,0,3
31,25 - 45,Male,Other,0,F,0,0,0,0,1
28,25 - 45,Male,Caucasian,0,M,0,0,0,0,1
51,Greater than 45,Female,Caucasian,0,M,0,0,0,0,3
28,25 - 45,Male,African-American,13,F,0,0,0,1,1
22,Less than 25,Male,African-American,0,F,0,0,0,1,0
26,25 - 45,Male,African-American,2,F,0,0,0,1,1
27,25 - 45,Female,African-American,1,F,0,1,0,0,1
32,25 - 45,Male,African-American,5,M,0,0,0,0,2
36,25 - 45,Male,African-American,11,F,0,0,0,1,2
27,25 - 45,Male,African-American,4,M,0,0,0,0,1
41,25 - 45,Male,Caucasian,1,F,0,0,0,1,2
24,Less than 25,Male,African-American,12,M,0,3,0,0,0
61,Greater than 45,Male,African-American,11,F,0,0,0,0,3
29,25 - 45,Female,Caucasian,3,F,0,0,0,0,1
34,25 - 45,Male,Caucasian,11,F,0,0,0,0,2
45,Greater than 45,Male,Caucasian,0,F,0,0,0,0,3
21,Less than 25,Male,Caucasian,3,F,0,2,1,1,0
28,25 - 45,Male,African-American,20,F,0,0,0,1,1
23,Less than 25,Male,African-American,3,F,2,0,0,0,0
31,25 - 45,Male,Caucasian,6,F,0,0,0,0,1
59,Greater than 45,Male,Caucasian,0,M,0,0,0,1,3
40,25 - 45,Male,African-American,8,M,0,0,0,1,2
22,Less than 25,Female,Caucasian,1,M,0,0,1,0,0
21,Less than 25,Male,African-American,1,M,0,1,0,1,0
24,Less than 25,Male,African-American,1,F,1,0,1,1,0
25,25 - 45,Male,Caucasian,2,F,0,0,0,1,0
25,25 - 45,Female,African-American,1,F,0,0,0,0,0
47,Greater than 45,Male,African-American,3,M,0,0,0,1,3
25,25 - 45,Male,Hispanic,1,F,0,0,0,0,0
21,Less than 25,Male,African-American,5,M,0,0,0,1,0
29,25 - 45,Male,African-American,1,F,0,0,0,1,1
40,25 - 45,Male,Caucasian,4,F,0,0,0,1,2
32,25 - 45,Female,Hispanic,1,F,0,0,0,0,2
39,25 - 45,Male,Caucasian,0,M,0,0,0,0,2
22,Less than 25,Male,Other,3,F,0,0,1,0,0
30,25 - 45,Female,African-American,0,M,0,0,0,1,1
22,Less than 25,Female,Caucasian,2,F,0,0,0,1,0
25,25 - 45,Male,Caucasian,0,M,0,0,0,0,0
21,Less than 25,Female,Caucasian,0,M,0,0,0,1,0
25,25 - 45,Male,Caucasian,0,M,0,0,0,1,0
54,Greater than 45,Male,Caucasian,1,F,0,0,0,1,3
27,25 - 45,Male,African-American,5,M,0,0,0,1,1
45,Greater than 45,Male,Caucasian,4,M,0,0,0,1,3
32,25 - 45,Male,African-American,4,F,0,0,0,1,2
22,Less than 25,Male,African-American,0,M,0,0,0,1,0
23,Less than 25,Male,Other,6,F,0,0,0,1,0
44,25 - 45,Female,African-American,6,F,0,0,0,0,3
59,Greater than 45,Male,Other,20,F,0,0,0,1,3
28,25 - 45,Male,African-American,0,M,0,0,0,1,1
23,Less than 25,Male,African-American,0,F,0,0,0,0,0
46,Greater than 45,Male,Caucasian,0,F,0,0,0,0,3
33,25 - 45,Male,Caucasian,2,F,0,0,0,0,2
30,25 - 45,Male,Other,1,M,0,0,0,1,1
40,25 - 45,Female,Caucasian,3,F,0,0,0,1,2
54,Greater than 45,Male,Caucasian,7,F,0,0,0,0,3
21,Less than 25,Male,Caucasian,0,M,0,0,0,0,0
43,25 - 45,Male,Caucasian,6,M,0,0,0,1,3
22,Less than 25,Male,African-American,3,F,0,0,0,1,0
22,Less than 25,Male,African-American,0,M,0,0,0,0,0
31,25 - 45,Male,African-American,0,F,0,0,0,0,1
32,25 - 45,Male,African-American,6,F,0,0,0,1,2
50,Greater than 45,Female,Caucasian,3,F,0,0,0,0,3
27,25 - 45,Male,Hispanic,4,F,0,0,0,1,1
21,Less than 25,Male,African-American,1,M,0,0,0,0,0
23,Less than 25,Male,Caucasian,0,M,0,0,0,0,0
33,25 - 45,Male,African-American,3,M,0,0,0,1,2
64,Greater than 45,Male,African-American,0,M,0,0,0,0,3
42,25 - 45,Female,Other,0,F,0,0,0,0,2
20,Less than 25,Male,African-American,0,F,0,0,1,0,0
26,25 - 45,Male,Caucasian,1,M,0,0,0,0,1
30,25 - 45,Male,African-American,18,F,0,1,1,1,1
23,Less than 25,Male,Hispanic,0,M,0,0,0,1,0
23,Less than 25,Male,African-American,10,F,0,0,1,1,0
60,Greater than 45,Male,African-American,13,F,0,0,0,1,3
46,Greater than 45,Male,African-American,2,F,0,0,0,1,3
29,25 - 45,Female,African-American,0,F,0,0,0,0,1
56,Greater than 45,Male,Caucasian,0,M,0,0,0,1,3
45,Greater than 45,Female,African-American,0,F,0,0,0,0,3
26,25 - 45,Male,African-American,4,F,0,0,0,1,1
47,Greater than 45,Female,African-American,4,M,0,0,0,0,3
29,25 - 45,Female,African-American,7,F,0,1,0,1,1
32,25 - 45,Male,African-American,9,F,2,1,0,0,2
27,25 - 45,Male,Caucasian,2,F,0,0,0,1,1
23,Less than 25,Male,Other,0,F,0,0,0,0,0
29,25 - 45,Male,African-American,10,F,0,0,0,1,1
33,25 - 45,Male,Hispanic,11,F,0,0,1,1,2
22,Less than 25,Male,African-American,1,F,0,0,0,1,0
33,25 - 45,Female,Hispanic,2,F,0,0,0,0,2
28,25 - 45,Female,African-American,1,F,0,0,0,0,1
36,25 - 45,Male,Caucasian,0,F,0,0,0,0,2
32,25 - 45,Male,Hispanic,1,F,0,0,0,0,2
24,Less than 25,Male,African-American,0,F,0,0,0,0,0
33,25 - 45,Male,African-American,9,M,2,0,0,1,2
46,Greater than 45,Male,African-American,2,M,0,0,0,0,3
31,25 - 45,Male,Caucasian,9,M,0,0,0,1,1
49,Greater than 45,Male,Caucasian,3,F,0,0,0,1,3
24,Less than 25,Male,African-American,0,F,0,0,3,1,0
57,Greater than 45,Male,African-American,28,F,0,0,0,1,3
36,25 - 45,Male,African-American,14,F,1,2,0,1,2
43,25 - 45,Male,African-American,23,F,0,1,0,0,3
42,25 - 45,Male,African-American,0,M,0,0,0,0,2
32,25 - 45,Male,Caucasian,4,F,0,0,0,1,2
26,25 - 45,Male,Caucasian,1,F,0,0,0,0,1
74,Greater than 45,Male,Caucasian,0,M,0,0,0,0,3
24,Less than 25,Male,African-American,3,F,0,0,1,1,0
24,Less than 25,Female,Hispanic,1,M,0,0,0,0,0
22,Less than 25,Male,Other,0,F,0,0,1,0,0
33,25 - 45,Male,African-American,2,M,0,0,0,0,2
22,Less than 25,Male,African-American,1,M,0,0,0,1,0
50,Greater than 45,Male,Caucasian,4,M,0,0,0,0,3
28,25 - 45,Female,Caucasian,7,F,0,0,0,1,1
35,25 - 45,Female,African-American,5,F,0,0,1,1,2
33,25 - 45,Male,African-American,0,F,0,0,0,1,2
36,25 - 45,Female,African-American,1,M,0,0,0,0,2
28,25 - 45,Male,African-American,2,F,0,0,0,1,1
63,Greater than 45,Male,African-American,1,F,0,0,0,0,3
24,Less than 25,Male,African-American,11,F,0,0,0,1,0
69,Greater than 45,Female,Caucasian,5,F,0,0,0,0,3
41,25 - 45,Male,African-American,18,F,1,0,0,1,2
44,25 - 45,Male,Caucasian,1,M,0,0,0,0,3
29,25 - 45,Female,African-American,0,F,0,0,0,0,1
52,Greater than 45,Female,Caucasian,0,M,0,0,0,0,3
23,Less than 25,Male,African-American,1,F,0,0,0,1,0
22,Less than 25,Female,Hispanic,0,M,0,0,0,0,0
26,25 - 45,Male,Caucasian,0,F,0,0,0,0,1
24,Less than 25,Male,African-American,0,M,0,0,0,1,0
45,Greater than 45,Male,African-American,4,M,0,0,0,0,3
22,Less than 25,Male,Hispanic,0,F,0,0,0,1,0
24,Less than 25,Male,African-American,4,F,0,0,0,1,0
26,25 - 45,Female,Hispanic,1,M,0,0,0,0,1
47,Greater than 45,Male,African-American,0,M,0,0,0,0,3
20,Less than 25,Male,African-American,2,F,1,0,0,1,0
26,25 - 45,Male,African-American,0,F,0,0,0,0,1
36,25 - 45,Male,African-American,9,F,0,0,0,1,2
33,25 - 45,Male,Caucasian,2,M,0,0,0,1,2
52,Greater than 45,Male,Caucasian,1,M,0,0,0,0,3
51,Greater than 45,Male,Caucasian,0,F,0,0,0,0,3
20,Less than 25,Male,Caucasian,1,F,0,0,3,1,0
47,Greater than 45,Male,African-American,7,F,0,0,0,1,3
38,25 - 45,Male,Caucasian,1,M,0,0,0,1,2
67,Greater than 45,Male,Caucasian,1,F,0,0,0,0,3
47,Greater than 45,Male,African-American,1,F,0,0,0,0,3
66,Greater than 45,Male,Caucasian,0,M,0,0,0,0,3
39,25 - 45,Male,Caucasian,0,F,0,0,0,0,2
49,Greater than 45,Female,Caucasian,2,M,0,0,0,0,3
45,Greater than 45,Female,African-American,9,M,0,0,0,0,3
22,Less than 25,Male,Asian,1,M,0,0,0,0,0
46,Greater than 45,Female,Caucasian,7,F,0,0,0,1,3
29,25 - 45,Male,African-American,15,F,0,0,0,1,1
28,25 - 45,Male,African-American,2,M,0,0,0,1,1
22,Less than 25,Female,African-American,0,F,0,0,0,1,0
20,Less than 25,Male,African-American,1,F,1,0,1,1,0
34,25 - 45,Male,Caucasian,5,F,0,0,0,0,2
34,25 - 45,Male,Caucasian,13,F,0,0,0,0,2
22,Less than 25,Male,African-American,8,F,0,1,0,1,0
25,25 - 45,Male,Caucasian,3,M,0,0,0,1,0
27,25 - 45,Male,Caucasian,13,F,0,2,1,1,1
34,25 - 45,Male,African-American,1,F,0,0,0,0,2
34,25 - 45,Male,Caucasian,1,F,0,0,0,0,2
54,Greater than 45,Male,African-American,10,F,0,0,0,1,3
51,Greater than 45,Male,Other,0,F,0,0,0,1,3
36,25 - 45,Female,Caucasian,5,F,0,0,0,1,2
20,Less than 25,Male,Asian,2,F,0,1,0,1,0
30,25 - 45,Male,African-American,8,F,1,0,2,1,1
44,25 - 45,Male,Hispanic,0,M,0,0,0,1,3
23,Less than 25,Female,African-American,1,F,0,0,0,1,0
40,25 - 45,Male,Caucasian,0,F,0,0,0,0,2
65,Greater than 45,Male,Hispanic,2,M,0,0,0,1,3
22,Less than 25,Female,African-American,1,F,0,0,0,0,0
27,25 - 45,Female,Caucasian,0,M,0,0,0,1,1
23,Less than 25,Male,Hispanic,2,F,0,0,0,0,0
25,25 - 45,Male,African-American,3,F,0,0,0,1,0
47,Greater than 45,Male,African-American,14,M,0,0,0,0,3
27,25 - 45,Female,African-American,3,F,0,0,1,1,1
38,25 - 45,Male,African-American,16,M,2,3,0,1,2
27,25 - 45,Male,African-American,0,M,0,0,0,1,1
24,Less than 25,Male,Hispanic,0,M,0,0,0,0,0
30,25 - 45,Male,Caucasian,4,F,0,0,0,1,1
31,25 - 45,Male,African-American,1,F,0,0,0,0,1
33,25 - 45,Male,African-American,4,M,0,0,0,1,2
29,25 - 45,Female,African-American,2,F,0,0,0,1,1
38,25 - 45,Male,Other,0,M,0,0,0,0,2
56,Greater than 45,Male,African-American,31,F,0,0,0,1,3
26,25 - 45,Male,African-American,0,F,0,0,0,0,1
28,25 - 45,Female,African-American,5,F,0,0,0,0,1
43,25 - 45,Male,African-American,5,M,0,0,0,0,3
29,25 - 45,Male,African-American,2,F,0,0,0,1,1
22,Less than 25,Male,African-American,1,F,0,0,1,1,0
74,Greater than 45,Male,Caucasian,2,F,0,0,0,0,3
47,Greater than 45,Male,African-American,4,F,0,0,0,1,3
42,25 - 45,Female,Caucasian,4,F,0,0,0,1,2
43,25 - 45,Female,Caucasian,0,M,0,0,0,0,3
28,25 - 45,Female,African-American,6,M,0,0,0,1,1
24,Less than 25,Female,African-American,0,F,0,0,0,0,0
26,25 - 45,Male,Asian,2,F,0,0,0,1,1
56,Greater than 45,Male,African-American,0,M,0,0,0,0,3
47,Greater than 45,Male,Hispanic,3,M,0,0,0,1,3
49,Greater than 45,Male,Caucasian,0,F,0,0,0,0,3
36,25 - 45,Female,Other,1,M,0,0,0,0,2
36,25 - 45,Male,Hispanic,20,F,1,0,0,1,2
24,Less than 25,Female,Caucasian,1,F,0,0,0,0,0
30,25 - 45,Male,African-American,3,F,0,0,0,1,1
28,25 - 45,Male,Caucasian,11,F,0,0,0,0,1
50,Greater than 45,Female,Hispanic,1,F,0,0,0,1,3
39,25 - 45,Female,African-American,1,F,0,0,0,1,2
26,25 - 45,Female,African-American,4,F,0,0,0,1,1
56,Greater than 45,Male,African-American,4,F,0,0,0,0,3
58,Greater than 45,Male,Caucasian,8,M,0,0,0,0,3
33,25 - 45,Male,African-American,3,F,0,0,0,0,2
31,25 - 45,Female,African-American,9,F,0,0,0,1,1
35,25 - 45,Male,African-American,18,F,0,0,0,1,2
25,25 - 45,Male,Caucasian,5,M,4,0,0,0,0
25,25 - 45,Male,Caucasian,7,M,0,0,0,1,0
23,Less than 25,Male,African-American,0,F,0,0,1,0,0
20,Less than 25,Male,African-American,1,F,0,0,1,1,0
30,25 - 45,Female,Caucasian,3,F,0,0,0,0,1
29,25 - 45,Male,Caucasian,14,F,0,0,2,1,1
31,25 - 45,Male,Hispanic,1,M,0,0,0,0,1
39,25 - 45,Male,Caucasian,5,M,0,0,0,0,2
21,Less than 25,Male,African-American,0,F,0,0,0,1,0
46,Greater than 45,Male,African-American,13,F,0,0,0,1,3
44,25 - 45,Male,African-American,11,F,0,0,1,1,3
30,25 - 45,Male,Caucasian,2,F,0,0,0,0,1
35,25 - 45,Male,African-American,12,M,0,0,1,1,2
34,25 - 45,Male,Caucasian,4,F,0,0,0,0,2
26,25 - 45,Male,African-American,2,M,0,0,0,0,1
51,Greater than 45,Male,Caucasian,4,M,0,0,0,0,3
36,25 - 45,Male,African-American,0,M,0,0,0,0,2
26,25 - 45,Male,Caucasian,3,M,0,0,0,1,1
21,Less than 25,Male,African-American,1,F,0,0,0,0,0
59,Greater than 45,Male,African-American,5,M,0,0,0,0,3
29,25 - 45,Male,African-American,7,F,0,2,0,1,1
28,25 - 45,Male,Hispanic,1,F,0,0,0,0,1
37,25 - 45,Male,African-American,4,F,0,0,0,0,2
41,25 - 45,Male,Caucasian,0,M,0,0,0,0,2
31,25 - 45,Male,Hispanic,7,M,1,0,0,1,1
23,Less than 25,Male,African-American,0,F,0,0,0,1,0
54,Greater than 45,Female,Caucasian,1,M,0,0,0,0,3
30,25 - 45,Male,Caucasian,2,M,0,0,0,0,1
28,25 - 45,Male,Caucasian,0,M,0,0,0,1,1
22,Less than 25,Male,African-American,0,M,0,0,0,0,0
21,Less than 25,Male,African-American,0,F,0,0,0,1,0
27,25 - 45,Male,African-American,1,M,0,0,2,0,1
61,Greater than 45,Male,African-American,4,M,0,0,0,1,3
51,Greater than 45,Male,Caucasian,7,F,0,0,0,0,3
19,Less than 25,Male,African-American,1,F,1,0,0,1,0
60,Greater than 45,Male,Caucasian,0,M,0,0,0,1,3
22,Less than 25,Male,Hispanic,0,M,0,0,1,0,0
34,25 - 45,Male,Caucasian,1,F,0,0,0,0,2
22,Less than 25,Female,Caucasian,1,F,0,0,0,0,0
49,Greater than 45,Female,Caucasian,3,F,0,0,0,0,3
61,Greater than 45,Female,Caucasian,1,M,0,0,0,0,3
51,Greater than 45,Male,African-American,7,M,0,0,0,1,3
49,Greater than 45,Female,Caucasian,2,F,0,0,0,0,3
24,Less than 25,Female,African-American,0,F,0,0,0,1,0
36,25 - 45,Female,Caucasian,4,M,0,0,0,1,2
42,25 - 45,Male,Caucasian,5,F,0,0,0,0,2
36,25 - 45,Male,African-American,9,F,0,0,0,0,2
57,Greater than 45,Male,Caucasian,14,F,0,0,0,1,3
36,25 - 45,Male,Caucasian,0,M,0,0,0,0,2
34,25 - 45,Male,African-American,3,M,0,0,0,1,2
24,Less than 25,Male,African-American,2,M,0,0,0,1,0
67,Greater than 45,Male,Caucasian,2,F,0,0,0,0,3
32,25 - 45,Male,Caucasian,0,F,0,0,0,0,2
25,25 - 45,Male,African-American,1,F,0,0,0,0,0
30,25 - 45,Female,Caucasian,2,M,0,0,0,1,1
35,25 - 45,Male,African-American,8,M,0,0,0,1,2
43,25 - 45,Male,African-American,0,M,0,0,0,0,3
28,25 - 45,Male,African-American,1,F,0,0,0,0,1
32,25 - 45,Male,African-American,4,F,0,0,0,0,2
23,Less than 25,Male,Caucasian,0,F,0,0,0,0,0
20,Less than 25,Female,African-American,0,M,0,0,0,1,0
30,25 - 45,Male,African-American,19,F,0,1,0,1,1
26,25 - 45,Male,Hispanic,0,F,0,0,0,0,1
44,25 - 45,Male,Hispanic,0,F,0,0,0,0,3
30,25 - 45,Male,African-American,2,M,0,0,0,0,1
23,Less than 25,Male,Caucasian,5,M,0,2,1,1,0
21,Less than 25,Male,Caucasian,0,M,0,0,0,1,0
30,25 - 45,Male,African-American,0,M,0,0,0,1,1
20,Less than 25,Male,African-American,0,F,0,0,0,0,0
23,Less than 25,Male,African-American,0,F,0,0,0,0,0
23,Less than 25,Male,African-American,0,F,0,0,0,0,0
57,Greater than 45,Male,Other,0,F,0,0,0,0,3
33,25 - 45,Female,African-American,3,M,0,0,0,0,2
23,Less than 25,Female,Hispanic,2,F,0,0,0,1,0
